id,underlying,cp,strike,expiry,scheduled_last_trading_date,first_observed_quote_date,last_observed_quote_date,series_friday,multiplier,deliverable,standard_verified,terms_status,identity_status,membership_status,last_trade_status,multiplier_status,deliverable_status,terms_assumption,terms_source,risk_flags,field_provenance
AAPLA212800500.U,AAPL.O,C,5.0,2028-01-21,2028-01-21,2026-06-29,2026-09-30,2028-01-21,100,100 AAPL shares,False,research assumption,"official RIC-rule derivation, checked against available description/cache","direct historical quotation evidence, gated at each signal","rule/calendar derivation, distinct from final quote",research assumption,research assumption,"Treat ordinary AAPL OPRA calls as unadjusted standard American 100-share contracts, based on OCC specifications, ordinary identifiers, available descriptions and the corporate-action review. Not vendor-confirmed contract-by-contract historical deliverables.","[""https://www.theocc.com/clearance-and-settlement/clearing/equity-options-product-specifications"",""https://www.optionseducation.org/referencelibrary/faq/splits-mergers-spinoffs-bankruptcies"",""https://investor.apple.com/faq./default.aspx"",""https://infomemo.theocc.com/infomemos?number=47369""]",[],"{""corporate_actions"":{""apple_split_history"":""Apple public FAQ lists its last split in August 2020, before this sample."",""limitation"":""No detected conflicting corporate-action evidence; absence is not a vendor guarantee of every historical deliverable."",""provider_error"":null,""provider_events"":[],""provider_query_period"":[""2025-09-30"",""2026-09-30""],""sources"":[""https://investor.apple.com/faq./default.aspx"",""https://infomemo.theocc.com/infomemos?number=47369"",""https://www.theocc.com/clearance-and-settlement/clearing/equity-options-product-specifications"",""https://www.optionseducation.org/referencelibrary/faq/splits-mergers-spinoffs-bankruptcies""],""status"":""research screening, not a complete OCC memo search"",""unresolved_adjustment_event"":false},""current_description"":{""status"":""directly retrieved current metadata; not historical listing evidence""},""deliverable"":{""status"":""research assumption, not individually historically verified"",""value"":""100 AAPL shares""},""expiry"":{""status"":""RIC-derived; checked against source description/cache when available""},""historical_membership"":{""first"":""2026-06-29"",""last"":""2026-09-30"",""raw_sha256"":""b982ae6984293ce1d21ac9b766b896e2d853f900805526aae1c88e988f40f8e6"",""status"":""actual historical observations; per-signal availability gating""},""identity"":{""day_convention"":""zero-padded DD, instructor correction and retained real paired tests"",""fields"":[""underlying"",""cp"",""strike"",""expiry""],""source"":""https://developers.lseg.com/en/article-catalog/article/functions-to-find-option-rics-traded-on-different-exchanges"",""status"":""derived from official RIC rules""},""multiplier"":{""status"":""research assumption; supporting current lot-size metadata when available"",""value"":100},""scheduled_last_trading_date"":{""source"":""https://www.theocc.com/clearance-and-settlement/clearing/equity-options-product-specifications"",""status"":""rule/calendar-derived, not last observed quote""}}"
AAPLA212801000.U,AAPL.O,C,10.0,2028-01-21,2028-01-21,2026-06-29,2026-09-30,2028-01-21,100,100 AAPL shares,False,research assumption,"official RIC-rule derivation, checked against available description/cache","direct historical quotation evidence, gated at each signal","rule/calendar derivation, distinct from final quote",research assumption,research assumption,"Treat ordinary AAPL OPRA calls as unadjusted standard American 100-share contracts, based on OCC specifications, ordinary identifiers, available descriptions and the corporate-action review. Not vendor-confirmed contract-by-contract historical deliverables.","[""https://www.theocc.com/clearance-and-settlement/clearing/equity-options-product-specifications"",""https://www.optionseducation.org/referencelibrary/faq/splits-mergers-spinoffs-bankruptcies"",""https://investor.apple.com/faq./default.aspx"",""https://infomemo.theocc.com/infomemos?number=47369""]",[],"{""corporate_actions"":{""apple_split_history"":""Apple public FAQ lists its last split in August 2020, before this sample."",""limitation"":""No detected conflicting corporate-action evidence; absence is not a vendor guarantee of every historical deliverable."",""provider_error"":null,""provider_events"":[],""provider_query_period"":[""2025-09-30"",""2026-09-30""],""sources"":[""https://investor.apple.com/faq./default.aspx"",""https://infomemo.theocc.com/infomemos?number=47369"",""https://www.theocc.com/clearance-and-settlement/clearing/equity-options-product-specifications"",""https://www.optionseducation.org/referencelibrary/faq/splits-mergers-spinoffs-bankruptcies""],""status"":""research screening, not a complete OCC memo search"",""unresolved_adjustment_event"":false},""current_description"":{""status"":""directly retrieved current metadata; not historical listing evidence""},""deliverable"":{""status"":""research assumption, not individually historically verified"",""value"":""100 AAPL shares""},""expiry"":{""status"":""RIC-derived; checked against source description/cache when available""},""historical_membership"":{""first"":""2026-06-29"",""last"":""2026-09-30"",""raw_sha256"":""41e4713f2cae49fa09dcb2623ec93b2467050e63c3275d6ba3e985815a49954f"",""status"":""actual historical observations; per-signal availability gating""},""identity"":{""day_convention"":""zero-padded DD, instructor correction and retained real paired tests"",""fields"":[""underlying"",""cp"",""strike"",""expiry""],""source"":""https://developers.lseg.com/en/article-catalog/article/functions-to-find-option-rics-traded-on-different-exchanges"",""status"":""derived from official RIC rules""},""multiplier"":{""status"":""research assumption; supporting current lot-size metadata when available"",""value"":100},""scheduled_last_trading_date"":{""source"":""https://www.theocc.com/clearance-and-settlement/clearing/equity-options-product-specifications"",""status"":""rule/calendar-derived, not last observed quote""}}"
AAPLA212801500.U,AAPL.O,C,15.0,2028-01-21,2028-01-21,2026-06-29,2026-09-30,2028-01-21,100,100 AAPL shares,False,research assumption,"official RIC-rule derivation, checked against available description/cache","direct historical quotation evidence, gated at each signal","rule/calendar derivation, distinct from final quote",research assumption,research assumption,"Treat ordinary AAPL OPRA calls as unadjusted standard American 100-share contracts, based on OCC specifications, ordinary identifiers, available descriptions and the corporate-action review. Not vendor-confirmed contract-by-contract historical deliverables.","[""https://www.theocc.com/clearance-and-settlement/clearing/equity-options-product-specifications"",""https://www.optionseducation.org/referencelibrary/faq/splits-mergers-spinoffs-bankruptcies"",""https://investor.apple.com/faq./default.aspx"",""https://infomemo.theocc.com/infomemos?number=47369""]",[],"{""corporate_actions"":{""apple_split_history"":""Apple public FAQ lists its last split in August 2020, before this sample."",""limitation"":""No detected conflicting corporate-action evidence; absence is not a vendor guarantee of every historical deliverable."",""provider_error"":null,""provider_events"":[],""provider_query_period"":[""2025-09-30"",""2026-09-30""],""sources"":[""https://investor.apple.com/faq./default.aspx"",""https://infomemo.theocc.com/infomemos?number=47369"",""https://www.theocc.com/clearance-and-settlement/clearing/equity-options-product-specifications"",""https://www.optionseducation.org/referencelibrary/faq/splits-mergers-spinoffs-bankruptcies""],""status"":""research screening, not a complete OCC memo search"",""unresolved_adjustment_event"":false},""current_description"":{""status"":""directly retrieved current metadata; not historical listing evidence""},""deliverable"":{""status"":""research assumption, not individually historically verified"",""value"":""100 AAPL shares""},""expiry"":{""status"":""RIC-derived; checked against source description/cache when available""},""historical_membership"":{""first"":""2026-06-29"",""last"":""2026-09-30"",""raw_sha256"":""fd8ce17fa97c22a483e5e60d023e9d1c398347e0e9a4522037e192455da3fc1f"",""status"":""actual historical observations; per-signal availability gating""},""identity"":{""day_convention"":""zero-padded DD, instructor correction and retained real paired tests"",""fields"":[""underlying"",""cp"",""strike"",""expiry""],""source"":""https://developers.lseg.com/en/article-catalog/article/functions-to-find-option-rics-traded-on-different-exchanges"",""status"":""derived from official RIC rules""},""multiplier"":{""status"":""research assumption; supporting current lot-size metadata when available"",""value"":100},""scheduled_last_trading_date"":{""source"":""https://www.theocc.com/clearance-and-settlement/clearing/equity-options-product-specifications"",""status"":""rule/calendar-derived, not last observed quote""}}"
AAPLA212802000.U,AAPL.O,C,20.0,2028-01-21,2028-01-21,2026-06-29,2026-09-30,2028-01-21,100,100 AAPL shares,False,research assumption,"official RIC-rule derivation, checked against available description/cache","direct historical quotation evidence, gated at each signal","rule/calendar derivation, distinct from final quote",research assumption,research assumption,"Treat ordinary AAPL OPRA calls as unadjusted standard American 100-share contracts, based on OCC specifications, ordinary identifiers, available descriptions and the corporate-action review. Not vendor-confirmed contract-by-contract historical deliverables.","[""https://www.theocc.com/clearance-and-settlement/clearing/equity-options-product-specifications"",""https://www.optionseducation.org/referencelibrary/faq/splits-mergers-spinoffs-bankruptcies"",""https://investor.apple.com/faq./default.aspx"",""https://infomemo.theocc.com/infomemos?number=47369""]",[],"{""corporate_actions"":{""apple_split_history"":""Apple public FAQ lists its last split in August 2020, before this sample."",""limitation"":""No detected conflicting corporate-action evidence; absence is not a vendor guarantee of every historical deliverable."",""provider_error"":null,""provider_events"":[],""provider_query_period"":[""2025-09-30"",""2026-09-30""],""sources"":[""https://investor.apple.com/faq./default.aspx"",""https://infomemo.theocc.com/infomemos?number=47369"",""https://www.theocc.com/clearance-and-settlement/clearing/equity-options-product-specifications"",""https://www.optionseducation.org/referencelibrary/faq/splits-mergers-spinoffs-bankruptcies""],""status"":""research screening, not a complete OCC memo search"",""unresolved_adjustment_event"":false},""current_description"":{""status"":""directly retrieved current metadata; not historical listing evidence""},""deliverable"":{""status"":""research assumption, not individually historically verified"",""value"":""100 AAPL shares""},""expiry"":{""status"":""RIC-derived; checked against source description/cache when available""},""historical_membership"":{""first"":""2026-06-29"",""last"":""2026-09-30"",""raw_sha256"":""27853daf0e507f86c2e96f9137b3ca3411b07553e7dadf39a85525727ecd2287"",""status"":""actual historical observations; per-signal availability gating""},""identity"":{""day_convention"":""zero-padded DD, instructor correction and retained real paired tests"",""fields"":[""underlying"",""cp"",""strike"",""expiry""],""source"":""https://developers.lseg.com/en/article-catalog/article/functions-to-find-option-rics-traded-on-different-exchanges"",""status"":""derived from official RIC rules""},""multiplier"":{""status"":""research assumption; supporting current lot-size metadata when available"",""value"":100},""scheduled_last_trading_date"":{""source"":""https://www.theocc.com/clearance-and-settlement/clearing/equity-options-product-specifications"",""status"":""rule/calendar-derived, not last observed quote""}}"
AAPLA212802500.U,AAPL.O,C,25.0,2028-01-21,2028-01-21,2026-06-29,2026-09-30,2028-01-21,100,100 AAPL shares,False,research assumption,"official RIC-rule derivation, checked against available description/cache","direct historical quotation evidence, gated at each signal","rule/calendar derivation, distinct from final quote",research assumption,research assumption,"Treat ordinary AAPL OPRA calls as unadjusted standard American 100-share contracts, based on OCC specifications, ordinary identifiers, available descriptions and the corporate-action review. Not vendor-confirmed contract-by-contract historical deliverables.","[""https://www.theocc.com/clearance-and-settlement/clearing/equity-options-product-specifications"",""https://www.optionseducation.org/referencelibrary/faq/splits-mergers-spinoffs-bankruptcies"",""https://investor.apple.com/faq./default.aspx"",""https://infomemo.theocc.com/infomemos?number=47369""]",[],"{""corporate_actions"":{""apple_split_history"":""Apple public FAQ lists its last split in August 2020, before this sample."",""limitation"":""No detected conflicting corporate-action evidence; absence is not a vendor guarantee of every historical deliverable."",""provider_error"":null,""provider_events"":[],""provider_query_period"":[""2025-09-30"",""2026-09-30""],""sources"":[""https://investor.apple.com/faq./default.aspx"",""https://infomemo.theocc.com/infomemos?number=47369"",""https://www.theocc.com/clearance-and-settlement/clearing/equity-options-product-specifications"",""https://www.optionseducation.org/referencelibrary/faq/splits-mergers-spinoffs-bankruptcies""],""status"":""research screening, not a complete OCC memo search"",""unresolved_adjustment_event"":false},""current_description"":{""status"":""directly retrieved current metadata; not historical listing evidence""},""deliverable"":{""status"":""research assumption, not individually historically verified"",""value"":""100 AAPL shares""},""expiry"":{""status"":""RIC-derived; checked against source description/cache when available""},""historical_membership"":{""first"":""2026-06-29"",""last"":""2026-09-30"",""raw_sha256"":""40b58ebca291c6bdc515104ab5196fbe783cb2335d97ba8ecd926788b07c79cf"",""status"":""actual historical observations; per-signal availability gating""},""identity"":{""day_convention"":""zero-padded DD, instructor correction and retained real paired tests"",""fields"":[""underlying"",""cp"",""strike"",""expiry""],""source"":""https://developers.lseg.com/en/article-catalog/article/functions-to-find-option-rics-traded-on-different-exchanges"",""status"":""derived from official RIC rules""},""multiplier"":{""status"":""research assumption; supporting current lot-size metadata when available"",""value"":100},""scheduled_last_trading_date"":{""source"":""https://www.theocc.com/clearance-and-settlement/clearing/equity-options-product-specifications"",""status"":""rule/calendar-derived, not last observed quote""}}"
AAPLA212803000.U,AAPL.O,C,30.0,2028-01-21,2028-01-21,2026-06-29,2026-09-30,2028-01-21,100,100 AAPL shares,False,research assumption,"official RIC-rule derivation, checked against available description/cache","direct historical quotation evidence, gated at each signal","rule/calendar derivation, distinct from final quote",research assumption,research assumption,"Treat ordinary AAPL OPRA calls as unadjusted standard American 100-share contracts, based on OCC specifications, ordinary identifiers, available descriptions and the corporate-action review. Not vendor-confirmed contract-by-contract historical deliverables.","[""https://www.theocc.com/clearance-and-settlement/clearing/equity-options-product-specifications"",""https://www.optionseducation.org/referencelibrary/faq/splits-mergers-spinoffs-bankruptcies"",""https://investor.apple.com/faq./default.aspx"",""https://infomemo.theocc.com/infomemos?number=47369""]",[],"{""corporate_actions"":{""apple_split_history"":""Apple public FAQ lists its last split in August 2020, before this sample."",""limitation"":""No detected conflicting corporate-action evidence; absence is not a vendor guarantee of every historical deliverable."",""provider_error"":null,""provider_events"":[],""provider_query_period"":[""2025-09-30"",""2026-09-30""],""sources"":[""https://investor.apple.com/faq./default.aspx"",""https://infomemo.theocc.com/infomemos?number=47369"",""https://www.theocc.com/clearance-and-settlement/clearing/equity-options-product-specifications"",""https://www.optionseducation.org/referencelibrary/faq/splits-mergers-spinoffs-bankruptcies""],""status"":""research screening, not a complete OCC memo search"",""unresolved_adjustment_event"":false},""current_description"":{""status"":""directly retrieved current metadata; not historical listing evidence""},""deliverable"":{""status"":""research assumption, not individually historically verified"",""value"":""100 AAPL shares""},""expiry"":{""status"":""RIC-derived; checked against source description/cache when available""},""historical_membership"":{""first"":""2026-06-29"",""last"":""2026-09-30"",""raw_sha256"":""e7e04baca043d387ab7c4812f9de6f910cc59153d3489f1207b95048a102329a"",""status"":""actual historical observations; per-signal availability gating""},""identity"":{""day_convention"":""zero-padded DD, instructor correction and retained real paired tests"",""fields"":[""underlying"",""cp"",""strike"",""expiry""],""source"":""https://developers.lseg.com/en/article-catalog/article/functions-to-find-option-rics-traded-on-different-exchanges"",""status"":""derived from official RIC rules""},""multiplier"":{""status"":""research assumption; supporting current lot-size metadata when available"",""value"":100},""scheduled_last_trading_date"":{""source"":""https://www.theocc.com/clearance-and-settlement/clearing/equity-options-product-specifications"",""status"":""rule/calendar-derived, not last observed quote""}}"
AAPLA212803500.U,AAPL.O,C,35.0,2028-01-21,2028-01-21,2026-06-29,2026-09-30,2028-01-21,100,100 AAPL shares,False,research assumption,"official RIC-rule derivation, checked against available description/cache","direct historical quotation evidence, gated at each signal","rule/calendar derivation, distinct from final quote",research assumption,research assumption,"Treat ordinary AAPL OPRA calls as unadjusted standard American 100-share contracts, based on OCC specifications, ordinary identifiers, available descriptions and the corporate-action review. Not vendor-confirmed contract-by-contract historical deliverables.","[""https://www.theocc.com/clearance-and-settlement/clearing/equity-options-product-specifications"",""https://www.optionseducation.org/referencelibrary/faq/splits-mergers-spinoffs-bankruptcies"",""https://investor.apple.com/faq./default.aspx"",""https://infomemo.theocc.com/infomemos?number=47369""]",[],"{""corporate_actions"":{""apple_split_history"":""Apple public FAQ lists its last split in August 2020, before this sample."",""limitation"":""No detected conflicting corporate-action evidence; absence is not a vendor guarantee of every historical deliverable."",""provider_error"":null,""provider_events"":[],""provider_query_period"":[""2025-09-30"",""2026-09-30""],""sources"":[""https://investor.apple.com/faq./default.aspx"",""https://infomemo.theocc.com/infomemos?number=47369"",""https://www.theocc.com/clearance-and-settlement/clearing/equity-options-product-specifications"",""https://www.optionseducation.org/referencelibrary/faq/splits-mergers-spinoffs-bankruptcies""],""status"":""research screening, not a complete OCC memo search"",""unresolved_adjustment_event"":false},""current_description"":{""status"":""directly retrieved current metadata; not historical listing evidence""},""deliverable"":{""status"":""research assumption, not individually historically verified"",""value"":""100 AAPL shares""},""expiry"":{""status"":""RIC-derived; checked against source description/cache when available""},""historical_membership"":{""first"":""2026-06-29"",""last"":""2026-09-30"",""raw_sha256"":""de7eb25914a81845c761620c495e6a9be71abcdfff8d39a7443968ab515a1dec"",""status"":""actual historical observations; per-signal availability gating""},""identity"":{""day_convention"":""zero-padded DD, instructor correction and retained real paired tests"",""fields"":[""underlying"",""cp"",""strike"",""expiry""],""source"":""https://developers.lseg.com/en/article-catalog/article/functions-to-find-option-rics-traded-on-different-exchanges"",""status"":""derived from official RIC rules""},""multiplier"":{""status"":""research assumption; supporting current lot-size metadata when available"",""value"":100},""scheduled_last_trading_date"":{""source"":""https://www.theocc.com/clearance-and-settlement/clearing/equity-options-product-specifications"",""status"":""rule/calendar-derived, not last observed quote""}}"
AAPLA212804000.U,AAPL.O,C,40.0,2028-01-21,2028-01-21,2026-06-29,2026-09-30,2028-01-21,100,100 AAPL shares,False,research assumption,"official RIC-rule derivation, checked against available description/cache","direct historical quotation evidence, gated at each signal","rule/calendar derivation, distinct from final quote",research assumption,research assumption,"Treat ordinary AAPL OPRA calls as unadjusted standard American 100-share contracts, based on OCC specifications, ordinary identifiers, available descriptions and the corporate-action review. Not vendor-confirmed contract-by-contract historical deliverables.","[""https://www.theocc.com/clearance-and-settlement/clearing/equity-options-product-specifications"",""https://www.optionseducation.org/referencelibrary/faq/splits-mergers-spinoffs-bankruptcies"",""https://investor.apple.com/faq./default.aspx"",""https://infomemo.theocc.com/infomemos?number=47369""]",[],"{""corporate_actions"":{""apple_split_history"":""Apple public FAQ lists its last split in August 2020, before this sample."",""limitation"":""No detected conflicting corporate-action evidence; absence is not a vendor guarantee of every historical deliverable."",""provider_error"":null,""provider_events"":[],""provider_query_period"":[""2025-09-30"",""2026-09-30""],""sources"":[""https://investor.apple.com/faq./default.aspx"",""https://infomemo.theocc.com/infomemos?number=47369"",""https://www.theocc.com/clearance-and-settlement/clearing/equity-options-product-specifications"",""https://www.optionseducation.org/referencelibrary/faq/splits-mergers-spinoffs-bankruptcies""],""status"":""research screening, not a complete OCC memo search"",""unresolved_adjustment_event"":false},""current_description"":{""status"":""directly retrieved current metadata; not historical listing evidence""},""deliverable"":{""status"":""research assumption, not individually historically verified"",""value"":""100 AAPL shares""},""expiry"":{""status"":""RIC-derived; checked against source description/cache when available""},""historical_membership"":{""first"":""2026-06-29"",""last"":""2026-09-30"",""raw_sha256"":""e02620d3b05ab04ed594ac408ff0661af09d99ddff67b55f018b4fdd1ab60fa0"",""status"":""actual historical observations; per-signal availability gating""},""identity"":{""day_convention"":""zero-padded DD, instructor correction and retained real paired tests"",""fields"":[""underlying"",""cp"",""strike"",""expiry""],""source"":""https://developers.lseg.com/en/article-catalog/article/functions-to-find-option-rics-traded-on-different-exchanges"",""status"":""derived from official RIC rules""},""multiplier"":{""status"":""research assumption; supporting current lot-size metadata when available"",""value"":100},""scheduled_last_trading_date"":{""source"":""https://www.theocc.com/clearance-and-settlement/clearing/equity-options-product-specifications"",""status"":""rule/calendar-derived, not last observed quote""}}"
AAPLA212804500.U,AAPL.O,C,45.0,2028-01-21,2028-01-21,2026-06-29,2026-09-30,2028-01-21,100,100 AAPL shares,False,research assumption,"official RIC-rule derivation, checked against available description/cache","direct historical quotation evidence, gated at each signal","rule/calendar derivation, distinct from final quote",research assumption,research assumption,"Treat ordinary AAPL OPRA calls as unadjusted standard American 100-share contracts, based on OCC specifications, ordinary identifiers, available descriptions and the corporate-action review. Not vendor-confirmed contract-by-contract historical deliverables.","[""https://www.theocc.com/clearance-and-settlement/clearing/equity-options-product-specifications"",""https://www.optionseducation.org/referencelibrary/faq/splits-mergers-spinoffs-bankruptcies"",""https://investor.apple.com/faq./default.aspx"",""https://infomemo.theocc.com/infomemos?number=47369""]",[],"{""corporate_actions"":{""apple_split_history"":""Apple public FAQ lists its last split in August 2020, before this sample."",""limitation"":""No detected conflicting corporate-action evidence; absence is not a vendor guarantee of every historical deliverable."",""provider_error"":null,""provider_events"":[],""provider_query_period"":[""2025-09-30"",""2026-09-30""],""sources"":[""https://investor.apple.com/faq./default.aspx"",""https://infomemo.theocc.com/infomemos?number=47369"",""https://www.theocc.com/clearance-and-settlement/clearing/equity-options-product-specifications"",""https://www.optionseducation.org/referencelibrary/faq/splits-mergers-spinoffs-bankruptcies""],""status"":""research screening, not a complete OCC memo search"",""unresolved_adjustment_event"":false},""current_description"":{""status"":""directly retrieved current metadata; not historical listing evidence""},""deliverable"":{""status"":""research assumption, not individually historically verified"",""value"":""100 AAPL shares""},""expiry"":{""status"":""RIC-derived; checked against source description/cache when available""},""historical_membership"":{""first"":""2026-06-29"",""last"":""2026-09-30"",""raw_sha256"":""b36ca8440f3725404fbd03eb22e5fa30ab26f65223dc6aaa8f9891eddde99677"",""status"":""actual historical observations; per-signal availability gating""},""identity"":{""day_convention"":""zero-padded DD, instructor correction and retained real paired tests"",""fields"":[""underlying"",""cp"",""strike"",""expiry""],""source"":""https://developers.lseg.com/en/article-catalog/article/functions-to-find-option-rics-traded-on-different-exchanges"",""status"":""derived from official RIC rules""},""multiplier"":{""status"":""research assumption; supporting current lot-size metadata when available"",""value"":100},""scheduled_last_trading_date"":{""source"":""https://www.theocc.com/clearance-and-settlement/clearing/equity-options-product-specifications"",""status"":""rule/calendar-derived, not last observed quote""}}"
AAPLA212805000.U,AAPL.O,C,50.0,2028-01-21,2028-01-21,2026-06-29,2026-09-30,2028-01-21,100,100 AAPL shares,False,research assumption,"official RIC-rule derivation, checked against available description/cache","direct historical quotation evidence, gated at each signal","rule/calendar derivation, distinct from final quote",research assumption,research assumption,"Treat ordinary AAPL OPRA calls as unadjusted standard American 100-share contracts, based on OCC specifications, ordinary identifiers, available descriptions and the corporate-action review. Not vendor-confirmed contract-by-contract historical deliverables.","[""https://www.theocc.com/clearance-and-settlement/clearing/equity-options-product-specifications"",""https://www.optionseducation.org/referencelibrary/faq/splits-mergers-spinoffs-bankruptcies"",""https://investor.apple.com/faq./default.aspx"",""https://infomemo.theocc.com/infomemos?number=47369""]",[],"{""corporate_actions"":{""apple_split_history"":""Apple public FAQ lists its last split in August 2020, before this sample."",""limitation"":""No detected conflicting corporate-action evidence; absence is not a vendor guarantee of every historical deliverable."",""provider_error"":null,""provider_events"":[],""provider_query_period"":[""2025-09-30"",""2026-09-30""],""sources"":[""https://investor.apple.com/faq./default.aspx"",""https://infomemo.theocc.com/infomemos?number=47369"",""https://www.theocc.com/clearance-and-settlement/clearing/equity-options-product-specifications"",""https://www.optionseducation.org/referencelibrary/faq/splits-mergers-spinoffs-bankruptcies""],""status"":""research screening, not a complete OCC memo search"",""unresolved_adjustment_event"":false},""current_description"":{""status"":""directly retrieved current metadata; not historical listing evidence""},""deliverable"":{""status"":""research assumption, not individually historically verified"",""value"":""100 AAPL shares""},""expiry"":{""status"":""RIC-derived; checked against source description/cache when available""},""historical_membership"":{""first"":""2026-06-29"",""last"":""2026-09-30"",""raw_sha256"":""e11d51f6da39e48e007623f349783f034cfb59a03483b7c1888e25df90c4e7c3"",""status"":""actual historical observations; per-signal availability gating""},""identity"":{""day_convention"":""zero-padded DD, instructor correction and retained real paired tests"",""fields"":[""underlying"",""cp"",""strike"",""expiry""],""source"":""https://developers.lseg.com/en/article-catalog/article/functions-to-find-option-rics-traded-on-different-exchanges"",""status"":""derived from official RIC rules""},""multiplier"":{""status"":""research assumption; supporting current lot-size metadata when available"",""value"":100},""scheduled_last_trading_date"":{""source"":""https://www.theocc.com/clearance-and-settlement/clearing/equity-options-product-specifications"",""status"":""rule/calendar-derived, not last observed quote""}}"
AAPLA212806000.U,AAPL.O,C,60.0,2028-01-21,2028-01-21,2026-06-29,2026-09-30,2028-01-21,100,100 AAPL shares,False,research assumption,"official RIC-rule derivation, checked against available description/cache","direct historical quotation evidence, gated at each signal","rule/calendar derivation, distinct from final quote",research assumption,research assumption,"Treat ordinary AAPL OPRA calls as unadjusted standard American 100-share contracts, based on OCC specifications, ordinary identifiers, available descriptions and the corporate-action review. Not vendor-confirmed contract-by-contract historical deliverables.","[""https://www.theocc.com/clearance-and-settlement/clearing/equity-options-product-specifications"",""https://www.optionseducation.org/referencelibrary/faq/splits-mergers-spinoffs-bankruptcies"",""https://investor.apple.com/faq./default.aspx"",""https://infomemo.theocc.com/infomemos?number=47369""]",[],"{""corporate_actions"":{""apple_split_history"":""Apple public FAQ lists its last split in August 2020, before this sample."",""limitation"":""No detected conflicting corporate-action evidence; absence is not a vendor guarantee of every historical deliverable."",""provider_error"":null,""provider_events"":[],""provider_query_period"":[""2025-09-30"",""2026-09-30""],""sources"":[""https://investor.apple.com/faq./default.aspx"",""https://infomemo.theocc.com/infomemos?number=47369"",""https://www.theocc.com/clearance-and-settlement/clearing/equity-options-product-specifications"",""https://www.optionseducation.org/referencelibrary/faq/splits-mergers-spinoffs-bankruptcies""],""status"":""research screening, not a complete OCC memo search"",""unresolved_adjustment_event"":false},""current_description"":{""status"":""directly retrieved current metadata; not historical listing evidence""},""deliverable"":{""status"":""research assumption, not individually historically verified"",""value"":""100 AAPL shares""},""expiry"":{""status"":""RIC-derived; checked against source description/cache when available""},""historical_membership"":{""first"":""2026-06-29"",""last"":""2026-09-30"",""raw_sha256"":""98691ab28bb399fe6cc4483b2ff2e7a3d2785f3fe27663d3d3562ee82264713a"",""status"":""actual historical observations; per-signal availability gating""},""identity"":{""day_convention"":""zero-padded DD, instructor correction and retained real paired tests"",""fields"":[""underlying"",""cp"",""strike"",""expiry""],""source"":""https://developers.lseg.com/en/article-catalog/article/functions-to-find-option-rics-traded-on-different-exchanges"",""status"":""derived from official RIC rules""},""multiplier"":{""status"":""research assumption; supporting current lot-size metadata when available"",""value"":100},""scheduled_last_trading_date"":{""source"":""https://www.theocc.com/clearance-and-settlement/clearing/equity-options-product-specifications"",""status"":""rule/calendar-derived, not last observed quote""}}"
AAPLA212807000.U,AAPL.O,C,70.0,2028-01-21,2028-01-21,2026-06-29,2026-09-30,2028-01-21,100,100 AAPL shares,False,research assumption,"official RIC-rule derivation, checked against available description/cache","direct historical quotation evidence, gated at each signal","rule/calendar derivation, distinct from final quote",research assumption,research assumption,"Treat ordinary AAPL OPRA calls as unadjusted standard American 100-share contracts, based on OCC specifications, ordinary identifiers, available descriptions and the corporate-action review. Not vendor-confirmed contract-by-contract historical deliverables.","[""https://www.theocc.com/clearance-and-settlement/clearing/equity-options-product-specifications"",""https://www.optionseducation.org/referencelibrary/faq/splits-mergers-spinoffs-bankruptcies"",""https://investor.apple.com/faq./default.aspx"",""https://infomemo.theocc.com/infomemos?number=47369""]",[],"{""corporate_actions"":{""apple_split_history"":""Apple public FAQ lists its last split in August 2020, before this sample."",""limitation"":""No detected conflicting corporate-action evidence; absence is not a vendor guarantee of every historical deliverable."",""provider_error"":null,""provider_events"":[],""provider_query_period"":[""2025-09-30"",""2026-09-30""],""sources"":[""https://investor.apple.com/faq./default.aspx"",""https://infomemo.theocc.com/infomemos?number=47369"",""https://www.theocc.com/clearance-and-settlement/clearing/equity-options-product-specifications"",""https://www.optionseducation.org/referencelibrary/faq/splits-mergers-spinoffs-bankruptcies""],""status"":""research screening, not a complete OCC memo search"",""unresolved_adjustment_event"":false},""current_description"":{""status"":""directly retrieved current metadata; not historical listing evidence""},""deliverable"":{""status"":""research assumption, not individually historically verified"",""value"":""100 AAPL shares""},""expiry"":{""status"":""RIC-derived; checked against source description/cache when available""},""historical_membership"":{""first"":""2026-06-29"",""last"":""2026-09-30"",""raw_sha256"":""71c5e91ad2326476b5968225063311734814e019081a55a926fc3b957dddac10"",""status"":""actual historical observations; per-signal availability gating""},""identity"":{""day_convention"":""zero-padded DD, instructor correction and retained real paired tests"",""fields"":[""underlying"",""cp"",""strike"",""expiry""],""source"":""https://developers.lseg.com/en/article-catalog/article/functions-to-find-option-rics-traded-on-different-exchanges"",""status"":""derived from official RIC rules""},""multiplier"":{""status"":""research assumption; supporting current lot-size metadata when available"",""value"":100},""scheduled_last_trading_date"":{""source"":""https://www.theocc.com/clearance-and-settlement/clearing/equity-options-product-specifications"",""status"":""rule/calendar-derived, not last observed quote""}}"
AAPLA212808000.U,AAPL.O,C,80.0,2028-01-21,2028-01-21,2026-06-29,2026-09-30,2028-01-21,100,100 AAPL shares,False,research assumption,"official RIC-rule derivation, checked against available description/cache","direct historical quotation evidence, gated at each signal","rule/calendar derivation, distinct from final quote",research assumption,research assumption,"Treat ordinary AAPL OPRA calls as unadjusted standard American 100-share contracts, based on OCC specifications, ordinary identifiers, available descriptions and the corporate-action review. Not vendor-confirmed contract-by-contract historical deliverables.","[""https://www.theocc.com/clearance-and-settlement/clearing/equity-options-product-specifications"",""https://www.optionseducation.org/referencelibrary/faq/splits-mergers-spinoffs-bankruptcies"",""https://investor.apple.com/faq./default.aspx"",""https://infomemo.theocc.com/infomemos?number=47369""]",[],"{""corporate_actions"":{""apple_split_history"":""Apple public FAQ lists its last split in August 2020, before this sample."",""limitation"":""No detected conflicting corporate-action evidence; absence is not a vendor guarantee of every historical deliverable."",""provider_error"":null,""provider_events"":[],""provider_query_period"":[""2025-09-30"",""2026-09-30""],""sources"":[""https://investor.apple.com/faq./default.aspx"",""https://infomemo.theocc.com/infomemos?number=47369"",""https://www.theocc.com/clearance-and-settlement/clearing/equity-options-product-specifications"",""https://www.optionseducation.org/referencelibrary/faq/splits-mergers-spinoffs-bankruptcies""],""status"":""research screening, not a complete OCC memo search"",""unresolved_adjustment_event"":false},""current_description"":{""status"":""directly retrieved current metadata; not historical listing evidence""},""deliverable"":{""status"":""research assumption, not individually historically verified"",""value"":""100 AAPL shares""},""expiry"":{""status"":""RIC-derived; checked against source description/cache when available""},""historical_membership"":{""first"":""2026-06-29"",""last"":""2026-09-30"",""raw_sha256"":""7d2ee476c82847b1bae0f6d2ce30102bd0ab0b31d53d8378c3b7b1dcd77ced96"",""status"":""actual historical observations; per-signal availability gating""},""identity"":{""day_convention"":""zero-padded DD, instructor correction and retained real paired tests"",""fields"":[""underlying"",""cp"",""strike"",""expiry""],""source"":""https://developers.lseg.com/en/article-catalog/article/functions-to-find-option-rics-traded-on-different-exchanges"",""status"":""derived from official RIC rules""},""multiplier"":{""status"":""research assumption; supporting current lot-size metadata when available"",""value"":100},""scheduled_last_trading_date"":{""source"":""https://www.theocc.com/clearance-and-settlement/clearing/equity-options-product-specifications"",""status"":""rule/calendar-derived, not last observed quote""}}"
AAPLA212809000.U,AAPL.O,C,90.0,2028-01-21,2028-01-21,2026-06-29,2026-09-30,2028-01-21,100,100 AAPL shares,False,research assumption,"official RIC-rule derivation, checked against available description/cache","direct historical quotation evidence, gated at each signal","rule/calendar derivation, distinct from final quote",research assumption,research assumption,"Treat ordinary AAPL OPRA calls as unadjusted standard American 100-share contracts, based on OCC specifications, ordinary identifiers, available descriptions and the corporate-action review. Not vendor-confirmed contract-by-contract historical deliverables.","[""https://www.theocc.com/clearance-and-settlement/clearing/equity-options-product-specifications"",""https://www.optionseducation.org/referencelibrary/faq/splits-mergers-spinoffs-bankruptcies"",""https://investor.apple.com/faq./default.aspx"",""https://infomemo.theocc.com/infomemos?number=47369""]",[],"{""corporate_actions"":{""apple_split_history"":""Apple public FAQ lists its last split in August 2020, before this sample."",""limitation"":""No detected conflicting corporate-action evidence; absence is not a vendor guarantee of every historical deliverable."",""provider_error"":null,""provider_events"":[],""provider_query_period"":[""2025-09-30"",""2026-09-30""],""sources"":[""https://investor.apple.com/faq./default.aspx"",""https://infomemo.theocc.com/infomemos?number=47369"",""https://www.theocc.com/clearance-and-settlement/clearing/equity-options-product-specifications"",""https://www.optionseducation.org/referencelibrary/faq/splits-mergers-spinoffs-bankruptcies""],""status"":""research screening, not a complete OCC memo search"",""unresolved_adjustment_event"":false},""current_description"":{""status"":""directly retrieved current metadata; not historical listing evidence""},""deliverable"":{""status"":""research assumption, not individually historically verified"",""value"":""100 AAPL shares""},""expiry"":{""status"":""RIC-derived; checked against source description/cache when available""},""historical_membership"":{""first"":""2026-06-29"",""last"":""2026-09-30"",""raw_sha256"":""0351d9c2bb6c086e4789a756047f92b61364a39e84bf708b03584fe0c007ed37"",""status"":""actual historical observations; per-signal availability gating""},""identity"":{""day_convention"":""zero-padded DD, instructor correction and retained real paired tests"",""fields"":[""underlying"",""cp"",""strike"",""expiry""],""source"":""https://developers.lseg.com/en/article-catalog/article/functions-to-find-option-rics-traded-on-different-exchanges"",""status"":""derived from official RIC rules""},""multiplier"":{""status"":""research assumption; supporting current lot-size metadata when available"",""value"":100},""scheduled_last_trading_date"":{""source"":""https://www.theocc.com/clearance-and-settlement/clearing/equity-options-product-specifications"",""status"":""rule/calendar-derived, not last observed quote""}}"
AAPLA212810000.U,AAPL.O,C,100.0,2028-01-21,2028-01-21,2026-06-29,2026-09-30,2028-01-21,100,100 AAPL shares,False,research assumption,"official RIC-rule derivation, checked against available description/cache","direct historical quotation evidence, gated at each signal","rule/calendar derivation, distinct from final quote",research assumption,research assumption,"Treat ordinary AAPL OPRA calls as unadjusted standard American 100-share contracts, based on OCC specifications, ordinary identifiers, available descriptions and the corporate-action review. Not vendor-confirmed contract-by-contract historical deliverables.","[""https://www.theocc.com/clearance-and-settlement/clearing/equity-options-product-specifications"",""https://www.optionseducation.org/referencelibrary/faq/splits-mergers-spinoffs-bankruptcies"",""https://investor.apple.com/faq./default.aspx"",""https://infomemo.theocc.com/infomemos?number=47369""]",[],"{""corporate_actions"":{""apple_split_history"":""Apple public FAQ lists its last split in August 2020, before this sample."",""limitation"":""No detected conflicting corporate-action evidence; absence is not a vendor guarantee of every historical deliverable."",""provider_error"":null,""provider_events"":[],""provider_query_period"":[""2025-09-30"",""2026-09-30""],""sources"":[""https://investor.apple.com/faq./default.aspx"",""https://infomemo.theocc.com/infomemos?number=47369"",""https://www.theocc.com/clearance-and-settlement/clearing/equity-options-product-specifications"",""https://www.optionseducation.org/referencelibrary/faq/splits-mergers-spinoffs-bankruptcies""],""status"":""research screening, not a complete OCC memo search"",""unresolved_adjustment_event"":false},""current_description"":{""status"":""directly retrieved current metadata; not historical listing evidence""},""deliverable"":{""status"":""research assumption, not individually historically verified"",""value"":""100 AAPL shares""},""expiry"":{""status"":""RIC-derived; checked against source description/cache when available""},""historical_membership"":{""first"":""2026-06-29"",""last"":""2026-09-30"",""raw_sha256"":""9f8db6487fa15789b752107198058b8eb0f72ccc2f950ea693158ad9dbcf534f"",""status"":""actual historical observations; per-signal availability gating""},""identity"":{""day_convention"":""zero-padded DD, instructor correction and retained real paired tests"",""fields"":[""underlying"",""cp"",""strike"",""expiry""],""source"":""https://developers.lseg.com/en/article-catalog/article/functions-to-find-option-rics-traded-on-different-exchanges"",""status"":""derived from official RIC rules""},""multiplier"":{""status"":""research assumption; supporting current lot-size metadata when available"",""value"":100},""scheduled_last_trading_date"":{""source"":""https://www.theocc.com/clearance-and-settlement/clearing/equity-options-product-specifications"",""status"":""rule/calendar-derived, not last observed quote""}}"
AAPLA212811000.U,AAPL.O,C,110.0,2028-01-21,2028-01-21,2026-06-29,2026-09-30,2028-01-21,100,100 AAPL shares,False,research assumption,"official RIC-rule derivation, checked against available description/cache","direct historical quotation evidence, gated at each signal","rule/calendar derivation, distinct from final quote",research assumption,research assumption,"Treat ordinary AAPL OPRA calls as unadjusted standard American 100-share contracts, based on OCC specifications, ordinary identifiers, available descriptions and the corporate-action review. Not vendor-confirmed contract-by-contract historical deliverables.","[""https://www.theocc.com/clearance-and-settlement/clearing/equity-options-product-specifications"",""https://www.optionseducation.org/referencelibrary/faq/splits-mergers-spinoffs-bankruptcies"",""https://investor.apple.com/faq./default.aspx"",""https://infomemo.theocc.com/infomemos?number=47369""]",[],"{""corporate_actions"":{""apple_split_history"":""Apple public FAQ lists its last split in August 2020, before this sample."",""limitation"":""No detected conflicting corporate-action evidence; absence is not a vendor guarantee of every historical deliverable."",""provider_error"":null,""provider_events"":[],""provider_query_period"":[""2025-09-30"",""2026-09-30""],""sources"":[""https://investor.apple.com/faq./default.aspx"",""https://infomemo.theocc.com/infomemos?number=47369"",""https://www.theocc.com/clearance-and-settlement/clearing/equity-options-product-specifications"",""https://www.optionseducation.org/referencelibrary/faq/splits-mergers-spinoffs-bankruptcies""],""status"":""research screening, not a complete OCC memo search"",""unresolved_adjustment_event"":false},""current_description"":{""status"":""directly retrieved current metadata; not historical listing evidence""},""deliverable"":{""status"":""research assumption, not individually historically verified"",""value"":""100 AAPL shares""},""expiry"":{""status"":""RIC-derived; checked against source description/cache when available""},""historical_membership"":{""first"":""2026-06-29"",""last"":""2026-09-30"",""raw_sha256"":""962f9ede78292ea7d0e9a77c2f6eb45bffca1f5e4d02b0460c16a38b11ecf659"",""status"":""actual historical observations; per-signal availability gating""},""identity"":{""day_convention"":""zero-padded DD, instructor correction and retained real paired tests"",""fields"":[""underlying"",""cp"",""strike"",""expiry""],""source"":""https://developers.lseg.com/en/article-catalog/article/functions-to-find-option-rics-traded-on-different-exchanges"",""status"":""derived from official RIC rules""},""multiplier"":{""status"":""research assumption; supporting current lot-size metadata when available"",""value"":100},""scheduled_last_trading_date"":{""source"":""https://www.theocc.com/clearance-and-settlement/clearing/equity-options-product-specifications"",""status"":""rule/calendar-derived, not last observed quote""}}"
AAPLA212811500.U,AAPL.O,C,115.0,2028-01-21,2028-01-21,2026-07-17,2026-09-30,2028-01-21,100,100 AAPL shares,False,research assumption,"official RIC-rule derivation, checked against available description/cache","direct historical quotation evidence, gated at each signal","rule/calendar derivation, distinct from final quote",research assumption,research assumption,"Treat ordinary AAPL OPRA calls as unadjusted standard American 100-share contracts, based on OCC specifications, ordinary identifiers, available descriptions and the corporate-action review. Not vendor-confirmed contract-by-contract historical deliverables.","[""https://www.theocc.com/clearance-and-settlement/clearing/equity-options-product-specifications"",""https://www.optionseducation.org/referencelibrary/faq/splits-mergers-spinoffs-bankruptcies"",""https://investor.apple.com/faq./default.aspx"",""https://infomemo.theocc.com/infomemos?number=47369""]",[],"{""corporate_actions"":{""apple_split_history"":""Apple public FAQ lists its last split in August 2020, before this sample."",""limitation"":""No detected conflicting corporate-action evidence; absence is not a vendor guarantee of every historical deliverable."",""provider_error"":null,""provider_events"":[],""provider_query_period"":[""2025-09-30"",""2026-09-30""],""sources"":[""https://investor.apple.com/faq./default.aspx"",""https://infomemo.theocc.com/infomemos?number=47369"",""https://www.theocc.com/clearance-and-settlement/clearing/equity-options-product-specifications"",""https://www.optionseducation.org/referencelibrary/faq/splits-mergers-spinoffs-bankruptcies""],""status"":""research screening, not a complete OCC memo search"",""unresolved_adjustment_event"":false},""current_description"":{""status"":""directly retrieved current metadata; not historical listing evidence""},""deliverable"":{""status"":""research assumption, not individually historically verified"",""value"":""100 AAPL shares""},""expiry"":{""status"":""RIC-derived; checked against source description/cache when available""},""historical_membership"":{""first"":""2026-07-17"",""last"":""2026-09-30"",""raw_sha256"":""b0923b84db403ee6c9f71e72135e3d289ad8dc83a0979909c6c938f1da84f0a6"",""status"":""actual historical observations; per-signal availability gating""},""identity"":{""day_convention"":""zero-padded DD, instructor correction and retained real paired tests"",""fields"":[""underlying"",""cp"",""strike"",""expiry""],""source"":""https://developers.lseg.com/en/article-catalog/article/functions-to-find-option-rics-traded-on-different-exchanges"",""status"":""derived from official RIC rules""},""multiplier"":{""status"":""research assumption; supporting current lot-size metadata when available"",""value"":100},""scheduled_last_trading_date"":{""source"":""https://www.theocc.com/clearance-and-settlement/clearing/equity-options-product-specifications"",""status"":""rule/calendar-derived, not last observed quote""}}"
AAPLA212812000.U,AAPL.O,C,120.0,2028-01-21,2028-01-21,2026-06-29,2026-09-30,2028-01-21,100,100 AAPL shares,False,research assumption,"official RIC-rule derivation, checked against available description/cache","direct historical quotation evidence, gated at each signal","rule/calendar derivation, distinct from final quote",research assumption,research assumption,"Treat ordinary AAPL OPRA calls as unadjusted standard American 100-share contracts, based on OCC specifications, ordinary identifiers, available descriptions and the corporate-action review. Not vendor-confirmed contract-by-contract historical deliverables.","[""https://www.theocc.com/clearance-and-settlement/clearing/equity-options-product-specifications"",""https://www.optionseducation.org/referencelibrary/faq/splits-mergers-spinoffs-bankruptcies"",""https://investor.apple.com/faq./default.aspx"",""https://infomemo.theocc.com/infomemos?number=47369""]",[],"{""corporate_actions"":{""apple_split_history"":""Apple public FAQ lists its last split in August 2020, before this sample."",""limitation"":""No detected conflicting corporate-action evidence; absence is not a vendor guarantee of every historical deliverable."",""provider_error"":null,""provider_events"":[],""provider_query_period"":[""2025-09-30"",""2026-09-30""],""sources"":[""https://investor.apple.com/faq./default.aspx"",""https://infomemo.theocc.com/infomemos?number=47369"",""https://www.theocc.com/clearance-and-settlement/clearing/equity-options-product-specifications"",""https://www.optionseducation.org/referencelibrary/faq/splits-mergers-spinoffs-bankruptcies""],""status"":""research screening, not a complete OCC memo search"",""unresolved_adjustment_event"":false},""current_description"":{""status"":""directly retrieved current metadata; not historical listing evidence""},""deliverable"":{""status"":""research assumption, not individually historically verified"",""value"":""100 AAPL shares""},""expiry"":{""status"":""RIC-derived; checked against source description/cache when available""},""historical_membership"":{""first"":""2026-06-29"",""last"":""2026-09-30"",""raw_sha256"":""8dc6df0dc47ee6304cd12864c8edccbdb0c9fa79225c3e181624a2f2b13ef0c8"",""status"":""actual historical observations; per-signal availability gating""},""identity"":{""day_convention"":""zero-padded DD, instructor correction and retained real paired tests"",""fields"":[""underlying"",""cp"",""strike"",""expiry""],""source"":""https://developers.lseg.com/en/article-catalog/article/functions-to-find-option-rics-traded-on-different-exchanges"",""status"":""derived from official RIC rules""},""multiplier"":{""status"":""research assumption; supporting current lot-size metadata when available"",""value"":100},""scheduled_last_trading_date"":{""source"":""https://www.theocc.com/clearance-and-settlement/clearing/equity-options-product-specifications"",""status"":""rule/calendar-derived, not last observed quote""}}"
AAPLA212812500.U,AAPL.O,C,125.0,2028-01-21,2028-01-21,2026-06-29,2026-09-30,2028-01-21,100,100 AAPL shares,False,research assumption,"official RIC-rule derivation, checked against available description/cache","direct historical quotation evidence, gated at each signal","rule/calendar derivation, distinct from final quote",research assumption,research assumption,"Treat ordinary AAPL OPRA calls as unadjusted standard American 100-share contracts, based on OCC specifications, ordinary identifiers, available descriptions and the corporate-action review. Not vendor-confirmed contract-by-contract historical deliverables.","[""https://www.theocc.com/clearance-and-settlement/clearing/equity-options-product-specifications"",""https://www.optionseducation.org/referencelibrary/faq/splits-mergers-spinoffs-bankruptcies"",""https://investor.apple.com/faq./default.aspx"",""https://infomemo.theocc.com/infomemos?number=47369""]",[],"{""corporate_actions"":{""apple_split_history"":""Apple public FAQ lists its last split in August 2020, before this sample."",""limitation"":""No detected conflicting corporate-action evidence; absence is not a vendor guarantee of every historical deliverable."",""provider_error"":null,""provider_events"":[],""provider_query_period"":[""2025-09-30"",""2026-09-30""],""sources"":[""https://investor.apple.com/faq./default.aspx"",""https://infomemo.theocc.com/infomemos?number=47369"",""https://www.theocc.com/clearance-and-settlement/clearing/equity-options-product-specifications"",""https://www.optionseducation.org/referencelibrary/faq/splits-mergers-spinoffs-bankruptcies""],""status"":""research screening, not a complete OCC memo search"",""unresolved_adjustment_event"":false},""current_description"":{""status"":""directly retrieved current metadata; not historical listing evidence""},""deliverable"":{""status"":""research assumption, not individually historically verified"",""value"":""100 AAPL shares""},""expiry"":{""status"":""RIC-derived; checked against source description/cache when available""},""historical_membership"":{""first"":""2026-06-29"",""last"":""2026-09-30"",""raw_sha256"":""3538041f318b6eddc7973fa13cbedf7ded436a53e19cb0d6378acbc8371836f5"",""status"":""actual historical observations; per-signal availability gating""},""identity"":{""day_convention"":""zero-padded DD, instructor correction and retained real paired tests"",""fields"":[""underlying"",""cp"",""strike"",""expiry""],""source"":""https://developers.lseg.com/en/article-catalog/article/functions-to-find-option-rics-traded-on-different-exchanges"",""status"":""derived from official RIC rules""},""multiplier"":{""status"":""research assumption; supporting current lot-size metadata when available"",""value"":100},""scheduled_last_trading_date"":{""source"":""https://www.theocc.com/clearance-and-settlement/clearing/equity-options-product-specifications"",""status"":""rule/calendar-derived, not last observed quote""}}"
AAPLA212813000.U,AAPL.O,C,130.0,2028-01-21,2028-01-21,2026-06-29,2026-09-30,2028-01-21,100,100 AAPL shares,False,research assumption,"official RIC-rule derivation, checked against available description/cache","direct historical quotation evidence, gated at each signal","rule/calendar derivation, distinct from final quote",research assumption,research assumption,"Treat ordinary AAPL OPRA calls as unadjusted standard American 100-share contracts, based on OCC specifications, ordinary identifiers, available descriptions and the corporate-action review. Not vendor-confirmed contract-by-contract historical deliverables.","[""https://www.theocc.com/clearance-and-settlement/clearing/equity-options-product-specifications"",""https://www.optionseducation.org/referencelibrary/faq/splits-mergers-spinoffs-bankruptcies"",""https://investor.apple.com/faq./default.aspx"",""https://infomemo.theocc.com/infomemos?number=47369""]",[],"{""corporate_actions"":{""apple_split_history"":""Apple public FAQ lists its last split in August 2020, before this sample."",""limitation"":""No detected conflicting corporate-action evidence; absence is not a vendor guarantee of every historical deliverable."",""provider_error"":null,""provider_events"":[],""provider_query_period"":[""2025-09-30"",""2026-09-30""],""sources"":[""https://investor.apple.com/faq./default.aspx"",""https://infomemo.theocc.com/infomemos?number=47369"",""https://www.theocc.com/clearance-and-settlement/clearing/equity-options-product-specifications"",""https://www.optionseducation.org/referencelibrary/faq/splits-mergers-spinoffs-bankruptcies""],""status"":""research screening, not a complete OCC memo search"",""unresolved_adjustment_event"":false},""current_description"":{""status"":""directly retrieved current metadata; not historical listing evidence""},""deliverable"":{""status"":""research assumption, not individually historically verified"",""value"":""100 AAPL shares""},""expiry"":{""status"":""RIC-derived; checked against source description/cache when available""},""historical_membership"":{""first"":""2026-06-29"",""last"":""2026-09-30"",""raw_sha256"":""7fcf080642ec327b336cd01c00336326c2eaed127cd7c81cb1dac37e917601f0"",""status"":""actual historical observations; per-signal availability gating""},""identity"":{""day_convention"":""zero-padded DD, instructor correction and retained real paired tests"",""fields"":[""underlying"",""cp"",""strike"",""expiry""],""source"":""https://developers.lseg.com/en/article-catalog/article/functions-to-find-option-rics-traded-on-different-exchanges"",""status"":""derived from official RIC rules""},""multiplier"":{""status"":""research assumption; supporting current lot-size metadata when available"",""value"":100},""scheduled_last_trading_date"":{""source"":""https://www.theocc.com/clearance-and-settlement/clearing/equity-options-product-specifications"",""status"":""rule/calendar-derived, not last observed quote""}}"
AAPLA212813500.U,AAPL.O,C,135.0,2028-01-21,2028-01-21,2026-06-29,2026-09-30,2028-01-21,100,100 AAPL shares,False,research assumption,"official RIC-rule derivation, checked against available description/cache","direct historical quotation evidence, gated at each signal","rule/calendar derivation, distinct from final quote",research assumption,research assumption,"Treat ordinary AAPL OPRA calls as unadjusted standard American 100-share contracts, based on OCC specifications, ordinary identifiers, available descriptions and the corporate-action review. Not vendor-confirmed contract-by-contract historical deliverables.","[""https://www.theocc.com/clearance-and-settlement/clearing/equity-options-product-specifications"",""https://www.optionseducation.org/referencelibrary/faq/splits-mergers-spinoffs-bankruptcies"",""https://investor.apple.com/faq./default.aspx"",""https://infomemo.theocc.com/infomemos?number=47369""]",[],"{""corporate_actions"":{""apple_split_history"":""Apple public FAQ lists its last split in August 2020, before this sample."",""limitation"":""No detected conflicting corporate-action evidence; absence is not a vendor guarantee of every historical deliverable."",""provider_error"":null,""provider_events"":[],""provider_query_period"":[""2025-09-30"",""2026-09-30""],""sources"":[""https://investor.apple.com/faq./default.aspx"",""https://infomemo.theocc.com/infomemos?number=47369"",""https://www.theocc.com/clearance-and-settlement/clearing/equity-options-product-specifications"",""https://www.optionseducation.org/referencelibrary/faq/splits-mergers-spinoffs-bankruptcies""],""status"":""research screening, not a complete OCC memo search"",""unresolved_adjustment_event"":false},""current_description"":{""status"":""directly retrieved current metadata; not historical listing evidence""},""deliverable"":{""status"":""research assumption, not individually historically verified"",""value"":""100 AAPL shares""},""expiry"":{""status"":""RIC-derived; checked against source description/cache when available""},""historical_membership"":{""first"":""2026-06-29"",""last"":""2026-09-30"",""raw_sha256"":""2a04c5dddc8a87730ebab449390d9a50d32ab93f211ccc35bdbb5290a36d3676"",""status"":""actual historical observations; per-signal availability gating""},""identity"":{""day_convention"":""zero-padded DD, instructor correction and retained real paired tests"",""fields"":[""underlying"",""cp"",""strike"",""expiry""],""source"":""https://developers.lseg.com/en/article-catalog/article/functions-to-find-option-rics-traded-on-different-exchanges"",""status"":""derived from official RIC rules""},""multiplier"":{""status"":""research assumption; supporting current lot-size metadata when available"",""value"":100},""scheduled_last_trading_date"":{""source"":""https://www.theocc.com/clearance-and-settlement/clearing/equity-options-product-specifications"",""status"":""rule/calendar-derived, not last observed quote""}}"
AAPLA212814000.U,AAPL.O,C,140.0,2028-01-21,2028-01-21,2026-06-29,2026-09-30,2028-01-21,100,100 AAPL shares,False,research assumption,"official RIC-rule derivation, checked against available description/cache","direct historical quotation evidence, gated at each signal","rule/calendar derivation, distinct from final quote",research assumption,research assumption,"Treat ordinary AAPL OPRA calls as unadjusted standard American 100-share contracts, based on OCC specifications, ordinary identifiers, available descriptions and the corporate-action review. Not vendor-confirmed contract-by-contract historical deliverables.","[""https://www.theocc.com/clearance-and-settlement/clearing/equity-options-product-specifications"",""https://www.optionseducation.org/referencelibrary/faq/splits-mergers-spinoffs-bankruptcies"",""https://investor.apple.com/faq./default.aspx"",""https://infomemo.theocc.com/infomemos?number=47369""]",[],"{""corporate_actions"":{""apple_split_history"":""Apple public FAQ lists its last split in August 2020, before this sample."",""limitation"":""No detected conflicting corporate-action evidence; absence is not a vendor guarantee of every historical deliverable."",""provider_error"":null,""provider_events"":[],""provider_query_period"":[""2025-09-30"",""2026-09-30""],""sources"":[""https://investor.apple.com/faq./default.aspx"",""https://infomemo.theocc.com/infomemos?number=47369"",""https://www.theocc.com/clearance-and-settlement/clearing/equity-options-product-specifications"",""https://www.optionseducation.org/referencelibrary/faq/splits-mergers-spinoffs-bankruptcies""],""status"":""research screening, not a complete OCC memo search"",""unresolved_adjustment_event"":false},""current_description"":{""status"":""directly retrieved current metadata; not historical listing evidence""},""deliverable"":{""status"":""research assumption, not individually historically verified"",""value"":""100 AAPL shares""},""expiry"":{""status"":""RIC-derived; checked against source description/cache when available""},""historical_membership"":{""first"":""2026-06-29"",""last"":""2026-09-30"",""raw_sha256"":""2d524323a66344a01eddb9bd9ee1a1a046e5dd9ad28bd8dfebb314b61339f55a"",""status"":""actual historical observations; per-signal availability gating""},""identity"":{""day_convention"":""zero-padded DD, instructor correction and retained real paired tests"",""fields"":[""underlying"",""cp"",""strike"",""expiry""],""source"":""https://developers.lseg.com/en/article-catalog/article/functions-to-find-option-rics-traded-on-different-exchanges"",""status"":""derived from official RIC rules""},""multiplier"":{""status"":""research assumption; supporting current lot-size metadata when available"",""value"":100},""scheduled_last_trading_date"":{""source"":""https://www.theocc.com/clearance-and-settlement/clearing/equity-options-product-specifications"",""status"":""rule/calendar-derived, not last observed quote""}}"
AAPLA212814500.U,AAPL.O,C,145.0,2028-01-21,2028-01-21,2026-06-29,2026-09-30,2028-01-21,100,100 AAPL shares,False,research assumption,"official RIC-rule derivation, checked against available description/cache","direct historical quotation evidence, gated at each signal","rule/calendar derivation, distinct from final quote",research assumption,research assumption,"Treat ordinary AAPL OPRA calls as unadjusted standard American 100-share contracts, based on OCC specifications, ordinary identifiers, available descriptions and the corporate-action review. Not vendor-confirmed contract-by-contract historical deliverables.","[""https://www.theocc.com/clearance-and-settlement/clearing/equity-options-product-specifications"",""https://www.optionseducation.org/referencelibrary/faq/splits-mergers-spinoffs-bankruptcies"",""https://investor.apple.com/faq./default.aspx"",""https://infomemo.theocc.com/infomemos?number=47369""]",[],"{""corporate_actions"":{""apple_split_history"":""Apple public FAQ lists its last split in August 2020, before this sample."",""limitation"":""No detected conflicting corporate-action evidence; absence is not a vendor guarantee of every historical deliverable."",""provider_error"":null,""provider_events"":[],""provider_query_period"":[""2025-09-30"",""2026-09-30""],""sources"":[""https://investor.apple.com/faq./default.aspx"",""https://infomemo.theocc.com/infomemos?number=47369"",""https://www.theocc.com/clearance-and-settlement/clearing/equity-options-product-specifications"",""https://www.optionseducation.org/referencelibrary/faq/splits-mergers-spinoffs-bankruptcies""],""status"":""research screening, not a complete OCC memo search"",""unresolved_adjustment_event"":false},""current_description"":{""status"":""directly retrieved current metadata; not historical listing evidence""},""deliverable"":{""status"":""research assumption, not individually historically verified"",""value"":""100 AAPL shares""},""expiry"":{""status"":""RIC-derived; checked against source description/cache when available""},""historical_membership"":{""first"":""2026-06-29"",""last"":""2026-09-30"",""raw_sha256"":""29c52578a8f6c2ff98121df867fbdac494a98d09e0a9b327f333927abbe1e34f"",""status"":""actual historical observations; per-signal availability gating""},""identity"":{""day_convention"":""zero-padded DD, instructor correction and retained real paired tests"",""fields"":[""underlying"",""cp"",""strike"",""expiry""],""source"":""https://developers.lseg.com/en/article-catalog/article/functions-to-find-option-rics-traded-on-different-exchanges"",""status"":""derived from official RIC rules""},""multiplier"":{""status"":""research assumption; supporting current lot-size metadata when available"",""value"":100},""scheduled_last_trading_date"":{""source"":""https://www.theocc.com/clearance-and-settlement/clearing/equity-options-product-specifications"",""status"":""rule/calendar-derived, not last observed quote""}}"
AAPLA212815000.U,AAPL.O,C,150.0,2028-01-21,2028-01-21,2026-06-29,2026-09-30,2028-01-21,100,100 AAPL shares,False,research assumption,"official RIC-rule derivation, checked against available description/cache","direct historical quotation evidence, gated at each signal","rule/calendar derivation, distinct from final quote",research assumption,research assumption,"Treat ordinary AAPL OPRA calls as unadjusted standard American 100-share contracts, based on OCC specifications, ordinary identifiers, available descriptions and the corporate-action review. Not vendor-confirmed contract-by-contract historical deliverables.","[""https://www.theocc.com/clearance-and-settlement/clearing/equity-options-product-specifications"",""https://www.optionseducation.org/referencelibrary/faq/splits-mergers-spinoffs-bankruptcies"",""https://investor.apple.com/faq./default.aspx"",""https://infomemo.theocc.com/infomemos?number=47369""]",[],"{""corporate_actions"":{""apple_split_history"":""Apple public FAQ lists its last split in August 2020, before this sample."",""limitation"":""No detected conflicting corporate-action evidence; absence is not a vendor guarantee of every historical deliverable."",""provider_error"":null,""provider_events"":[],""provider_query_period"":[""2025-09-30"",""2026-09-30""],""sources"":[""https://investor.apple.com/faq./default.aspx"",""https://infomemo.theocc.com/infomemos?number=47369"",""https://www.theocc.com/clearance-and-settlement/clearing/equity-options-product-specifications"",""https://www.optionseducation.org/referencelibrary/faq/splits-mergers-spinoffs-bankruptcies""],""status"":""research screening, not a complete OCC memo search"",""unresolved_adjustment_event"":false},""current_description"":{""status"":""directly retrieved current metadata; not historical listing evidence""},""deliverable"":{""status"":""research assumption, not individually historically verified"",""value"":""100 AAPL shares""},""expiry"":{""status"":""RIC-derived; checked against source description/cache when available""},""historical_membership"":{""first"":""2026-06-29"",""last"":""2026-09-30"",""raw_sha256"":""164b44d6f661b3d287515d1dd77b957ed9b1a464058489f3b085c271c3e0f434"",""status"":""actual historical observations; per-signal availability gating""},""identity"":{""day_convention"":""zero-padded DD, instructor correction and retained real paired tests"",""fields"":[""underlying"",""cp"",""strike"",""expiry""],""source"":""https://developers.lseg.com/en/article-catalog/article/functions-to-find-option-rics-traded-on-different-exchanges"",""status"":""derived from official RIC rules""},""multiplier"":{""status"":""research assumption; supporting current lot-size metadata when available"",""value"":100},""scheduled_last_trading_date"":{""source"":""https://www.theocc.com/clearance-and-settlement/clearing/equity-options-product-specifications"",""status"":""rule/calendar-derived, not last observed quote""}}"
AAPLA212815500.U,AAPL.O,C,155.0,2028-01-21,2028-01-21,2026-06-29,2026-09-30,2028-01-21,100,100 AAPL shares,False,research assumption,"official RIC-rule derivation, checked against available description/cache","direct historical quotation evidence, gated at each signal","rule/calendar derivation, distinct from final quote",research assumption,research assumption,"Treat ordinary AAPL OPRA calls as unadjusted standard American 100-share contracts, based on OCC specifications, ordinary identifiers, available descriptions and the corporate-action review. Not vendor-confirmed contract-by-contract historical deliverables.","[""https://www.theocc.com/clearance-and-settlement/clearing/equity-options-product-specifications"",""https://www.optionseducation.org/referencelibrary/faq/splits-mergers-spinoffs-bankruptcies"",""https://investor.apple.com/faq./default.aspx"",""https://infomemo.theocc.com/infomemos?number=47369""]",[],"{""corporate_actions"":{""apple_split_history"":""Apple public FAQ lists its last split in August 2020, before this sample."",""limitation"":""No detected conflicting corporate-action evidence; absence is not a vendor guarantee of every historical deliverable."",""provider_error"":null,""provider_events"":[],""provider_query_period"":[""2025-09-30"",""2026-09-30""],""sources"":[""https://investor.apple.com/faq./default.aspx"",""https://infomemo.theocc.com/infomemos?number=47369"",""https://www.theocc.com/clearance-and-settlement/clearing/equity-options-product-specifications"",""https://www.optionseducation.org/referencelibrary/faq/splits-mergers-spinoffs-bankruptcies""],""status"":""research screening, not a complete OCC memo search"",""unresolved_adjustment_event"":false},""current_description"":{""status"":""directly retrieved current metadata; not historical listing evidence""},""deliverable"":{""status"":""research assumption, not individually historically verified"",""value"":""100 AAPL shares""},""expiry"":{""status"":""RIC-derived; checked against source description/cache when available""},""historical_membership"":{""first"":""2026-06-29"",""last"":""2026-09-30"",""raw_sha256"":""0ef939b98dd0f3a0639ac684ea1255df36041b6adb70b684886b02a71e2a904d"",""status"":""actual historical observations; per-signal availability gating""},""identity"":{""day_convention"":""zero-padded DD, instructor correction and retained real paired tests"",""fields"":[""underlying"",""cp"",""strike"",""expiry""],""source"":""https://developers.lseg.com/en/article-catalog/article/functions-to-find-option-rics-traded-on-different-exchanges"",""status"":""derived from official RIC rules""},""multiplier"":{""status"":""research assumption; supporting current lot-size metadata when available"",""value"":100},""scheduled_last_trading_date"":{""source"":""https://www.theocc.com/clearance-and-settlement/clearing/equity-options-product-specifications"",""status"":""rule/calendar-derived, not last observed quote""}}"
AAPLA212816000.U,AAPL.O,C,160.0,2028-01-21,2028-01-21,2026-06-29,2026-09-30,2028-01-21,100,100 AAPL shares,False,research assumption,"official RIC-rule derivation, checked against available description/cache","direct historical quotation evidence, gated at each signal","rule/calendar derivation, distinct from final quote",research assumption,research assumption,"Treat ordinary AAPL OPRA calls as unadjusted standard American 100-share contracts, based on OCC specifications, ordinary identifiers, available descriptions and the corporate-action review. Not vendor-confirmed contract-by-contract historical deliverables.","[""https://www.theocc.com/clearance-and-settlement/clearing/equity-options-product-specifications"",""https://www.optionseducation.org/referencelibrary/faq/splits-mergers-spinoffs-bankruptcies"",""https://investor.apple.com/faq./default.aspx"",""https://infomemo.theocc.com/infomemos?number=47369""]",[],"{""corporate_actions"":{""apple_split_history"":""Apple public FAQ lists its last split in August 2020, before this sample."",""limitation"":""No detected conflicting corporate-action evidence; absence is not a vendor guarantee of every historical deliverable."",""provider_error"":null,""provider_events"":[],""provider_query_period"":[""2025-09-30"",""2026-09-30""],""sources"":[""https://investor.apple.com/faq./default.aspx"",""https://infomemo.theocc.com/infomemos?number=47369"",""https://www.theocc.com/clearance-and-settlement/clearing/equity-options-product-specifications"",""https://www.optionseducation.org/referencelibrary/faq/splits-mergers-spinoffs-bankruptcies""],""status"":""research screening, not a complete OCC memo search"",""unresolved_adjustment_event"":false},""current_description"":{""status"":""directly retrieved current metadata; not historical listing evidence""},""deliverable"":{""status"":""research assumption, not individually historically verified"",""value"":""100 AAPL shares""},""expiry"":{""status"":""RIC-derived; checked against source description/cache when available""},""historical_membership"":{""first"":""2026-06-29"",""last"":""2026-09-30"",""raw_sha256"":""af67262bf97b4b00aeb2683b8169bb8e84244cd65b53b9d130132bb67e775f9b"",""status"":""actual historical observations; per-signal availability gating""},""identity"":{""day_convention"":""zero-padded DD, instructor correction and retained real paired tests"",""fields"":[""underlying"",""cp"",""strike"",""expiry""],""source"":""https://developers.lseg.com/en/article-catalog/article/functions-to-find-option-rics-traded-on-different-exchanges"",""status"":""derived from official RIC rules""},""multiplier"":{""status"":""research assumption; supporting current lot-size metadata when available"",""value"":100},""scheduled_last_trading_date"":{""source"":""https://www.theocc.com/clearance-and-settlement/clearing/equity-options-product-specifications"",""status"":""rule/calendar-derived, not last observed quote""}}"
AAPLA212816500.U,AAPL.O,C,165.0,2028-01-21,2028-01-21,2026-06-29,2026-09-30,2028-01-21,100,100 AAPL shares,False,research assumption,"official RIC-rule derivation, checked against available description/cache","direct historical quotation evidence, gated at each signal","rule/calendar derivation, distinct from final quote",research assumption,research assumption,"Treat ordinary AAPL OPRA calls as unadjusted standard American 100-share contracts, based on OCC specifications, ordinary identifiers, available descriptions and the corporate-action review. Not vendor-confirmed contract-by-contract historical deliverables.","[""https://www.theocc.com/clearance-and-settlement/clearing/equity-options-product-specifications"",""https://www.optionseducation.org/referencelibrary/faq/splits-mergers-spinoffs-bankruptcies"",""https://investor.apple.com/faq./default.aspx"",""https://infomemo.theocc.com/infomemos?number=47369""]",[],"{""corporate_actions"":{""apple_split_history"":""Apple public FAQ lists its last split in August 2020, before this sample."",""limitation"":""No detected conflicting corporate-action evidence; absence is not a vendor guarantee of every historical deliverable."",""provider_error"":null,""provider_events"":[],""provider_query_period"":[""2025-09-30"",""2026-09-30""],""sources"":[""https://investor.apple.com/faq./default.aspx"",""https://infomemo.theocc.com/infomemos?number=47369"",""https://www.theocc.com/clearance-and-settlement/clearing/equity-options-product-specifications"",""https://www.optionseducation.org/referencelibrary/faq/splits-mergers-spinoffs-bankruptcies""],""status"":""research screening, not a complete OCC memo search"",""unresolved_adjustment_event"":false},""current_description"":{""status"":""directly retrieved current metadata; not historical listing evidence""},""deliverable"":{""status"":""research assumption, not individually historically verified"",""value"":""100 AAPL shares""},""expiry"":{""status"":""RIC-derived; checked against source description/cache when available""},""historical_membership"":{""first"":""2026-06-29"",""last"":""2026-09-30"",""raw_sha256"":""97a59ecaf4ee1bb39b7b8fcbd3a6dd1c90c75422d92cd757b9634a3d44497e7b"",""status"":""actual historical observations; per-signal availability gating""},""identity"":{""day_convention"":""zero-padded DD, instructor correction and retained real paired tests"",""fields"":[""underlying"",""cp"",""strike"",""expiry""],""source"":""https://developers.lseg.com/en/article-catalog/article/functions-to-find-option-rics-traded-on-different-exchanges"",""status"":""derived from official RIC rules""},""multiplier"":{""status"":""research assumption; supporting current lot-size metadata when available"",""value"":100},""scheduled_last_trading_date"":{""source"":""https://www.theocc.com/clearance-and-settlement/clearing/equity-options-product-specifications"",""status"":""rule/calendar-derived, not last observed quote""}}"
AAPLA212817000.U,AAPL.O,C,170.0,2028-01-21,2028-01-21,2026-06-29,2026-09-30,2028-01-21,100,100 AAPL shares,False,research assumption,"official RIC-rule derivation, checked against available description/cache","direct historical quotation evidence, gated at each signal","rule/calendar derivation, distinct from final quote",research assumption,research assumption,"Treat ordinary AAPL OPRA calls as unadjusted standard American 100-share contracts, based on OCC specifications, ordinary identifiers, available descriptions and the corporate-action review. Not vendor-confirmed contract-by-contract historical deliverables.","[""https://www.theocc.com/clearance-and-settlement/clearing/equity-options-product-specifications"",""https://www.optionseducation.org/referencelibrary/faq/splits-mergers-spinoffs-bankruptcies"",""https://investor.apple.com/faq./default.aspx"",""https://infomemo.theocc.com/infomemos?number=47369""]",[],"{""corporate_actions"":{""apple_split_history"":""Apple public FAQ lists its last split in August 2020, before this sample."",""limitation"":""No detected conflicting corporate-action evidence; absence is not a vendor guarantee of every historical deliverable."",""provider_error"":null,""provider_events"":[],""provider_query_period"":[""2025-09-30"",""2026-09-30""],""sources"":[""https://investor.apple.com/faq./default.aspx"",""https://infomemo.theocc.com/infomemos?number=47369"",""https://www.theocc.com/clearance-and-settlement/clearing/equity-options-product-specifications"",""https://www.optionseducation.org/referencelibrary/faq/splits-mergers-spinoffs-bankruptcies""],""status"":""research screening, not a complete OCC memo search"",""unresolved_adjustment_event"":false},""current_description"":{""status"":""directly retrieved current metadata; not historical listing evidence""},""deliverable"":{""status"":""research assumption, not individually historically verified"",""value"":""100 AAPL shares""},""expiry"":{""status"":""RIC-derived; checked against source description/cache when available""},""historical_membership"":{""first"":""2026-06-29"",""last"":""2026-09-30"",""raw_sha256"":""a05d464ad03b6b2eb4712757606ce151dfd914236f4cfc29551c2cedc87750c8"",""status"":""actual historical observations; per-signal availability gating""},""identity"":{""day_convention"":""zero-padded DD, instructor correction and retained real paired tests"",""fields"":[""underlying"",""cp"",""strike"",""expiry""],""source"":""https://developers.lseg.com/en/article-catalog/article/functions-to-find-option-rics-traded-on-different-exchanges"",""status"":""derived from official RIC rules""},""multiplier"":{""status"":""research assumption; supporting current lot-size metadata when available"",""value"":100},""scheduled_last_trading_date"":{""source"":""https://www.theocc.com/clearance-and-settlement/clearing/equity-options-product-specifications"",""status"":""rule/calendar-derived, not last observed quote""}}"
AAPLA212817500.U,AAPL.O,C,175.0,2028-01-21,2028-01-21,2026-06-29,2026-09-30,2028-01-21,100,100 AAPL shares,False,research assumption,"official RIC-rule derivation, checked against available description/cache","direct historical quotation evidence, gated at each signal","rule/calendar derivation, distinct from final quote",research assumption,research assumption,"Treat ordinary AAPL OPRA calls as unadjusted standard American 100-share contracts, based on OCC specifications, ordinary identifiers, available descriptions and the corporate-action review. Not vendor-confirmed contract-by-contract historical deliverables.","[""https://www.theocc.com/clearance-and-settlement/clearing/equity-options-product-specifications"",""https://www.optionseducation.org/referencelibrary/faq/splits-mergers-spinoffs-bankruptcies"",""https://investor.apple.com/faq./default.aspx"",""https://infomemo.theocc.com/infomemos?number=47369""]",[],"{""corporate_actions"":{""apple_split_history"":""Apple public FAQ lists its last split in August 2020, before this sample."",""limitation"":""No detected conflicting corporate-action evidence; absence is not a vendor guarantee of every historical deliverable."",""provider_error"":null,""provider_events"":[],""provider_query_period"":[""2025-09-30"",""2026-09-30""],""sources"":[""https://investor.apple.com/faq./default.aspx"",""https://infomemo.theocc.com/infomemos?number=47369"",""https://www.theocc.com/clearance-and-settlement/clearing/equity-options-product-specifications"",""https://www.optionseducation.org/referencelibrary/faq/splits-mergers-spinoffs-bankruptcies""],""status"":""research screening, not a complete OCC memo search"",""unresolved_adjustment_event"":false},""current_description"":{""status"":""directly retrieved current metadata; not historical listing evidence""},""deliverable"":{""status"":""research assumption, not individually historically verified"",""value"":""100 AAPL shares""},""expiry"":{""status"":""RIC-derived; checked against source description/cache when available""},""historical_membership"":{""first"":""2026-06-29"",""last"":""2026-09-30"",""raw_sha256"":""d4508816142884fb644a23740cbfbc8c7bd98f2ab1250758caa9e18b9c28bfde"",""status"":""actual historical observations; per-signal availability gating""},""identity"":{""day_convention"":""zero-padded DD, instructor correction and retained real paired tests"",""fields"":[""underlying"",""cp"",""strike"",""expiry""],""source"":""https://developers.lseg.com/en/article-catalog/article/functions-to-find-option-rics-traded-on-different-exchanges"",""status"":""derived from official RIC rules""},""multiplier"":{""status"":""research assumption; supporting current lot-size metadata when available"",""value"":100},""scheduled_last_trading_date"":{""source"":""https://www.theocc.com/clearance-and-settlement/clearing/equity-options-product-specifications"",""status"":""rule/calendar-derived, not last observed quote""}}"
AAPLA212818000.U,AAPL.O,C,180.0,2028-01-21,2028-01-21,2026-06-29,2026-09-30,2028-01-21,100,100 AAPL shares,False,research assumption,"official RIC-rule derivation, checked against available description/cache","direct historical quotation evidence, gated at each signal","rule/calendar derivation, distinct from final quote",research assumption,research assumption,"Treat ordinary AAPL OPRA calls as unadjusted standard American 100-share contracts, based on OCC specifications, ordinary identifiers, available descriptions and the corporate-action review. Not vendor-confirmed contract-by-contract historical deliverables.","[""https://www.theocc.com/clearance-and-settlement/clearing/equity-options-product-specifications"",""https://www.optionseducation.org/referencelibrary/faq/splits-mergers-spinoffs-bankruptcies"",""https://investor.apple.com/faq./default.aspx"",""https://infomemo.theocc.com/infomemos?number=47369""]",[],"{""corporate_actions"":{""apple_split_history"":""Apple public FAQ lists its last split in August 2020, before this sample."",""limitation"":""No detected conflicting corporate-action evidence; absence is not a vendor guarantee of every historical deliverable."",""provider_error"":null,""provider_events"":[],""provider_query_period"":[""2025-09-30"",""2026-09-30""],""sources"":[""https://investor.apple.com/faq./default.aspx"",""https://infomemo.theocc.com/infomemos?number=47369"",""https://www.theocc.com/clearance-and-settlement/clearing/equity-options-product-specifications"",""https://www.optionseducation.org/referencelibrary/faq/splits-mergers-spinoffs-bankruptcies""],""status"":""research screening, not a complete OCC memo search"",""unresolved_adjustment_event"":false},""current_description"":{""status"":""directly retrieved current metadata; not historical listing evidence""},""deliverable"":{""status"":""research assumption, not individually historically verified"",""value"":""100 AAPL shares""},""expiry"":{""status"":""RIC-derived; checked against source description/cache when available""},""historical_membership"":{""first"":""2026-06-29"",""last"":""2026-09-30"",""raw_sha256"":""3be81c2604aa12a07dd2f6eb9b56c74eb5ba77f566339594391349bb29c45d9f"",""status"":""actual historical observations; per-signal availability gating""},""identity"":{""day_convention"":""zero-padded DD, instructor correction and retained real paired tests"",""fields"":[""underlying"",""cp"",""strike"",""expiry""],""source"":""https://developers.lseg.com/en/article-catalog/article/functions-to-find-option-rics-traded-on-different-exchanges"",""status"":""derived from official RIC rules""},""multiplier"":{""status"":""research assumption; supporting current lot-size metadata when available"",""value"":100},""scheduled_last_trading_date"":{""source"":""https://www.theocc.com/clearance-and-settlement/clearing/equity-options-product-specifications"",""status"":""rule/calendar-derived, not last observed quote""}}"
AAPLA212818500.U,AAPL.O,C,185.0,2028-01-21,2028-01-21,2026-06-29,2026-09-30,2028-01-21,100,100 AAPL shares,False,research assumption,"official RIC-rule derivation, checked against available description/cache","direct historical quotation evidence, gated at each signal","rule/calendar derivation, distinct from final quote",research assumption,research assumption,"Treat ordinary AAPL OPRA calls as unadjusted standard American 100-share contracts, based on OCC specifications, ordinary identifiers, available descriptions and the corporate-action review. Not vendor-confirmed contract-by-contract historical deliverables.","[""https://www.theocc.com/clearance-and-settlement/clearing/equity-options-product-specifications"",""https://www.optionseducation.org/referencelibrary/faq/splits-mergers-spinoffs-bankruptcies"",""https://investor.apple.com/faq./default.aspx"",""https://infomemo.theocc.com/infomemos?number=47369""]",[],"{""corporate_actions"":{""apple_split_history"":""Apple public FAQ lists its last split in August 2020, before this sample."",""limitation"":""No detected conflicting corporate-action evidence; absence is not a vendor guarantee of every historical deliverable."",""provider_error"":null,""provider_events"":[],""provider_query_period"":[""2025-09-30"",""2026-09-30""],""sources"":[""https://investor.apple.com/faq./default.aspx"",""https://infomemo.theocc.com/infomemos?number=47369"",""https://www.theocc.com/clearance-and-settlement/clearing/equity-options-product-specifications"",""https://www.optionseducation.org/referencelibrary/faq/splits-mergers-spinoffs-bankruptcies""],""status"":""research screening, not a complete OCC memo search"",""unresolved_adjustment_event"":false},""current_description"":{""status"":""directly retrieved current metadata; not historical listing evidence""},""deliverable"":{""status"":""research assumption, not individually historically verified"",""value"":""100 AAPL shares""},""expiry"":{""status"":""RIC-derived; checked against source description/cache when available""},""historical_membership"":{""first"":""2026-06-29"",""last"":""2026-09-30"",""raw_sha256"":""1bf8fa6d9e4321ca120ac99fa2f828b33635395bd9c86bce98186e70d32e6ffc"",""status"":""actual historical observations; per-signal availability gating""},""identity"":{""day_convention"":""zero-padded DD, instructor correction and retained real paired tests"",""fields"":[""underlying"",""cp"",""strike"",""expiry""],""source"":""https://developers.lseg.com/en/article-catalog/article/functions-to-find-option-rics-traded-on-different-exchanges"",""status"":""derived from official RIC rules""},""multiplier"":{""status"":""research assumption; supporting current lot-size metadata when available"",""value"":100},""scheduled_last_trading_date"":{""source"":""https://www.theocc.com/clearance-and-settlement/clearing/equity-options-product-specifications"",""status"":""rule/calendar-derived, not last observed quote""}}"
AAPLA212819000.U,AAPL.O,C,190.0,2028-01-21,2028-01-21,2026-06-29,2026-09-30,2028-01-21,100,100 AAPL shares,False,research assumption,"official RIC-rule derivation, checked against available description/cache","direct historical quotation evidence, gated at each signal","rule/calendar derivation, distinct from final quote",research assumption,research assumption,"Treat ordinary AAPL OPRA calls as unadjusted standard American 100-share contracts, based on OCC specifications, ordinary identifiers, available descriptions and the corporate-action review. Not vendor-confirmed contract-by-contract historical deliverables.","[""https://www.theocc.com/clearance-and-settlement/clearing/equity-options-product-specifications"",""https://www.optionseducation.org/referencelibrary/faq/splits-mergers-spinoffs-bankruptcies"",""https://investor.apple.com/faq./default.aspx"",""https://infomemo.theocc.com/infomemos?number=47369""]",[],"{""corporate_actions"":{""apple_split_history"":""Apple public FAQ lists its last split in August 2020, before this sample."",""limitation"":""No detected conflicting corporate-action evidence; absence is not a vendor guarantee of every historical deliverable."",""provider_error"":null,""provider_events"":[],""provider_query_period"":[""2025-09-30"",""2026-09-30""],""sources"":[""https://investor.apple.com/faq./default.aspx"",""https://infomemo.theocc.com/infomemos?number=47369"",""https://www.theocc.com/clearance-and-settlement/clearing/equity-options-product-specifications"",""https://www.optionseducation.org/referencelibrary/faq/splits-mergers-spinoffs-bankruptcies""],""status"":""research screening, not a complete OCC memo search"",""unresolved_adjustment_event"":false},""current_description"":{""status"":""directly retrieved current metadata; not historical listing evidence""},""deliverable"":{""status"":""research assumption, not individually historically verified"",""value"":""100 AAPL shares""},""expiry"":{""status"":""RIC-derived; checked against source description/cache when available""},""historical_membership"":{""first"":""2026-06-29"",""last"":""2026-09-30"",""raw_sha256"":""61626a5cd54a133b09debf2f190106209279379236568c1017a4fcf1cb9d7457"",""status"":""actual historical observations; per-signal availability gating""},""identity"":{""day_convention"":""zero-padded DD, instructor correction and retained real paired tests"",""fields"":[""underlying"",""cp"",""strike"",""expiry""],""source"":""https://developers.lseg.com/en/article-catalog/article/functions-to-find-option-rics-traded-on-different-exchanges"",""status"":""derived from official RIC rules""},""multiplier"":{""status"":""research assumption; supporting current lot-size metadata when available"",""value"":100},""scheduled_last_trading_date"":{""source"":""https://www.theocc.com/clearance-and-settlement/clearing/equity-options-product-specifications"",""status"":""rule/calendar-derived, not last observed quote""}}"
AAPLA212819500.U,AAPL.O,C,195.0,2028-01-21,2028-01-21,2026-06-29,2026-09-30,2028-01-21,100,100 AAPL shares,False,research assumption,"official RIC-rule derivation, checked against available description/cache","direct historical quotation evidence, gated at each signal","rule/calendar derivation, distinct from final quote",research assumption,research assumption,"Treat ordinary AAPL OPRA calls as unadjusted standard American 100-share contracts, based on OCC specifications, ordinary identifiers, available descriptions and the corporate-action review. Not vendor-confirmed contract-by-contract historical deliverables.","[""https://www.theocc.com/clearance-and-settlement/clearing/equity-options-product-specifications"",""https://www.optionseducation.org/referencelibrary/faq/splits-mergers-spinoffs-bankruptcies"",""https://investor.apple.com/faq./default.aspx"",""https://infomemo.theocc.com/infomemos?number=47369""]",[],"{""corporate_actions"":{""apple_split_history"":""Apple public FAQ lists its last split in August 2020, before this sample."",""limitation"":""No detected conflicting corporate-action evidence; absence is not a vendor guarantee of every historical deliverable."",""provider_error"":null,""provider_events"":[],""provider_query_period"":[""2025-09-30"",""2026-09-30""],""sources"":[""https://investor.apple.com/faq./default.aspx"",""https://infomemo.theocc.com/infomemos?number=47369"",""https://www.theocc.com/clearance-and-settlement/clearing/equity-options-product-specifications"",""https://www.optionseducation.org/referencelibrary/faq/splits-mergers-spinoffs-bankruptcies""],""status"":""research screening, not a complete OCC memo search"",""unresolved_adjustment_event"":false},""current_description"":{""status"":""directly retrieved current metadata; not historical listing evidence""},""deliverable"":{""status"":""research assumption, not individually historically verified"",""value"":""100 AAPL shares""},""expiry"":{""status"":""RIC-derived; checked against source description/cache when available""},""historical_membership"":{""first"":""2026-06-29"",""last"":""2026-09-30"",""raw_sha256"":""d269d7b858138753d1c6cdd2996c282e3ce86f18b54931f7fbfb5aa86ed7be96"",""status"":""actual historical observations; per-signal availability gating""},""identity"":{""day_convention"":""zero-padded DD, instructor correction and retained real paired tests"",""fields"":[""underlying"",""cp"",""strike"",""expiry""],""source"":""https://developers.lseg.com/en/article-catalog/article/functions-to-find-option-rics-traded-on-different-exchanges"",""status"":""derived from official RIC rules""},""multiplier"":{""status"":""research assumption; supporting current lot-size metadata when available"",""value"":100},""scheduled_last_trading_date"":{""source"":""https://www.theocc.com/clearance-and-settlement/clearing/equity-options-product-specifications"",""status"":""rule/calendar-derived, not last observed quote""}}"
AAPLA212820000.U,AAPL.O,C,200.0,2028-01-21,2028-01-21,2026-06-29,2026-09-30,2028-01-21,100,100 AAPL shares,False,research assumption,"official RIC-rule derivation, checked against available description/cache","direct historical quotation evidence, gated at each signal","rule/calendar derivation, distinct from final quote",research assumption,research assumption,"Treat ordinary AAPL OPRA calls as unadjusted standard American 100-share contracts, based on OCC specifications, ordinary identifiers, available descriptions and the corporate-action review. Not vendor-confirmed contract-by-contract historical deliverables.","[""https://www.theocc.com/clearance-and-settlement/clearing/equity-options-product-specifications"",""https://www.optionseducation.org/referencelibrary/faq/splits-mergers-spinoffs-bankruptcies"",""https://investor.apple.com/faq./default.aspx"",""https://infomemo.theocc.com/infomemos?number=47369""]",[],"{""corporate_actions"":{""apple_split_history"":""Apple public FAQ lists its last split in August 2020, before this sample."",""limitation"":""No detected conflicting corporate-action evidence; absence is not a vendor guarantee of every historical deliverable."",""provider_error"":null,""provider_events"":[],""provider_query_period"":[""2025-09-30"",""2026-09-30""],""sources"":[""https://investor.apple.com/faq./default.aspx"",""https://infomemo.theocc.com/infomemos?number=47369"",""https://www.theocc.com/clearance-and-settlement/clearing/equity-options-product-specifications"",""https://www.optionseducation.org/referencelibrary/faq/splits-mergers-spinoffs-bankruptcies""],""status"":""research screening, not a complete OCC memo search"",""unresolved_adjustment_event"":false},""current_description"":{""status"":""directly retrieved current metadata; not historical listing evidence""},""deliverable"":{""status"":""research assumption, not individually historically verified"",""value"":""100 AAPL shares""},""expiry"":{""status"":""RIC-derived; checked against source description/cache when available""},""historical_membership"":{""first"":""2026-06-29"",""last"":""2026-09-30"",""raw_sha256"":""ae21f4338ceb58e19ade913819a3adf9948633cfdbae3aff7b2cfe94ae2a8667"",""status"":""actual historical observations; per-signal availability gating""},""identity"":{""day_convention"":""zero-padded DD, instructor correction and retained real paired tests"",""fields"":[""underlying"",""cp"",""strike"",""expiry""],""source"":""https://developers.lseg.com/en/article-catalog/article/functions-to-find-option-rics-traded-on-different-exchanges"",""status"":""derived from official RIC rules""},""multiplier"":{""status"":""research assumption; supporting current lot-size metadata when available"",""value"":100},""scheduled_last_trading_date"":{""source"":""https://www.theocc.com/clearance-and-settlement/clearing/equity-options-product-specifications"",""status"":""rule/calendar-derived, not last observed quote""}}"
AAPLA212821000.U,AAPL.O,C,210.0,2028-01-21,2028-01-21,2026-06-29,2026-09-30,2028-01-21,100,100 AAPL shares,False,research assumption,"official RIC-rule derivation, checked against available description/cache","direct historical quotation evidence, gated at each signal","rule/calendar derivation, distinct from final quote",research assumption,research assumption,"Treat ordinary AAPL OPRA calls as unadjusted standard American 100-share contracts, based on OCC specifications, ordinary identifiers, available descriptions and the corporate-action review. Not vendor-confirmed contract-by-contract historical deliverables.","[""https://www.theocc.com/clearance-and-settlement/clearing/equity-options-product-specifications"",""https://www.optionseducation.org/referencelibrary/faq/splits-mergers-spinoffs-bankruptcies"",""https://investor.apple.com/faq./default.aspx"",""https://infomemo.theocc.com/infomemos?number=47369""]",[],"{""corporate_actions"":{""apple_split_history"":""Apple public FAQ lists its last split in August 2020, before this sample."",""limitation"":""No detected conflicting corporate-action evidence; absence is not a vendor guarantee of every historical deliverable."",""provider_error"":null,""provider_events"":[],""provider_query_period"":[""2025-09-30"",""2026-09-30""],""sources"":[""https://investor.apple.com/faq./default.aspx"",""https://infomemo.theocc.com/infomemos?number=47369"",""https://www.theocc.com/clearance-and-settlement/clearing/equity-options-product-specifications"",""https://www.optionseducation.org/referencelibrary/faq/splits-mergers-spinoffs-bankruptcies""],""status"":""research screening, not a complete OCC memo search"",""unresolved_adjustment_event"":false},""current_description"":{""status"":""directly retrieved current metadata; not historical listing evidence""},""deliverable"":{""status"":""research assumption, not individually historically verified"",""value"":""100 AAPL shares""},""expiry"":{""status"":""RIC-derived; checked against source description/cache when available""},""historical_membership"":{""first"":""2026-06-29"",""last"":""2026-09-30"",""raw_sha256"":""4e46de774a0fcd5f4e428470bcace1d827ed24f12bf3773415045f1aa2560873"",""status"":""actual historical observations; per-signal availability gating""},""identity"":{""day_convention"":""zero-padded DD, instructor correction and retained real paired tests"",""fields"":[""underlying"",""cp"",""strike"",""expiry""],""source"":""https://developers.lseg.com/en/article-catalog/article/functions-to-find-option-rics-traded-on-different-exchanges"",""status"":""derived from official RIC rules""},""multiplier"":{""status"":""research assumption; supporting current lot-size metadata when available"",""value"":100},""scheduled_last_trading_date"":{""source"":""https://www.theocc.com/clearance-and-settlement/clearing/equity-options-product-specifications"",""status"":""rule/calendar-derived, not last observed quote""}}"
AAPLA212822000.U,AAPL.O,C,220.0,2028-01-21,2028-01-21,2026-06-29,2026-09-30,2028-01-21,100,100 AAPL shares,False,research assumption,"official RIC-rule derivation, checked against available description/cache","direct historical quotation evidence, gated at each signal","rule/calendar derivation, distinct from final quote",research assumption,research assumption,"Treat ordinary AAPL OPRA calls as unadjusted standard American 100-share contracts, based on OCC specifications, ordinary identifiers, available descriptions and the corporate-action review. Not vendor-confirmed contract-by-contract historical deliverables.","[""https://www.theocc.com/clearance-and-settlement/clearing/equity-options-product-specifications"",""https://www.optionseducation.org/referencelibrary/faq/splits-mergers-spinoffs-bankruptcies"",""https://investor.apple.com/faq./default.aspx"",""https://infomemo.theocc.com/infomemos?number=47369""]",[],"{""corporate_actions"":{""apple_split_history"":""Apple public FAQ lists its last split in August 2020, before this sample."",""limitation"":""No detected conflicting corporate-action evidence; absence is not a vendor guarantee of every historical deliverable."",""provider_error"":null,""provider_events"":[],""provider_query_period"":[""2025-09-30"",""2026-09-30""],""sources"":[""https://investor.apple.com/faq./default.aspx"",""https://infomemo.theocc.com/infomemos?number=47369"",""https://www.theocc.com/clearance-and-settlement/clearing/equity-options-product-specifications"",""https://www.optionseducation.org/referencelibrary/faq/splits-mergers-spinoffs-bankruptcies""],""status"":""research screening, not a complete OCC memo search"",""unresolved_adjustment_event"":false},""current_description"":{""status"":""directly retrieved current metadata; not historical listing evidence""},""deliverable"":{""status"":""research assumption, not individually historically verified"",""value"":""100 AAPL shares""},""expiry"":{""status"":""RIC-derived; checked against source description/cache when available""},""historical_membership"":{""first"":""2026-06-29"",""last"":""2026-09-30"",""raw_sha256"":""bd6366d0d50f9bc9d8ea7367047c30de84b83e12f9394c8bf827cd15d52045d4"",""status"":""actual historical observations; per-signal availability gating""},""identity"":{""day_convention"":""zero-padded DD, instructor correction and retained real paired tests"",""fields"":[""underlying"",""cp"",""strike"",""expiry""],""source"":""https://developers.lseg.com/en/article-catalog/article/functions-to-find-option-rics-traded-on-different-exchanges"",""status"":""derived from official RIC rules""},""multiplier"":{""status"":""research assumption; supporting current lot-size metadata when available"",""value"":100},""scheduled_last_trading_date"":{""source"":""https://www.theocc.com/clearance-and-settlement/clearing/equity-options-product-specifications"",""status"":""rule/calendar-derived, not last observed quote""}}"
AAPLA212823000.U,AAPL.O,C,230.0,2028-01-21,2028-01-21,2026-06-29,2026-09-30,2028-01-21,100,100 AAPL shares,False,research assumption,"official RIC-rule derivation, checked against available description/cache","direct historical quotation evidence, gated at each signal","rule/calendar derivation, distinct from final quote",research assumption,research assumption,"Treat ordinary AAPL OPRA calls as unadjusted standard American 100-share contracts, based on OCC specifications, ordinary identifiers, available descriptions and the corporate-action review. Not vendor-confirmed contract-by-contract historical deliverables.","[""https://www.theocc.com/clearance-and-settlement/clearing/equity-options-product-specifications"",""https://www.optionseducation.org/referencelibrary/faq/splits-mergers-spinoffs-bankruptcies"",""https://investor.apple.com/faq./default.aspx"",""https://infomemo.theocc.com/infomemos?number=47369""]",[],"{""corporate_actions"":{""apple_split_history"":""Apple public FAQ lists its last split in August 2020, before this sample."",""limitation"":""No detected conflicting corporate-action evidence; absence is not a vendor guarantee of every historical deliverable."",""provider_error"":null,""provider_events"":[],""provider_query_period"":[""2025-09-30"",""2026-09-30""],""sources"":[""https://investor.apple.com/faq./default.aspx"",""https://infomemo.theocc.com/infomemos?number=47369"",""https://www.theocc.com/clearance-and-settlement/clearing/equity-options-product-specifications"",""https://www.optionseducation.org/referencelibrary/faq/splits-mergers-spinoffs-bankruptcies""],""status"":""research screening, not a complete OCC memo search"",""unresolved_adjustment_event"":false},""current_description"":{""status"":""directly retrieved current metadata; not historical listing evidence""},""deliverable"":{""status"":""research assumption, not individually historically verified"",""value"":""100 AAPL shares""},""expiry"":{""status"":""RIC-derived; checked against source description/cache when available""},""historical_membership"":{""first"":""2026-06-29"",""last"":""2026-09-30"",""raw_sha256"":""3cb3546c9a215edabf6ddc434dbbf70f96c86194d69e2e402069067e0877850a"",""status"":""actual historical observations; per-signal availability gating""},""identity"":{""day_convention"":""zero-padded DD, instructor correction and retained real paired tests"",""fields"":[""underlying"",""cp"",""strike"",""expiry""],""source"":""https://developers.lseg.com/en/article-catalog/article/functions-to-find-option-rics-traded-on-different-exchanges"",""status"":""derived from official RIC rules""},""multiplier"":{""status"":""research assumption; supporting current lot-size metadata when available"",""value"":100},""scheduled_last_trading_date"":{""source"":""https://www.theocc.com/clearance-and-settlement/clearing/equity-options-product-specifications"",""status"":""rule/calendar-derived, not last observed quote""}}"
AAPLA212824000.U,AAPL.O,C,240.0,2028-01-21,2028-01-21,2026-06-29,2026-09-30,2028-01-21,100,100 AAPL shares,False,research assumption,"official RIC-rule derivation, checked against available description/cache","direct historical quotation evidence, gated at each signal","rule/calendar derivation, distinct from final quote",research assumption,research assumption,"Treat ordinary AAPL OPRA calls as unadjusted standard American 100-share contracts, based on OCC specifications, ordinary identifiers, available descriptions and the corporate-action review. Not vendor-confirmed contract-by-contract historical deliverables.","[""https://www.theocc.com/clearance-and-settlement/clearing/equity-options-product-specifications"",""https://www.optionseducation.org/referencelibrary/faq/splits-mergers-spinoffs-bankruptcies"",""https://investor.apple.com/faq./default.aspx"",""https://infomemo.theocc.com/infomemos?number=47369""]",[],"{""corporate_actions"":{""apple_split_history"":""Apple public FAQ lists its last split in August 2020, before this sample."",""limitation"":""No detected conflicting corporate-action evidence; absence is not a vendor guarantee of every historical deliverable."",""provider_error"":null,""provider_events"":[],""provider_query_period"":[""2025-09-30"",""2026-09-30""],""sources"":[""https://investor.apple.com/faq./default.aspx"",""https://infomemo.theocc.com/infomemos?number=47369"",""https://www.theocc.com/clearance-and-settlement/clearing/equity-options-product-specifications"",""https://www.optionseducation.org/referencelibrary/faq/splits-mergers-spinoffs-bankruptcies""],""status"":""research screening, not a complete OCC memo search"",""unresolved_adjustment_event"":false},""current_description"":{""status"":""directly retrieved current metadata; not historical listing evidence""},""deliverable"":{""status"":""research assumption, not individually historically verified"",""value"":""100 AAPL shares""},""expiry"":{""status"":""RIC-derived; checked against source description/cache when available""},""historical_membership"":{""first"":""2026-06-29"",""last"":""2026-09-30"",""raw_sha256"":""4fb59134b814316d1bb8795e4d8b0d21700589a2d2052c641112abcef31d98b0"",""status"":""actual historical observations; per-signal availability gating""},""identity"":{""day_convention"":""zero-padded DD, instructor correction and retained real paired tests"",""fields"":[""underlying"",""cp"",""strike"",""expiry""],""source"":""https://developers.lseg.com/en/article-catalog/article/functions-to-find-option-rics-traded-on-different-exchanges"",""status"":""derived from official RIC rules""},""multiplier"":{""status"":""research assumption; supporting current lot-size metadata when available"",""value"":100},""scheduled_last_trading_date"":{""source"":""https://www.theocc.com/clearance-and-settlement/clearing/equity-options-product-specifications"",""status"":""rule/calendar-derived, not last observed quote""}}"
AAPLA212825000.U,AAPL.O,C,250.0,2028-01-21,2028-01-21,2026-06-29,2026-09-30,2028-01-21,100,100 AAPL shares,False,research assumption,"official RIC-rule derivation, checked against available description/cache","direct historical quotation evidence, gated at each signal","rule/calendar derivation, distinct from final quote",research assumption,research assumption,"Treat ordinary AAPL OPRA calls as unadjusted standard American 100-share contracts, based on OCC specifications, ordinary identifiers, available descriptions and the corporate-action review. Not vendor-confirmed contract-by-contract historical deliverables.","[""https://www.theocc.com/clearance-and-settlement/clearing/equity-options-product-specifications"",""https://www.optionseducation.org/referencelibrary/faq/splits-mergers-spinoffs-bankruptcies"",""https://investor.apple.com/faq./default.aspx"",""https://infomemo.theocc.com/infomemos?number=47369""]",[],"{""corporate_actions"":{""apple_split_history"":""Apple public FAQ lists its last split in August 2020, before this sample."",""limitation"":""No detected conflicting corporate-action evidence; absence is not a vendor guarantee of every historical deliverable."",""provider_error"":null,""provider_events"":[],""provider_query_period"":[""2025-09-30"",""2026-09-30""],""sources"":[""https://investor.apple.com/faq./default.aspx"",""https://infomemo.theocc.com/infomemos?number=47369"",""https://www.theocc.com/clearance-and-settlement/clearing/equity-options-product-specifications"",""https://www.optionseducation.org/referencelibrary/faq/splits-mergers-spinoffs-bankruptcies""],""status"":""research screening, not a complete OCC memo search"",""unresolved_adjustment_event"":false},""current_description"":{""status"":""directly retrieved current metadata; not historical listing evidence""},""deliverable"":{""status"":""research assumption, not individually historically verified"",""value"":""100 AAPL shares""},""expiry"":{""status"":""RIC-derived; checked against source description/cache when available""},""historical_membership"":{""first"":""2026-06-29"",""last"":""2026-09-30"",""raw_sha256"":""3a2ecaf43b8e00e465cc3e465bafd5953f8933d9b687b5e4f605ab48751fd54a"",""status"":""actual historical observations; per-signal availability gating""},""identity"":{""day_convention"":""zero-padded DD, instructor correction and retained real paired tests"",""fields"":[""underlying"",""cp"",""strike"",""expiry""],""source"":""https://developers.lseg.com/en/article-catalog/article/functions-to-find-option-rics-traded-on-different-exchanges"",""status"":""derived from official RIC rules""},""multiplier"":{""status"":""research assumption; supporting current lot-size metadata when available"",""value"":100},""scheduled_last_trading_date"":{""source"":""https://www.theocc.com/clearance-and-settlement/clearing/equity-options-product-specifications"",""status"":""rule/calendar-derived, not last observed quote""}}"
AAPLC172810000.U,AAPL.O,C,100.0,2028-03-17,2028-03-17,2026-06-29,2026-09-30,2028-03-17,100,100 AAPL shares,False,research assumption,"official RIC-rule derivation, checked against available description/cache","direct historical quotation evidence, gated at each signal","rule/calendar derivation, distinct from final quote",research assumption,research assumption,"Treat ordinary AAPL OPRA calls as unadjusted standard American 100-share contracts, based on OCC specifications, ordinary identifiers, available descriptions and the corporate-action review. Not vendor-confirmed contract-by-contract historical deliverables.","[""https://www.theocc.com/clearance-and-settlement/clearing/equity-options-product-specifications"",""https://www.optionseducation.org/referencelibrary/faq/splits-mergers-spinoffs-bankruptcies"",""https://investor.apple.com/faq./default.aspx"",""https://infomemo.theocc.com/infomemos?number=47369""]",[],"{""corporate_actions"":{""apple_split_history"":""Apple public FAQ lists its last split in August 2020, before this sample."",""limitation"":""No detected conflicting corporate-action evidence; absence is not a vendor guarantee of every historical deliverable."",""provider_error"":null,""provider_events"":[],""provider_query_period"":[""2025-09-30"",""2026-09-30""],""sources"":[""https://investor.apple.com/faq./default.aspx"",""https://infomemo.theocc.com/infomemos?number=47369"",""https://www.theocc.com/clearance-and-settlement/clearing/equity-options-product-specifications"",""https://www.optionseducation.org/referencelibrary/faq/splits-mergers-spinoffs-bankruptcies""],""status"":""research screening, not a complete OCC memo search"",""unresolved_adjustment_event"":false},""current_description"":{""status"":""directly retrieved current metadata; not historical listing evidence""},""deliverable"":{""status"":""research assumption, not individually historically verified"",""value"":""100 AAPL shares""},""expiry"":{""status"":""RIC-derived; checked against source description/cache when available""},""historical_membership"":{""first"":""2026-06-29"",""last"":""2026-09-30"",""raw_sha256"":""dd25d77e0d157cee430f2c0fdf7bc67a22bc8a628d762edec04e8ec942cceb55"",""status"":""actual historical observations; per-signal availability gating""},""identity"":{""day_convention"":""zero-padded DD, instructor correction and retained real paired tests"",""fields"":[""underlying"",""cp"",""strike"",""expiry""],""source"":""https://developers.lseg.com/en/article-catalog/article/functions-to-find-option-rics-traded-on-different-exchanges"",""status"":""derived from official RIC rules""},""multiplier"":{""status"":""research assumption; supporting current lot-size metadata when available"",""value"":100},""scheduled_last_trading_date"":{""source"":""https://www.theocc.com/clearance-and-settlement/clearing/equity-options-product-specifications"",""status"":""rule/calendar-derived, not last observed quote""}}"
AAPLC172810500.U,AAPL.O,C,105.0,2028-03-17,2028-03-17,2026-06-29,2026-09-30,2028-03-17,100,100 AAPL shares,False,research assumption,"official RIC-rule derivation, checked against available description/cache","direct historical quotation evidence, gated at each signal","rule/calendar derivation, distinct from final quote",research assumption,research assumption,"Treat ordinary AAPL OPRA calls as unadjusted standard American 100-share contracts, based on OCC specifications, ordinary identifiers, available descriptions and the corporate-action review. Not vendor-confirmed contract-by-contract historical deliverables.","[""https://www.theocc.com/clearance-and-settlement/clearing/equity-options-product-specifications"",""https://www.optionseducation.org/referencelibrary/faq/splits-mergers-spinoffs-bankruptcies"",""https://investor.apple.com/faq./default.aspx"",""https://infomemo.theocc.com/infomemos?number=47369""]",[],"{""corporate_actions"":{""apple_split_history"":""Apple public FAQ lists its last split in August 2020, before this sample."",""limitation"":""No detected conflicting corporate-action evidence; absence is not a vendor guarantee of every historical deliverable."",""provider_error"":null,""provider_events"":[],""provider_query_period"":[""2025-09-30"",""2026-09-30""],""sources"":[""https://investor.apple.com/faq./default.aspx"",""https://infomemo.theocc.com/infomemos?number=47369"",""https://www.theocc.com/clearance-and-settlement/clearing/equity-options-product-specifications"",""https://www.optionseducation.org/referencelibrary/faq/splits-mergers-spinoffs-bankruptcies""],""status"":""research screening, not a complete OCC memo search"",""unresolved_adjustment_event"":false},""current_description"":{""status"":""directly retrieved current metadata; not historical listing evidence""},""deliverable"":{""status"":""research assumption, not individually historically verified"",""value"":""100 AAPL shares""},""expiry"":{""status"":""RIC-derived; checked against source description/cache when available""},""historical_membership"":{""first"":""2026-06-29"",""last"":""2026-09-30"",""raw_sha256"":""9e02512096e0186fef18a4352649568afebfac497741d1e2bc5fdcd0b1f21dc7"",""status"":""actual historical observations; per-signal availability gating""},""identity"":{""day_convention"":""zero-padded DD, instructor correction and retained real paired tests"",""fields"":[""underlying"",""cp"",""strike"",""expiry""],""source"":""https://developers.lseg.com/en/article-catalog/article/functions-to-find-option-rics-traded-on-different-exchanges"",""status"":""derived from official RIC rules""},""multiplier"":{""status"":""research assumption; supporting current lot-size metadata when available"",""value"":100},""scheduled_last_trading_date"":{""source"":""https://www.theocc.com/clearance-and-settlement/clearing/equity-options-product-specifications"",""status"":""rule/calendar-derived, not last observed quote""}}"
AAPLC172811000.U,AAPL.O,C,110.0,2028-03-17,2028-03-17,2026-06-29,2026-09-30,2028-03-17,100,100 AAPL shares,False,research assumption,"official RIC-rule derivation, checked against available description/cache","direct historical quotation evidence, gated at each signal","rule/calendar derivation, distinct from final quote",research assumption,research assumption,"Treat ordinary AAPL OPRA calls as unadjusted standard American 100-share contracts, based on OCC specifications, ordinary identifiers, available descriptions and the corporate-action review. Not vendor-confirmed contract-by-contract historical deliverables.","[""https://www.theocc.com/clearance-and-settlement/clearing/equity-options-product-specifications"",""https://www.optionseducation.org/referencelibrary/faq/splits-mergers-spinoffs-bankruptcies"",""https://investor.apple.com/faq./default.aspx"",""https://infomemo.theocc.com/infomemos?number=47369""]",[],"{""corporate_actions"":{""apple_split_history"":""Apple public FAQ lists its last split in August 2020, before this sample."",""limitation"":""No detected conflicting corporate-action evidence; absence is not a vendor guarantee of every historical deliverable."",""provider_error"":null,""provider_events"":[],""provider_query_period"":[""2025-09-30"",""2026-09-30""],""sources"":[""https://investor.apple.com/faq./default.aspx"",""https://infomemo.theocc.com/infomemos?number=47369"",""https://www.theocc.com/clearance-and-settlement/clearing/equity-options-product-specifications"",""https://www.optionseducation.org/referencelibrary/faq/splits-mergers-spinoffs-bankruptcies""],""status"":""research screening, not a complete OCC memo search"",""unresolved_adjustment_event"":false},""current_description"":{""status"":""directly retrieved current metadata; not historical listing evidence""},""deliverable"":{""status"":""research assumption, not individually historically verified"",""value"":""100 AAPL shares""},""expiry"":{""status"":""RIC-derived; checked against source description/cache when available""},""historical_membership"":{""first"":""2026-06-29"",""last"":""2026-09-30"",""raw_sha256"":""38b7d0b2f70abe9188c1b317efa059fed32dea9497b7ab948c750ebcf9208f17"",""status"":""actual historical observations; per-signal availability gating""},""identity"":{""day_convention"":""zero-padded DD, instructor correction and retained real paired tests"",""fields"":[""underlying"",""cp"",""strike"",""expiry""],""source"":""https://developers.lseg.com/en/article-catalog/article/functions-to-find-option-rics-traded-on-different-exchanges"",""status"":""derived from official RIC rules""},""multiplier"":{""status"":""research assumption; supporting current lot-size metadata when available"",""value"":100},""scheduled_last_trading_date"":{""source"":""https://www.theocc.com/clearance-and-settlement/clearing/equity-options-product-specifications"",""status"":""rule/calendar-derived, not last observed quote""}}"
AAPLC172811500.U,AAPL.O,C,115.0,2028-03-17,2028-03-17,2026-06-29,2026-09-30,2028-03-17,100,100 AAPL shares,False,research assumption,"official RIC-rule derivation, checked against available description/cache","direct historical quotation evidence, gated at each signal","rule/calendar derivation, distinct from final quote",research assumption,research assumption,"Treat ordinary AAPL OPRA calls as unadjusted standard American 100-share contracts, based on OCC specifications, ordinary identifiers, available descriptions and the corporate-action review. Not vendor-confirmed contract-by-contract historical deliverables.","[""https://www.theocc.com/clearance-and-settlement/clearing/equity-options-product-specifications"",""https://www.optionseducation.org/referencelibrary/faq/splits-mergers-spinoffs-bankruptcies"",""https://investor.apple.com/faq./default.aspx"",""https://infomemo.theocc.com/infomemos?number=47369""]",[],"{""corporate_actions"":{""apple_split_history"":""Apple public FAQ lists its last split in August 2020, before this sample."",""limitation"":""No detected conflicting corporate-action evidence; absence is not a vendor guarantee of every historical deliverable."",""provider_error"":null,""provider_events"":[],""provider_query_period"":[""2025-09-30"",""2026-09-30""],""sources"":[""https://investor.apple.com/faq./default.aspx"",""https://infomemo.theocc.com/infomemos?number=47369"",""https://www.theocc.com/clearance-and-settlement/clearing/equity-options-product-specifications"",""https://www.optionseducation.org/referencelibrary/faq/splits-mergers-spinoffs-bankruptcies""],""status"":""research screening, not a complete OCC memo search"",""unresolved_adjustment_event"":false},""current_description"":{""status"":""directly retrieved current metadata; not historical listing evidence""},""deliverable"":{""status"":""research assumption, not individually historically verified"",""value"":""100 AAPL shares""},""expiry"":{""status"":""RIC-derived; checked against source description/cache when available""},""historical_membership"":{""first"":""2026-06-29"",""last"":""2026-09-30"",""raw_sha256"":""fab0b607fc160cb920f3ea3e4fa73258e7d0aaa05f7f861ab1a948cba7ddc1db"",""status"":""actual historical observations; per-signal availability gating""},""identity"":{""day_convention"":""zero-padded DD, instructor correction and retained real paired tests"",""fields"":[""underlying"",""cp"",""strike"",""expiry""],""source"":""https://developers.lseg.com/en/article-catalog/article/functions-to-find-option-rics-traded-on-different-exchanges"",""status"":""derived from official RIC rules""},""multiplier"":{""status"":""research assumption; supporting current lot-size metadata when available"",""value"":100},""scheduled_last_trading_date"":{""source"":""https://www.theocc.com/clearance-and-settlement/clearing/equity-options-product-specifications"",""status"":""rule/calendar-derived, not last observed quote""}}"
AAPLC172812000.U,AAPL.O,C,120.0,2028-03-17,2028-03-17,2026-06-29,2026-09-30,2028-03-17,100,100 AAPL shares,False,research assumption,"official RIC-rule derivation, checked against available description/cache","direct historical quotation evidence, gated at each signal","rule/calendar derivation, distinct from final quote",research assumption,research assumption,"Treat ordinary AAPL OPRA calls as unadjusted standard American 100-share contracts, based on OCC specifications, ordinary identifiers, available descriptions and the corporate-action review. Not vendor-confirmed contract-by-contract historical deliverables.","[""https://www.theocc.com/clearance-and-settlement/clearing/equity-options-product-specifications"",""https://www.optionseducation.org/referencelibrary/faq/splits-mergers-spinoffs-bankruptcies"",""https://investor.apple.com/faq./default.aspx"",""https://infomemo.theocc.com/infomemos?number=47369""]",[],"{""corporate_actions"":{""apple_split_history"":""Apple public FAQ lists its last split in August 2020, before this sample."",""limitation"":""No detected conflicting corporate-action evidence; absence is not a vendor guarantee of every historical deliverable."",""provider_error"":null,""provider_events"":[],""provider_query_period"":[""2025-09-30"",""2026-09-30""],""sources"":[""https://investor.apple.com/faq./default.aspx"",""https://infomemo.theocc.com/infomemos?number=47369"",""https://www.theocc.com/clearance-and-settlement/clearing/equity-options-product-specifications"",""https://www.optionseducation.org/referencelibrary/faq/splits-mergers-spinoffs-bankruptcies""],""status"":""research screening, not a complete OCC memo search"",""unresolved_adjustment_event"":false},""current_description"":{""status"":""directly retrieved current metadata; not historical listing evidence""},""deliverable"":{""status"":""research assumption, not individually historically verified"",""value"":""100 AAPL shares""},""expiry"":{""status"":""RIC-derived; checked against source description/cache when available""},""historical_membership"":{""first"":""2026-06-29"",""last"":""2026-09-30"",""raw_sha256"":""e5b8f6ab107aff9ed0fbf5dbdb925d41e9de682cbdc8d023a1a1ae3111c64d59"",""status"":""actual historical observations; per-signal availability gating""},""identity"":{""day_convention"":""zero-padded DD, instructor correction and retained real paired tests"",""fields"":[""underlying"",""cp"",""strike"",""expiry""],""source"":""https://developers.lseg.com/en/article-catalog/article/functions-to-find-option-rics-traded-on-different-exchanges"",""status"":""derived from official RIC rules""},""multiplier"":{""status"":""research assumption; supporting current lot-size metadata when available"",""value"":100},""scheduled_last_trading_date"":{""source"":""https://www.theocc.com/clearance-and-settlement/clearing/equity-options-product-specifications"",""status"":""rule/calendar-derived, not last observed quote""}}"
AAPLC172812500.U,AAPL.O,C,125.0,2028-03-17,2028-03-17,2026-06-29,2026-09-30,2028-03-17,100,100 AAPL shares,False,research assumption,"official RIC-rule derivation, checked against available description/cache","direct historical quotation evidence, gated at each signal","rule/calendar derivation, distinct from final quote",research assumption,research assumption,"Treat ordinary AAPL OPRA calls as unadjusted standard American 100-share contracts, based on OCC specifications, ordinary identifiers, available descriptions and the corporate-action review. Not vendor-confirmed contract-by-contract historical deliverables.","[""https://www.theocc.com/clearance-and-settlement/clearing/equity-options-product-specifications"",""https://www.optionseducation.org/referencelibrary/faq/splits-mergers-spinoffs-bankruptcies"",""https://investor.apple.com/faq./default.aspx"",""https://infomemo.theocc.com/infomemos?number=47369""]",[],"{""corporate_actions"":{""apple_split_history"":""Apple public FAQ lists its last split in August 2020, before this sample."",""limitation"":""No detected conflicting corporate-action evidence; absence is not a vendor guarantee of every historical deliverable."",""provider_error"":null,""provider_events"":[],""provider_query_period"":[""2025-09-30"",""2026-09-30""],""sources"":[""https://investor.apple.com/faq./default.aspx"",""https://infomemo.theocc.com/infomemos?number=47369"",""https://www.theocc.com/clearance-and-settlement/clearing/equity-options-product-specifications"",""https://www.optionseducation.org/referencelibrary/faq/splits-mergers-spinoffs-bankruptcies""],""status"":""research screening, not a complete OCC memo search"",""unresolved_adjustment_event"":false},""current_description"":{""status"":""directly retrieved current metadata; not historical listing evidence""},""deliverable"":{""status"":""research assumption, not individually historically verified"",""value"":""100 AAPL shares""},""expiry"":{""status"":""RIC-derived; checked against source description/cache when available""},""historical_membership"":{""first"":""2026-06-29"",""last"":""2026-09-30"",""raw_sha256"":""3b733fa21b77711272c73ee3a8097577b262a481f20a02c029993d70e8fad3cb"",""status"":""actual historical observations; per-signal availability gating""},""identity"":{""day_convention"":""zero-padded DD, instructor correction and retained real paired tests"",""fields"":[""underlying"",""cp"",""strike"",""expiry""],""source"":""https://developers.lseg.com/en/article-catalog/article/functions-to-find-option-rics-traded-on-different-exchanges"",""status"":""derived from official RIC rules""},""multiplier"":{""status"":""research assumption; supporting current lot-size metadata when available"",""value"":100},""scheduled_last_trading_date"":{""source"":""https://www.theocc.com/clearance-and-settlement/clearing/equity-options-product-specifications"",""status"":""rule/calendar-derived, not last observed quote""}}"
AAPLC172813000.U,AAPL.O,C,130.0,2028-03-17,2028-03-17,2026-06-29,2026-09-30,2028-03-17,100,100 AAPL shares,False,research assumption,"official RIC-rule derivation, checked against available description/cache","direct historical quotation evidence, gated at each signal","rule/calendar derivation, distinct from final quote",research assumption,research assumption,"Treat ordinary AAPL OPRA calls as unadjusted standard American 100-share contracts, based on OCC specifications, ordinary identifiers, available descriptions and the corporate-action review. Not vendor-confirmed contract-by-contract historical deliverables.","[""https://www.theocc.com/clearance-and-settlement/clearing/equity-options-product-specifications"",""https://www.optionseducation.org/referencelibrary/faq/splits-mergers-spinoffs-bankruptcies"",""https://investor.apple.com/faq./default.aspx"",""https://infomemo.theocc.com/infomemos?number=47369""]",[],"{""corporate_actions"":{""apple_split_history"":""Apple public FAQ lists its last split in August 2020, before this sample."",""limitation"":""No detected conflicting corporate-action evidence; absence is not a vendor guarantee of every historical deliverable."",""provider_error"":null,""provider_events"":[],""provider_query_period"":[""2025-09-30"",""2026-09-30""],""sources"":[""https://investor.apple.com/faq./default.aspx"",""https://infomemo.theocc.com/infomemos?number=47369"",""https://www.theocc.com/clearance-and-settlement/clearing/equity-options-product-specifications"",""https://www.optionseducation.org/referencelibrary/faq/splits-mergers-spinoffs-bankruptcies""],""status"":""research screening, not a complete OCC memo search"",""unresolved_adjustment_event"":false},""current_description"":{""status"":""directly retrieved current metadata; not historical listing evidence""},""deliverable"":{""status"":""research assumption, not individually historically verified"",""value"":""100 AAPL shares""},""expiry"":{""status"":""RIC-derived; checked against source description/cache when available""},""historical_membership"":{""first"":""2026-06-29"",""last"":""2026-09-30"",""raw_sha256"":""cee694c6837f578e8659e8902e72c7ae5421fbd6e731fcad50e3e0e335c9193e"",""status"":""actual historical observations; per-signal availability gating""},""identity"":{""day_convention"":""zero-padded DD, instructor correction and retained real paired tests"",""fields"":[""underlying"",""cp"",""strike"",""expiry""],""source"":""https://developers.lseg.com/en/article-catalog/article/functions-to-find-option-rics-traded-on-different-exchanges"",""status"":""derived from official RIC rules""},""multiplier"":{""status"":""research assumption; supporting current lot-size metadata when available"",""value"":100},""scheduled_last_trading_date"":{""source"":""https://www.theocc.com/clearance-and-settlement/clearing/equity-options-product-specifications"",""status"":""rule/calendar-derived, not last observed quote""}}"
AAPLC172813500.U,AAPL.O,C,135.0,2028-03-17,2028-03-17,2026-06-29,2026-09-30,2028-03-17,100,100 AAPL shares,False,research assumption,"official RIC-rule derivation, checked against available description/cache","direct historical quotation evidence, gated at each signal","rule/calendar derivation, distinct from final quote",research assumption,research assumption,"Treat ordinary AAPL OPRA calls as unadjusted standard American 100-share contracts, based on OCC specifications, ordinary identifiers, available descriptions and the corporate-action review. Not vendor-confirmed contract-by-contract historical deliverables.","[""https://www.theocc.com/clearance-and-settlement/clearing/equity-options-product-specifications"",""https://www.optionseducation.org/referencelibrary/faq/splits-mergers-spinoffs-bankruptcies"",""https://investor.apple.com/faq./default.aspx"",""https://infomemo.theocc.com/infomemos?number=47369""]",[],"{""corporate_actions"":{""apple_split_history"":""Apple public FAQ lists its last split in August 2020, before this sample."",""limitation"":""No detected conflicting corporate-action evidence; absence is not a vendor guarantee of every historical deliverable."",""provider_error"":null,""provider_events"":[],""provider_query_period"":[""2025-09-30"",""2026-09-30""],""sources"":[""https://investor.apple.com/faq./default.aspx"",""https://infomemo.theocc.com/infomemos?number=47369"",""https://www.theocc.com/clearance-and-settlement/clearing/equity-options-product-specifications"",""https://www.optionseducation.org/referencelibrary/faq/splits-mergers-spinoffs-bankruptcies""],""status"":""research screening, not a complete OCC memo search"",""unresolved_adjustment_event"":false},""current_description"":{""status"":""directly retrieved current metadata; not historical listing evidence""},""deliverable"":{""status"":""research assumption, not individually historically verified"",""value"":""100 AAPL shares""},""expiry"":{""status"":""RIC-derived; checked against source description/cache when available""},""historical_membership"":{""first"":""2026-06-29"",""last"":""2026-09-30"",""raw_sha256"":""0d64659c2d656ec8c3bae4536bf654876cdd6a8258ec090798de3f4dc7ea77f4"",""status"":""actual historical observations; per-signal availability gating""},""identity"":{""day_convention"":""zero-padded DD, instructor correction and retained real paired tests"",""fields"":[""underlying"",""cp"",""strike"",""expiry""],""source"":""https://developers.lseg.com/en/article-catalog/article/functions-to-find-option-rics-traded-on-different-exchanges"",""status"":""derived from official RIC rules""},""multiplier"":{""status"":""research assumption; supporting current lot-size metadata when available"",""value"":100},""scheduled_last_trading_date"":{""source"":""https://www.theocc.com/clearance-and-settlement/clearing/equity-options-product-specifications"",""status"":""rule/calendar-derived, not last observed quote""}}"
AAPLC172814000.U,AAPL.O,C,140.0,2028-03-17,2028-03-17,2026-06-29,2026-09-30,2028-03-17,100,100 AAPL shares,False,research assumption,"official RIC-rule derivation, checked against available description/cache","direct historical quotation evidence, gated at each signal","rule/calendar derivation, distinct from final quote",research assumption,research assumption,"Treat ordinary AAPL OPRA calls as unadjusted standard American 100-share contracts, based on OCC specifications, ordinary identifiers, available descriptions and the corporate-action review. Not vendor-confirmed contract-by-contract historical deliverables.","[""https://www.theocc.com/clearance-and-settlement/clearing/equity-options-product-specifications"",""https://www.optionseducation.org/referencelibrary/faq/splits-mergers-spinoffs-bankruptcies"",""https://investor.apple.com/faq./default.aspx"",""https://infomemo.theocc.com/infomemos?number=47369""]",[],"{""corporate_actions"":{""apple_split_history"":""Apple public FAQ lists its last split in August 2020, before this sample."",""limitation"":""No detected conflicting corporate-action evidence; absence is not a vendor guarantee of every historical deliverable."",""provider_error"":null,""provider_events"":[],""provider_query_period"":[""2025-09-30"",""2026-09-30""],""sources"":[""https://investor.apple.com/faq./default.aspx"",""https://infomemo.theocc.com/infomemos?number=47369"",""https://www.theocc.com/clearance-and-settlement/clearing/equity-options-product-specifications"",""https://www.optionseducation.org/referencelibrary/faq/splits-mergers-spinoffs-bankruptcies""],""status"":""research screening, not a complete OCC memo search"",""unresolved_adjustment_event"":false},""current_description"":{""status"":""directly retrieved current metadata; not historical listing evidence""},""deliverable"":{""status"":""research assumption, not individually historically verified"",""value"":""100 AAPL shares""},""expiry"":{""status"":""RIC-derived; checked against source description/cache when available""},""historical_membership"":{""first"":""2026-06-29"",""last"":""2026-09-30"",""raw_sha256"":""7bfa594d1640d6ba88873cdc2b632d868e49eb72e4c89d45b5b04e1ea0b14ba2"",""status"":""actual historical observations; per-signal availability gating""},""identity"":{""day_convention"":""zero-padded DD, instructor correction and retained real paired tests"",""fields"":[""underlying"",""cp"",""strike"",""expiry""],""source"":""https://developers.lseg.com/en/article-catalog/article/functions-to-find-option-rics-traded-on-different-exchanges"",""status"":""derived from official RIC rules""},""multiplier"":{""status"":""research assumption; supporting current lot-size metadata when available"",""value"":100},""scheduled_last_trading_date"":{""source"":""https://www.theocc.com/clearance-and-settlement/clearing/equity-options-product-specifications"",""status"":""rule/calendar-derived, not last observed quote""}}"
AAPLC172814500.U,AAPL.O,C,145.0,2028-03-17,2028-03-17,2026-06-29,2026-09-30,2028-03-17,100,100 AAPL shares,False,research assumption,"official RIC-rule derivation, checked against available description/cache","direct historical quotation evidence, gated at each signal","rule/calendar derivation, distinct from final quote",research assumption,research assumption,"Treat ordinary AAPL OPRA calls as unadjusted standard American 100-share contracts, based on OCC specifications, ordinary identifiers, available descriptions and the corporate-action review. Not vendor-confirmed contract-by-contract historical deliverables.","[""https://www.theocc.com/clearance-and-settlement/clearing/equity-options-product-specifications"",""https://www.optionseducation.org/referencelibrary/faq/splits-mergers-spinoffs-bankruptcies"",""https://investor.apple.com/faq./default.aspx"",""https://infomemo.theocc.com/infomemos?number=47369""]",[],"{""corporate_actions"":{""apple_split_history"":""Apple public FAQ lists its last split in August 2020, before this sample."",""limitation"":""No detected conflicting corporate-action evidence; absence is not a vendor guarantee of every historical deliverable."",""provider_error"":null,""provider_events"":[],""provider_query_period"":[""2025-09-30"",""2026-09-30""],""sources"":[""https://investor.apple.com/faq./default.aspx"",""https://infomemo.theocc.com/infomemos?number=47369"",""https://www.theocc.com/clearance-and-settlement/clearing/equity-options-product-specifications"",""https://www.optionseducation.org/referencelibrary/faq/splits-mergers-spinoffs-bankruptcies""],""status"":""research screening, not a complete OCC memo search"",""unresolved_adjustment_event"":false},""current_description"":{""status"":""directly retrieved current metadata; not historical listing evidence""},""deliverable"":{""status"":""research assumption, not individually historically verified"",""value"":""100 AAPL shares""},""expiry"":{""status"":""RIC-derived; checked against source description/cache when available""},""historical_membership"":{""first"":""2026-06-29"",""last"":""2026-09-30"",""raw_sha256"":""76bf61fe0dc1d1a034d7d168219690003c4e4cb7c4695d68f2a5e0af78eb28b8"",""status"":""actual historical observations; per-signal availability gating""},""identity"":{""day_convention"":""zero-padded DD, instructor correction and retained real paired tests"",""fields"":[""underlying"",""cp"",""strike"",""expiry""],""source"":""https://developers.lseg.com/en/article-catalog/article/functions-to-find-option-rics-traded-on-different-exchanges"",""status"":""derived from official RIC rules""},""multiplier"":{""status"":""research assumption; supporting current lot-size metadata when available"",""value"":100},""scheduled_last_trading_date"":{""source"":""https://www.theocc.com/clearance-and-settlement/clearing/equity-options-product-specifications"",""status"":""rule/calendar-derived, not last observed quote""}}"
AAPLC172815000.U,AAPL.O,C,150.0,2028-03-17,2028-03-17,2026-06-29,2026-09-30,2028-03-17,100,100 AAPL shares,False,research assumption,"official RIC-rule derivation, checked against available description/cache","direct historical quotation evidence, gated at each signal","rule/calendar derivation, distinct from final quote",research assumption,research assumption,"Treat ordinary AAPL OPRA calls as unadjusted standard American 100-share contracts, based on OCC specifications, ordinary identifiers, available descriptions and the corporate-action review. Not vendor-confirmed contract-by-contract historical deliverables.","[""https://www.theocc.com/clearance-and-settlement/clearing/equity-options-product-specifications"",""https://www.optionseducation.org/referencelibrary/faq/splits-mergers-spinoffs-bankruptcies"",""https://investor.apple.com/faq./default.aspx"",""https://infomemo.theocc.com/infomemos?number=47369""]",[],"{""corporate_actions"":{""apple_split_history"":""Apple public FAQ lists its last split in August 2020, before this sample."",""limitation"":""No detected conflicting corporate-action evidence; absence is not a vendor guarantee of every historical deliverable."",""provider_error"":null,""provider_events"":[],""provider_query_period"":[""2025-09-30"",""2026-09-30""],""sources"":[""https://investor.apple.com/faq./default.aspx"",""https://infomemo.theocc.com/infomemos?number=47369"",""https://www.theocc.com/clearance-and-settlement/clearing/equity-options-product-specifications"",""https://www.optionseducation.org/referencelibrary/faq/splits-mergers-spinoffs-bankruptcies""],""status"":""research screening, not a complete OCC memo search"",""unresolved_adjustment_event"":false},""current_description"":{""status"":""directly retrieved current metadata; not historical listing evidence""},""deliverable"":{""status"":""research assumption, not individually historically verified"",""value"":""100 AAPL shares""},""expiry"":{""status"":""RIC-derived; checked against source description/cache when available""},""historical_membership"":{""first"":""2026-06-29"",""last"":""2026-09-30"",""raw_sha256"":""2f2cf26c1a0959fe3aa1d98a779c2cc0324a8eca22ccd33b804d98cd4c09224b"",""status"":""actual historical observations; per-signal availability gating""},""identity"":{""day_convention"":""zero-padded DD, instructor correction and retained real paired tests"",""fields"":[""underlying"",""cp"",""strike"",""expiry""],""source"":""https://developers.lseg.com/en/article-catalog/article/functions-to-find-option-rics-traded-on-different-exchanges"",""status"":""derived from official RIC rules""},""multiplier"":{""status"":""research assumption; supporting current lot-size metadata when available"",""value"":100},""scheduled_last_trading_date"":{""source"":""https://www.theocc.com/clearance-and-settlement/clearing/equity-options-product-specifications"",""status"":""rule/calendar-derived, not last observed quote""}}"
AAPLC172815500.U,AAPL.O,C,155.0,2028-03-17,2028-03-17,2026-06-29,2026-09-30,2028-03-17,100,100 AAPL shares,False,research assumption,"official RIC-rule derivation, checked against available description/cache","direct historical quotation evidence, gated at each signal","rule/calendar derivation, distinct from final quote",research assumption,research assumption,"Treat ordinary AAPL OPRA calls as unadjusted standard American 100-share contracts, based on OCC specifications, ordinary identifiers, available descriptions and the corporate-action review. Not vendor-confirmed contract-by-contract historical deliverables.","[""https://www.theocc.com/clearance-and-settlement/clearing/equity-options-product-specifications"",""https://www.optionseducation.org/referencelibrary/faq/splits-mergers-spinoffs-bankruptcies"",""https://investor.apple.com/faq./default.aspx"",""https://infomemo.theocc.com/infomemos?number=47369""]",[],"{""corporate_actions"":{""apple_split_history"":""Apple public FAQ lists its last split in August 2020, before this sample."",""limitation"":""No detected conflicting corporate-action evidence; absence is not a vendor guarantee of every historical deliverable."",""provider_error"":null,""provider_events"":[],""provider_query_period"":[""2025-09-30"",""2026-09-30""],""sources"":[""https://investor.apple.com/faq./default.aspx"",""https://infomemo.theocc.com/infomemos?number=47369"",""https://www.theocc.com/clearance-and-settlement/clearing/equity-options-product-specifications"",""https://www.optionseducation.org/referencelibrary/faq/splits-mergers-spinoffs-bankruptcies""],""status"":""research screening, not a complete OCC memo search"",""unresolved_adjustment_event"":false},""current_description"":{""status"":""directly retrieved current metadata; not historical listing evidence""},""deliverable"":{""status"":""research assumption, not individually historically verified"",""value"":""100 AAPL shares""},""expiry"":{""status"":""RIC-derived; checked against source description/cache when available""},""historical_membership"":{""first"":""2026-06-29"",""last"":""2026-09-30"",""raw_sha256"":""a799361cbc6c98d67a9cbe9e1f2119a1728f1df6764d73e7f6fba8e2ba6c2b71"",""status"":""actual historical observations; per-signal availability gating""},""identity"":{""day_convention"":""zero-padded DD, instructor correction and retained real paired tests"",""fields"":[""underlying"",""cp"",""strike"",""expiry""],""source"":""https://developers.lseg.com/en/article-catalog/article/functions-to-find-option-rics-traded-on-different-exchanges"",""status"":""derived from official RIC rules""},""multiplier"":{""status"":""research assumption; supporting current lot-size metadata when available"",""value"":100},""scheduled_last_trading_date"":{""source"":""https://www.theocc.com/clearance-and-settlement/clearing/equity-options-product-specifications"",""status"":""rule/calendar-derived, not last observed quote""}}"
AAPLC172816000.U,AAPL.O,C,160.0,2028-03-17,2028-03-17,2026-06-29,2026-09-30,2028-03-17,100,100 AAPL shares,False,research assumption,"official RIC-rule derivation, checked against available description/cache","direct historical quotation evidence, gated at each signal","rule/calendar derivation, distinct from final quote",research assumption,research assumption,"Treat ordinary AAPL OPRA calls as unadjusted standard American 100-share contracts, based on OCC specifications, ordinary identifiers, available descriptions and the corporate-action review. Not vendor-confirmed contract-by-contract historical deliverables.","[""https://www.theocc.com/clearance-and-settlement/clearing/equity-options-product-specifications"",""https://www.optionseducation.org/referencelibrary/faq/splits-mergers-spinoffs-bankruptcies"",""https://investor.apple.com/faq./default.aspx"",""https://infomemo.theocc.com/infomemos?number=47369""]",[],"{""corporate_actions"":{""apple_split_history"":""Apple public FAQ lists its last split in August 2020, before this sample."",""limitation"":""No detected conflicting corporate-action evidence; absence is not a vendor guarantee of every historical deliverable."",""provider_error"":null,""provider_events"":[],""provider_query_period"":[""2025-09-30"",""2026-09-30""],""sources"":[""https://investor.apple.com/faq./default.aspx"",""https://infomemo.theocc.com/infomemos?number=47369"",""https://www.theocc.com/clearance-and-settlement/clearing/equity-options-product-specifications"",""https://www.optionseducation.org/referencelibrary/faq/splits-mergers-spinoffs-bankruptcies""],""status"":""research screening, not a complete OCC memo search"",""unresolved_adjustment_event"":false},""current_description"":{""status"":""directly retrieved current metadata; not historical listing evidence""},""deliverable"":{""status"":""research assumption, not individually historically verified"",""value"":""100 AAPL shares""},""expiry"":{""status"":""RIC-derived; checked against source description/cache when available""},""historical_membership"":{""first"":""2026-06-29"",""last"":""2026-09-30"",""raw_sha256"":""f946e09f6226fc9a5678f55f6fee5518656c5910385ed0368754d6d8d0d3d8fb"",""status"":""actual historical observations; per-signal availability gating""},""identity"":{""day_convention"":""zero-padded DD, instructor correction and retained real paired tests"",""fields"":[""underlying"",""cp"",""strike"",""expiry""],""source"":""https://developers.lseg.com/en/article-catalog/article/functions-to-find-option-rics-traded-on-different-exchanges"",""status"":""derived from official RIC rules""},""multiplier"":{""status"":""research assumption; supporting current lot-size metadata when available"",""value"":100},""scheduled_last_trading_date"":{""source"":""https://www.theocc.com/clearance-and-settlement/clearing/equity-options-product-specifications"",""status"":""rule/calendar-derived, not last observed quote""}}"
AAPLC172816500.U,AAPL.O,C,165.0,2028-03-17,2028-03-17,2026-06-29,2026-09-30,2028-03-17,100,100 AAPL shares,False,research assumption,"official RIC-rule derivation, checked against available description/cache","direct historical quotation evidence, gated at each signal","rule/calendar derivation, distinct from final quote",research assumption,research assumption,"Treat ordinary AAPL OPRA calls as unadjusted standard American 100-share contracts, based on OCC specifications, ordinary identifiers, available descriptions and the corporate-action review. Not vendor-confirmed contract-by-contract historical deliverables.","[""https://www.theocc.com/clearance-and-settlement/clearing/equity-options-product-specifications"",""https://www.optionseducation.org/referencelibrary/faq/splits-mergers-spinoffs-bankruptcies"",""https://investor.apple.com/faq./default.aspx"",""https://infomemo.theocc.com/infomemos?number=47369""]",[],"{""corporate_actions"":{""apple_split_history"":""Apple public FAQ lists its last split in August 2020, before this sample."",""limitation"":""No detected conflicting corporate-action evidence; absence is not a vendor guarantee of every historical deliverable."",""provider_error"":null,""provider_events"":[],""provider_query_period"":[""2025-09-30"",""2026-09-30""],""sources"":[""https://investor.apple.com/faq./default.aspx"",""https://infomemo.theocc.com/infomemos?number=47369"",""https://www.theocc.com/clearance-and-settlement/clearing/equity-options-product-specifications"",""https://www.optionseducation.org/referencelibrary/faq/splits-mergers-spinoffs-bankruptcies""],""status"":""research screening, not a complete OCC memo search"",""unresolved_adjustment_event"":false},""current_description"":{""status"":""directly retrieved current metadata; not historical listing evidence""},""deliverable"":{""status"":""research assumption, not individually historically verified"",""value"":""100 AAPL shares""},""expiry"":{""status"":""RIC-derived; checked against source description/cache when available""},""historical_membership"":{""first"":""2026-06-29"",""last"":""2026-09-30"",""raw_sha256"":""c7010165b17ea30ab3d073c3ce03fe7417286d7b9108bb646ef87c139b06a75a"",""status"":""actual historical observations; per-signal availability gating""},""identity"":{""day_convention"":""zero-padded DD, instructor correction and retained real paired tests"",""fields"":[""underlying"",""cp"",""strike"",""expiry""],""source"":""https://developers.lseg.com/en/article-catalog/article/functions-to-find-option-rics-traded-on-different-exchanges"",""status"":""derived from official RIC rules""},""multiplier"":{""status"":""research assumption; supporting current lot-size metadata when available"",""value"":100},""scheduled_last_trading_date"":{""source"":""https://www.theocc.com/clearance-and-settlement/clearing/equity-options-product-specifications"",""status"":""rule/calendar-derived, not last observed quote""}}"
AAPLC172817000.U,AAPL.O,C,170.0,2028-03-17,2028-03-17,2026-06-29,2026-09-30,2028-03-17,100,100 AAPL shares,False,research assumption,"official RIC-rule derivation, checked against available description/cache","direct historical quotation evidence, gated at each signal","rule/calendar derivation, distinct from final quote",research assumption,research assumption,"Treat ordinary AAPL OPRA calls as unadjusted standard American 100-share contracts, based on OCC specifications, ordinary identifiers, available descriptions and the corporate-action review. Not vendor-confirmed contract-by-contract historical deliverables.","[""https://www.theocc.com/clearance-and-settlement/clearing/equity-options-product-specifications"",""https://www.optionseducation.org/referencelibrary/faq/splits-mergers-spinoffs-bankruptcies"",""https://investor.apple.com/faq./default.aspx"",""https://infomemo.theocc.com/infomemos?number=47369""]",[],"{""corporate_actions"":{""apple_split_history"":""Apple public FAQ lists its last split in August 2020, before this sample."",""limitation"":""No detected conflicting corporate-action evidence; absence is not a vendor guarantee of every historical deliverable."",""provider_error"":null,""provider_events"":[],""provider_query_period"":[""2025-09-30"",""2026-09-30""],""sources"":[""https://investor.apple.com/faq./default.aspx"",""https://infomemo.theocc.com/infomemos?number=47369"",""https://www.theocc.com/clearance-and-settlement/clearing/equity-options-product-specifications"",""https://www.optionseducation.org/referencelibrary/faq/splits-mergers-spinoffs-bankruptcies""],""status"":""research screening, not a complete OCC memo search"",""unresolved_adjustment_event"":false},""current_description"":{""status"":""directly retrieved current metadata; not historical listing evidence""},""deliverable"":{""status"":""research assumption, not individually historically verified"",""value"":""100 AAPL shares""},""expiry"":{""status"":""RIC-derived; checked against source description/cache when available""},""historical_membership"":{""first"":""2026-06-29"",""last"":""2026-09-30"",""raw_sha256"":""197750495e48f1bcfb122d3b90cba4b785cb68d8e85ed7a146569e466be9186e"",""status"":""actual historical observations; per-signal availability gating""},""identity"":{""day_convention"":""zero-padded DD, instructor correction and retained real paired tests"",""fields"":[""underlying"",""cp"",""strike"",""expiry""],""source"":""https://developers.lseg.com/en/article-catalog/article/functions-to-find-option-rics-traded-on-different-exchanges"",""status"":""derived from official RIC rules""},""multiplier"":{""status"":""research assumption; supporting current lot-size metadata when available"",""value"":100},""scheduled_last_trading_date"":{""source"":""https://www.theocc.com/clearance-and-settlement/clearing/equity-options-product-specifications"",""status"":""rule/calendar-derived, not last observed quote""}}"
AAPLC172817500.U,AAPL.O,C,175.0,2028-03-17,2028-03-17,2026-06-29,2026-09-30,2028-03-17,100,100 AAPL shares,False,research assumption,"official RIC-rule derivation, checked against available description/cache","direct historical quotation evidence, gated at each signal","rule/calendar derivation, distinct from final quote",research assumption,research assumption,"Treat ordinary AAPL OPRA calls as unadjusted standard American 100-share contracts, based on OCC specifications, ordinary identifiers, available descriptions and the corporate-action review. Not vendor-confirmed contract-by-contract historical deliverables.","[""https://www.theocc.com/clearance-and-settlement/clearing/equity-options-product-specifications"",""https://www.optionseducation.org/referencelibrary/faq/splits-mergers-spinoffs-bankruptcies"",""https://investor.apple.com/faq./default.aspx"",""https://infomemo.theocc.com/infomemos?number=47369""]",[],"{""corporate_actions"":{""apple_split_history"":""Apple public FAQ lists its last split in August 2020, before this sample."",""limitation"":""No detected conflicting corporate-action evidence; absence is not a vendor guarantee of every historical deliverable."",""provider_error"":null,""provider_events"":[],""provider_query_period"":[""2025-09-30"",""2026-09-30""],""sources"":[""https://investor.apple.com/faq./default.aspx"",""https://infomemo.theocc.com/infomemos?number=47369"",""https://www.theocc.com/clearance-and-settlement/clearing/equity-options-product-specifications"",""https://www.optionseducation.org/referencelibrary/faq/splits-mergers-spinoffs-bankruptcies""],""status"":""research screening, not a complete OCC memo search"",""unresolved_adjustment_event"":false},""current_description"":{""status"":""directly retrieved current metadata; not historical listing evidence""},""deliverable"":{""status"":""research assumption, not individually historically verified"",""value"":""100 AAPL shares""},""expiry"":{""status"":""RIC-derived; checked against source description/cache when available""},""historical_membership"":{""first"":""2026-06-29"",""last"":""2026-09-30"",""raw_sha256"":""fe1f6b71d0b4483e94a554b338de3c77c08ac124c61341db409d8bf6996d8a40"",""status"":""actual historical observations; per-signal availability gating""},""identity"":{""day_convention"":""zero-padded DD, instructor correction and retained real paired tests"",""fields"":[""underlying"",""cp"",""strike"",""expiry""],""source"":""https://developers.lseg.com/en/article-catalog/article/functions-to-find-option-rics-traded-on-different-exchanges"",""status"":""derived from official RIC rules""},""multiplier"":{""status"":""research assumption; supporting current lot-size metadata when available"",""value"":100},""scheduled_last_trading_date"":{""source"":""https://www.theocc.com/clearance-and-settlement/clearing/equity-options-product-specifications"",""status"":""rule/calendar-derived, not last observed quote""}}"
AAPLC172818000.U,AAPL.O,C,180.0,2028-03-17,2028-03-17,2026-06-29,2026-09-30,2028-03-17,100,100 AAPL shares,False,research assumption,"official RIC-rule derivation, checked against available description/cache","direct historical quotation evidence, gated at each signal","rule/calendar derivation, distinct from final quote",research assumption,research assumption,"Treat ordinary AAPL OPRA calls as unadjusted standard American 100-share contracts, based on OCC specifications, ordinary identifiers, available descriptions and the corporate-action review. Not vendor-confirmed contract-by-contract historical deliverables.","[""https://www.theocc.com/clearance-and-settlement/clearing/equity-options-product-specifications"",""https://www.optionseducation.org/referencelibrary/faq/splits-mergers-spinoffs-bankruptcies"",""https://investor.apple.com/faq./default.aspx"",""https://infomemo.theocc.com/infomemos?number=47369""]",[],"{""corporate_actions"":{""apple_split_history"":""Apple public FAQ lists its last split in August 2020, before this sample."",""limitation"":""No detected conflicting corporate-action evidence; absence is not a vendor guarantee of every historical deliverable."",""provider_error"":null,""provider_events"":[],""provider_query_period"":[""2025-09-30"",""2026-09-30""],""sources"":[""https://investor.apple.com/faq./default.aspx"",""https://infomemo.theocc.com/infomemos?number=47369"",""https://www.theocc.com/clearance-and-settlement/clearing/equity-options-product-specifications"",""https://www.optionseducation.org/referencelibrary/faq/splits-mergers-spinoffs-bankruptcies""],""status"":""research screening, not a complete OCC memo search"",""unresolved_adjustment_event"":false},""current_description"":{""status"":""directly retrieved current metadata; not historical listing evidence""},""deliverable"":{""status"":""research assumption, not individually historically verified"",""value"":""100 AAPL shares""},""expiry"":{""status"":""RIC-derived; checked against source description/cache when available""},""historical_membership"":{""first"":""2026-06-29"",""last"":""2026-09-30"",""raw_sha256"":""804c41e6ac620909bcfc42232d972652ac5c2853e99be059adc35cc3236f25c1"",""status"":""actual historical observations; per-signal availability gating""},""identity"":{""day_convention"":""zero-padded DD, instructor correction and retained real paired tests"",""fields"":[""underlying"",""cp"",""strike"",""expiry""],""source"":""https://developers.lseg.com/en/article-catalog/article/functions-to-find-option-rics-traded-on-different-exchanges"",""status"":""derived from official RIC rules""},""multiplier"":{""status"":""research assumption; supporting current lot-size metadata when available"",""value"":100},""scheduled_last_trading_date"":{""source"":""https://www.theocc.com/clearance-and-settlement/clearing/equity-options-product-specifications"",""status"":""rule/calendar-derived, not last observed quote""}}"
AAPLC172818500.U,AAPL.O,C,185.0,2028-03-17,2028-03-17,2026-06-29,2026-09-30,2028-03-17,100,100 AAPL shares,False,research assumption,"official RIC-rule derivation, checked against available description/cache","direct historical quotation evidence, gated at each signal","rule/calendar derivation, distinct from final quote",research assumption,research assumption,"Treat ordinary AAPL OPRA calls as unadjusted standard American 100-share contracts, based on OCC specifications, ordinary identifiers, available descriptions and the corporate-action review. Not vendor-confirmed contract-by-contract historical deliverables.","[""https://www.theocc.com/clearance-and-settlement/clearing/equity-options-product-specifications"",""https://www.optionseducation.org/referencelibrary/faq/splits-mergers-spinoffs-bankruptcies"",""https://investor.apple.com/faq./default.aspx"",""https://infomemo.theocc.com/infomemos?number=47369""]",[],"{""corporate_actions"":{""apple_split_history"":""Apple public FAQ lists its last split in August 2020, before this sample."",""limitation"":""No detected conflicting corporate-action evidence; absence is not a vendor guarantee of every historical deliverable."",""provider_error"":null,""provider_events"":[],""provider_query_period"":[""2025-09-30"",""2026-09-30""],""sources"":[""https://investor.apple.com/faq./default.aspx"",""https://infomemo.theocc.com/infomemos?number=47369"",""https://www.theocc.com/clearance-and-settlement/clearing/equity-options-product-specifications"",""https://www.optionseducation.org/referencelibrary/faq/splits-mergers-spinoffs-bankruptcies""],""status"":""research screening, not a complete OCC memo search"",""unresolved_adjustment_event"":false},""current_description"":{""status"":""directly retrieved current metadata; not historical listing evidence""},""deliverable"":{""status"":""research assumption, not individually historically verified"",""value"":""100 AAPL shares""},""expiry"":{""status"":""RIC-derived; checked against source description/cache when available""},""historical_membership"":{""first"":""2026-06-29"",""last"":""2026-09-30"",""raw_sha256"":""fcde094c9feb63129a06db76baa736720cd3c8d4ec1ca63f28be2ffcdb12aab6"",""status"":""actual historical observations; per-signal availability gating""},""identity"":{""day_convention"":""zero-padded DD, instructor correction and retained real paired tests"",""fields"":[""underlying"",""cp"",""strike"",""expiry""],""source"":""https://developers.lseg.com/en/article-catalog/article/functions-to-find-option-rics-traded-on-different-exchanges"",""status"":""derived from official RIC rules""},""multiplier"":{""status"":""research assumption; supporting current lot-size metadata when available"",""value"":100},""scheduled_last_trading_date"":{""source"":""https://www.theocc.com/clearance-and-settlement/clearing/equity-options-product-specifications"",""status"":""rule/calendar-derived, not last observed quote""}}"
AAPLC172819000.U,AAPL.O,C,190.0,2028-03-17,2028-03-17,2026-06-29,2026-09-30,2028-03-17,100,100 AAPL shares,False,research assumption,"official RIC-rule derivation, checked against available description/cache","direct historical quotation evidence, gated at each signal","rule/calendar derivation, distinct from final quote",research assumption,research assumption,"Treat ordinary AAPL OPRA calls as unadjusted standard American 100-share contracts, based on OCC specifications, ordinary identifiers, available descriptions and the corporate-action review. Not vendor-confirmed contract-by-contract historical deliverables.","[""https://www.theocc.com/clearance-and-settlement/clearing/equity-options-product-specifications"",""https://www.optionseducation.org/referencelibrary/faq/splits-mergers-spinoffs-bankruptcies"",""https://investor.apple.com/faq./default.aspx"",""https://infomemo.theocc.com/infomemos?number=47369""]",[],"{""corporate_actions"":{""apple_split_history"":""Apple public FAQ lists its last split in August 2020, before this sample."",""limitation"":""No detected conflicting corporate-action evidence; absence is not a vendor guarantee of every historical deliverable."",""provider_error"":null,""provider_events"":[],""provider_query_period"":[""2025-09-30"",""2026-09-30""],""sources"":[""https://investor.apple.com/faq./default.aspx"",""https://infomemo.theocc.com/infomemos?number=47369"",""https://www.theocc.com/clearance-and-settlement/clearing/equity-options-product-specifications"",""https://www.optionseducation.org/referencelibrary/faq/splits-mergers-spinoffs-bankruptcies""],""status"":""research screening, not a complete OCC memo search"",""unresolved_adjustment_event"":false},""current_description"":{""status"":""directly retrieved current metadata; not historical listing evidence""},""deliverable"":{""status"":""research assumption, not individually historically verified"",""value"":""100 AAPL shares""},""expiry"":{""status"":""RIC-derived; checked against source description/cache when available""},""historical_membership"":{""first"":""2026-06-29"",""last"":""2026-09-30"",""raw_sha256"":""37917b318a2a5612fbbd74033503c2a36038792eb4dc62517de86723f75839d1"",""status"":""actual historical observations; per-signal availability gating""},""identity"":{""day_convention"":""zero-padded DD, instructor correction and retained real paired tests"",""fields"":[""underlying"",""cp"",""strike"",""expiry""],""source"":""https://developers.lseg.com/en/article-catalog/article/functions-to-find-option-rics-traded-on-different-exchanges"",""status"":""derived from official RIC rules""},""multiplier"":{""status"":""research assumption; supporting current lot-size metadata when available"",""value"":100},""scheduled_last_trading_date"":{""source"":""https://www.theocc.com/clearance-and-settlement/clearing/equity-options-product-specifications"",""status"":""rule/calendar-derived, not last observed quote""}}"
AAPLC172819500.U,AAPL.O,C,195.0,2028-03-17,2028-03-17,2026-06-29,2026-09-30,2028-03-17,100,100 AAPL shares,False,research assumption,"official RIC-rule derivation, checked against available description/cache","direct historical quotation evidence, gated at each signal","rule/calendar derivation, distinct from final quote",research assumption,research assumption,"Treat ordinary AAPL OPRA calls as unadjusted standard American 100-share contracts, based on OCC specifications, ordinary identifiers, available descriptions and the corporate-action review. Not vendor-confirmed contract-by-contract historical deliverables.","[""https://www.theocc.com/clearance-and-settlement/clearing/equity-options-product-specifications"",""https://www.optionseducation.org/referencelibrary/faq/splits-mergers-spinoffs-bankruptcies"",""https://investor.apple.com/faq./default.aspx"",""https://infomemo.theocc.com/infomemos?number=47369""]",[],"{""corporate_actions"":{""apple_split_history"":""Apple public FAQ lists its last split in August 2020, before this sample."",""limitation"":""No detected conflicting corporate-action evidence; absence is not a vendor guarantee of every historical deliverable."",""provider_error"":null,""provider_events"":[],""provider_query_period"":[""2025-09-30"",""2026-09-30""],""sources"":[""https://investor.apple.com/faq./default.aspx"",""https://infomemo.theocc.com/infomemos?number=47369"",""https://www.theocc.com/clearance-and-settlement/clearing/equity-options-product-specifications"",""https://www.optionseducation.org/referencelibrary/faq/splits-mergers-spinoffs-bankruptcies""],""status"":""research screening, not a complete OCC memo search"",""unresolved_adjustment_event"":false},""current_description"":{""status"":""directly retrieved current metadata; not historical listing evidence""},""deliverable"":{""status"":""research assumption, not individually historically verified"",""value"":""100 AAPL shares""},""expiry"":{""status"":""RIC-derived; checked against source description/cache when available""},""historical_membership"":{""first"":""2026-06-29"",""last"":""2026-09-30"",""raw_sha256"":""03be4320d4c68f2600c7d614d6ccd78eeea553cbe2e358a6da6baf5faa6f9411"",""status"":""actual historical observations; per-signal availability gating""},""identity"":{""day_convention"":""zero-padded DD, instructor correction and retained real paired tests"",""fields"":[""underlying"",""cp"",""strike"",""expiry""],""source"":""https://developers.lseg.com/en/article-catalog/article/functions-to-find-option-rics-traded-on-different-exchanges"",""status"":""derived from official RIC rules""},""multiplier"":{""status"":""research assumption; supporting current lot-size metadata when available"",""value"":100},""scheduled_last_trading_date"":{""source"":""https://www.theocc.com/clearance-and-settlement/clearing/equity-options-product-specifications"",""status"":""rule/calendar-derived, not last observed quote""}}"
AAPLC172820000.U,AAPL.O,C,200.0,2028-03-17,2028-03-17,2026-06-29,2026-09-30,2028-03-17,100,100 AAPL shares,False,research assumption,"official RIC-rule derivation, checked against available description/cache","direct historical quotation evidence, gated at each signal","rule/calendar derivation, distinct from final quote",research assumption,research assumption,"Treat ordinary AAPL OPRA calls as unadjusted standard American 100-share contracts, based on OCC specifications, ordinary identifiers, available descriptions and the corporate-action review. Not vendor-confirmed contract-by-contract historical deliverables.","[""https://www.theocc.com/clearance-and-settlement/clearing/equity-options-product-specifications"",""https://www.optionseducation.org/referencelibrary/faq/splits-mergers-spinoffs-bankruptcies"",""https://investor.apple.com/faq./default.aspx"",""https://infomemo.theocc.com/infomemos?number=47369""]",[],"{""corporate_actions"":{""apple_split_history"":""Apple public FAQ lists its last split in August 2020, before this sample."",""limitation"":""No detected conflicting corporate-action evidence; absence is not a vendor guarantee of every historical deliverable."",""provider_error"":null,""provider_events"":[],""provider_query_period"":[""2025-09-30"",""2026-09-30""],""sources"":[""https://investor.apple.com/faq./default.aspx"",""https://infomemo.theocc.com/infomemos?number=47369"",""https://www.theocc.com/clearance-and-settlement/clearing/equity-options-product-specifications"",""https://www.optionseducation.org/referencelibrary/faq/splits-mergers-spinoffs-bankruptcies""],""status"":""research screening, not a complete OCC memo search"",""unresolved_adjustment_event"":false},""current_description"":{""status"":""directly retrieved current metadata; not historical listing evidence""},""deliverable"":{""status"":""research assumption, not individually historically verified"",""value"":""100 AAPL shares""},""expiry"":{""status"":""RIC-derived; checked against source description/cache when available""},""historical_membership"":{""first"":""2026-06-29"",""last"":""2026-09-30"",""raw_sha256"":""967a1b1896254101023f193d1fa27a8118085351dffea164775ab281977a8aef"",""status"":""actual historical observations; per-signal availability gating""},""identity"":{""day_convention"":""zero-padded DD, instructor correction and retained real paired tests"",""fields"":[""underlying"",""cp"",""strike"",""expiry""],""source"":""https://developers.lseg.com/en/article-catalog/article/functions-to-find-option-rics-traded-on-different-exchanges"",""status"":""derived from official RIC rules""},""multiplier"":{""status"":""research assumption; supporting current lot-size metadata when available"",""value"":100},""scheduled_last_trading_date"":{""source"":""https://www.theocc.com/clearance-and-settlement/clearing/equity-options-product-specifications"",""status"":""rule/calendar-derived, not last observed quote""}}"
AAPLC172821000.U,AAPL.O,C,210.0,2028-03-17,2028-03-17,2026-06-29,2026-09-30,2028-03-17,100,100 AAPL shares,False,research assumption,"official RIC-rule derivation, checked against available description/cache","direct historical quotation evidence, gated at each signal","rule/calendar derivation, distinct from final quote",research assumption,research assumption,"Treat ordinary AAPL OPRA calls as unadjusted standard American 100-share contracts, based on OCC specifications, ordinary identifiers, available descriptions and the corporate-action review. Not vendor-confirmed contract-by-contract historical deliverables.","[""https://www.theocc.com/clearance-and-settlement/clearing/equity-options-product-specifications"",""https://www.optionseducation.org/referencelibrary/faq/splits-mergers-spinoffs-bankruptcies"",""https://investor.apple.com/faq./default.aspx"",""https://infomemo.theocc.com/infomemos?number=47369""]",[],"{""corporate_actions"":{""apple_split_history"":""Apple public FAQ lists its last split in August 2020, before this sample."",""limitation"":""No detected conflicting corporate-action evidence; absence is not a vendor guarantee of every historical deliverable."",""provider_error"":null,""provider_events"":[],""provider_query_period"":[""2025-09-30"",""2026-09-30""],""sources"":[""https://investor.apple.com/faq./default.aspx"",""https://infomemo.theocc.com/infomemos?number=47369"",""https://www.theocc.com/clearance-and-settlement/clearing/equity-options-product-specifications"",""https://www.optionseducation.org/referencelibrary/faq/splits-mergers-spinoffs-bankruptcies""],""status"":""research screening, not a complete OCC memo search"",""unresolved_adjustment_event"":false},""current_description"":{""status"":""directly retrieved current metadata; not historical listing evidence""},""deliverable"":{""status"":""research assumption, not individually historically verified"",""value"":""100 AAPL shares""},""expiry"":{""status"":""RIC-derived; checked against source description/cache when available""},""historical_membership"":{""first"":""2026-06-29"",""last"":""2026-09-30"",""raw_sha256"":""1baaa3bc19d411409fbf9b14a13eb4cb8eddd766209d2d8a5021e96e32a0d103"",""status"":""actual historical observations; per-signal availability gating""},""identity"":{""day_convention"":""zero-padded DD, instructor correction and retained real paired tests"",""fields"":[""underlying"",""cp"",""strike"",""expiry""],""source"":""https://developers.lseg.com/en/article-catalog/article/functions-to-find-option-rics-traded-on-different-exchanges"",""status"":""derived from official RIC rules""},""multiplier"":{""status"":""research assumption; supporting current lot-size metadata when available"",""value"":100},""scheduled_last_trading_date"":{""source"":""https://www.theocc.com/clearance-and-settlement/clearing/equity-options-product-specifications"",""status"":""rule/calendar-derived, not last observed quote""}}"
AAPLC172822000.U,AAPL.O,C,220.0,2028-03-17,2028-03-17,2026-06-29,2026-09-30,2028-03-17,100,100 AAPL shares,False,research assumption,"official RIC-rule derivation, checked against available description/cache","direct historical quotation evidence, gated at each signal","rule/calendar derivation, distinct from final quote",research assumption,research assumption,"Treat ordinary AAPL OPRA calls as unadjusted standard American 100-share contracts, based on OCC specifications, ordinary identifiers, available descriptions and the corporate-action review. Not vendor-confirmed contract-by-contract historical deliverables.","[""https://www.theocc.com/clearance-and-settlement/clearing/equity-options-product-specifications"",""https://www.optionseducation.org/referencelibrary/faq/splits-mergers-spinoffs-bankruptcies"",""https://investor.apple.com/faq./default.aspx"",""https://infomemo.theocc.com/infomemos?number=47369""]",[],"{""corporate_actions"":{""apple_split_history"":""Apple public FAQ lists its last split in August 2020, before this sample."",""limitation"":""No detected conflicting corporate-action evidence; absence is not a vendor guarantee of every historical deliverable."",""provider_error"":null,""provider_events"":[],""provider_query_period"":[""2025-09-30"",""2026-09-30""],""sources"":[""https://investor.apple.com/faq./default.aspx"",""https://infomemo.theocc.com/infomemos?number=47369"",""https://www.theocc.com/clearance-and-settlement/clearing/equity-options-product-specifications"",""https://www.optionseducation.org/referencelibrary/faq/splits-mergers-spinoffs-bankruptcies""],""status"":""research screening, not a complete OCC memo search"",""unresolved_adjustment_event"":false},""current_description"":{""status"":""directly retrieved current metadata; not historical listing evidence""},""deliverable"":{""status"":""research assumption, not individually historically verified"",""value"":""100 AAPL shares""},""expiry"":{""status"":""RIC-derived; checked against source description/cache when available""},""historical_membership"":{""first"":""2026-06-29"",""last"":""2026-09-30"",""raw_sha256"":""81fc65695e0ac1b0495d2682a48cfc817624fcd548cad6b64dc5b8dafe4b2c55"",""status"":""actual historical observations; per-signal availability gating""},""identity"":{""day_convention"":""zero-padded DD, instructor correction and retained real paired tests"",""fields"":[""underlying"",""cp"",""strike"",""expiry""],""source"":""https://developers.lseg.com/en/article-catalog/article/functions-to-find-option-rics-traded-on-different-exchanges"",""status"":""derived from official RIC rules""},""multiplier"":{""status"":""research assumption; supporting current lot-size metadata when available"",""value"":100},""scheduled_last_trading_date"":{""source"":""https://www.theocc.com/clearance-and-settlement/clearing/equity-options-product-specifications"",""status"":""rule/calendar-derived, not last observed quote""}}"
AAPLC172823000.U,AAPL.O,C,230.0,2028-03-17,2028-03-17,2026-06-29,2026-09-30,2028-03-17,100,100 AAPL shares,False,research assumption,"official RIC-rule derivation, checked against available description/cache","direct historical quotation evidence, gated at each signal","rule/calendar derivation, distinct from final quote",research assumption,research assumption,"Treat ordinary AAPL OPRA calls as unadjusted standard American 100-share contracts, based on OCC specifications, ordinary identifiers, available descriptions and the corporate-action review. Not vendor-confirmed contract-by-contract historical deliverables.","[""https://www.theocc.com/clearance-and-settlement/clearing/equity-options-product-specifications"",""https://www.optionseducation.org/referencelibrary/faq/splits-mergers-spinoffs-bankruptcies"",""https://investor.apple.com/faq./default.aspx"",""https://infomemo.theocc.com/infomemos?number=47369""]",[],"{""corporate_actions"":{""apple_split_history"":""Apple public FAQ lists its last split in August 2020, before this sample."",""limitation"":""No detected conflicting corporate-action evidence; absence is not a vendor guarantee of every historical deliverable."",""provider_error"":null,""provider_events"":[],""provider_query_period"":[""2025-09-30"",""2026-09-30""],""sources"":[""https://investor.apple.com/faq./default.aspx"",""https://infomemo.theocc.com/infomemos?number=47369"",""https://www.theocc.com/clearance-and-settlement/clearing/equity-options-product-specifications"",""https://www.optionseducation.org/referencelibrary/faq/splits-mergers-spinoffs-bankruptcies""],""status"":""research screening, not a complete OCC memo search"",""unresolved_adjustment_event"":false},""current_description"":{""status"":""directly retrieved current metadata; not historical listing evidence""},""deliverable"":{""status"":""research assumption, not individually historically verified"",""value"":""100 AAPL shares""},""expiry"":{""status"":""RIC-derived; checked against source description/cache when available""},""historical_membership"":{""first"":""2026-06-29"",""last"":""2026-09-30"",""raw_sha256"":""a5f547ac6ed133acdce251aaae68c97a833f54180462be3336de9d0aeaa18681"",""status"":""actual historical observations; per-signal availability gating""},""identity"":{""day_convention"":""zero-padded DD, instructor correction and retained real paired tests"",""fields"":[""underlying"",""cp"",""strike"",""expiry""],""source"":""https://developers.lseg.com/en/article-catalog/article/functions-to-find-option-rics-traded-on-different-exchanges"",""status"":""derived from official RIC rules""},""multiplier"":{""status"":""research assumption; supporting current lot-size metadata when available"",""value"":100},""scheduled_last_trading_date"":{""source"":""https://www.theocc.com/clearance-and-settlement/clearing/equity-options-product-specifications"",""status"":""rule/calendar-derived, not last observed quote""}}"
AAPLC172824000.U,AAPL.O,C,240.0,2028-03-17,2028-03-17,2026-06-29,2026-09-30,2028-03-17,100,100 AAPL shares,False,research assumption,"official RIC-rule derivation, checked against available description/cache","direct historical quotation evidence, gated at each signal","rule/calendar derivation, distinct from final quote",research assumption,research assumption,"Treat ordinary AAPL OPRA calls as unadjusted standard American 100-share contracts, based on OCC specifications, ordinary identifiers, available descriptions and the corporate-action review. Not vendor-confirmed contract-by-contract historical deliverables.","[""https://www.theocc.com/clearance-and-settlement/clearing/equity-options-product-specifications"",""https://www.optionseducation.org/referencelibrary/faq/splits-mergers-spinoffs-bankruptcies"",""https://investor.apple.com/faq./default.aspx"",""https://infomemo.theocc.com/infomemos?number=47369""]",[],"{""corporate_actions"":{""apple_split_history"":""Apple public FAQ lists its last split in August 2020, before this sample."",""limitation"":""No detected conflicting corporate-action evidence; absence is not a vendor guarantee of every historical deliverable."",""provider_error"":null,""provider_events"":[],""provider_query_period"":[""2025-09-30"",""2026-09-30""],""sources"":[""https://investor.apple.com/faq./default.aspx"",""https://infomemo.theocc.com/infomemos?number=47369"",""https://www.theocc.com/clearance-and-settlement/clearing/equity-options-product-specifications"",""https://www.optionseducation.org/referencelibrary/faq/splits-mergers-spinoffs-bankruptcies""],""status"":""research screening, not a complete OCC memo search"",""unresolved_adjustment_event"":false},""current_description"":{""status"":""directly retrieved current metadata; not historical listing evidence""},""deliverable"":{""status"":""research assumption, not individually historically verified"",""value"":""100 AAPL shares""},""expiry"":{""status"":""RIC-derived; checked against source description/cache when available""},""historical_membership"":{""first"":""2026-06-29"",""last"":""2026-09-30"",""raw_sha256"":""1934b1fb81390d33095eadd0d560d09a31b257b46b1165c7b146ac990fa7253a"",""status"":""actual historical observations; per-signal availability gating""},""identity"":{""day_convention"":""zero-padded DD, instructor correction and retained real paired tests"",""fields"":[""underlying"",""cp"",""strike"",""expiry""],""source"":""https://developers.lseg.com/en/article-catalog/article/functions-to-find-option-rics-traded-on-different-exchanges"",""status"":""derived from official RIC rules""},""multiplier"":{""status"":""research assumption; supporting current lot-size metadata when available"",""value"":100},""scheduled_last_trading_date"":{""source"":""https://www.theocc.com/clearance-and-settlement/clearing/equity-options-product-specifications"",""status"":""rule/calendar-derived, not last observed quote""}}"
AAPLC172825000.U,AAPL.O,C,250.0,2028-03-17,2028-03-17,2026-06-29,2026-09-30,2028-03-17,100,100 AAPL shares,False,research assumption,"official RIC-rule derivation, checked against available description/cache","direct historical quotation evidence, gated at each signal","rule/calendar derivation, distinct from final quote",research assumption,research assumption,"Treat ordinary AAPL OPRA calls as unadjusted standard American 100-share contracts, based on OCC specifications, ordinary identifiers, available descriptions and the corporate-action review. Not vendor-confirmed contract-by-contract historical deliverables.","[""https://www.theocc.com/clearance-and-settlement/clearing/equity-options-product-specifications"",""https://www.optionseducation.org/referencelibrary/faq/splits-mergers-spinoffs-bankruptcies"",""https://investor.apple.com/faq./default.aspx"",""https://infomemo.theocc.com/infomemos?number=47369""]",[],"{""corporate_actions"":{""apple_split_history"":""Apple public FAQ lists its last split in August 2020, before this sample."",""limitation"":""No detected conflicting corporate-action evidence; absence is not a vendor guarantee of every historical deliverable."",""provider_error"":null,""provider_events"":[],""provider_query_period"":[""2025-09-30"",""2026-09-30""],""sources"":[""https://investor.apple.com/faq./default.aspx"",""https://infomemo.theocc.com/infomemos?number=47369"",""https://www.theocc.com/clearance-and-settlement/clearing/equity-options-product-specifications"",""https://www.optionseducation.org/referencelibrary/faq/splits-mergers-spinoffs-bankruptcies""],""status"":""research screening, not a complete OCC memo search"",""unresolved_adjustment_event"":false},""current_description"":{""status"":""directly retrieved current metadata; not historical listing evidence""},""deliverable"":{""status"":""research assumption, not individually historically verified"",""value"":""100 AAPL shares""},""expiry"":{""status"":""RIC-derived; checked against source description/cache when available""},""historical_membership"":{""first"":""2026-06-29"",""last"":""2026-09-30"",""raw_sha256"":""71d70b790eac9d4fc5fc39f0a2f84525d0f5128d20e8ecc242c98ab83ea29e40"",""status"":""actual historical observations; per-signal availability gating""},""identity"":{""day_convention"":""zero-padded DD, instructor correction and retained real paired tests"",""fields"":[""underlying"",""cp"",""strike"",""expiry""],""source"":""https://developers.lseg.com/en/article-catalog/article/functions-to-find-option-rics-traded-on-different-exchanges"",""status"":""derived from official RIC rules""},""multiplier"":{""status"":""research assumption; supporting current lot-size metadata when available"",""value"":100},""scheduled_last_trading_date"":{""source"":""https://www.theocc.com/clearance-and-settlement/clearing/equity-options-product-specifications"",""status"":""rule/calendar-derived, not last observed quote""}}"
AAPLG102631000.U^G26,AAPL.O,C,310.0,2026-07-10,2026-07-10,2026-06-30,2026-07-10,2026-07-10,100,100 AAPL shares,False,research assumption,"official RIC-rule derivation, checked against available description/cache","direct historical quotation evidence, gated at each signal","rule/calendar derivation, distinct from final quote",research assumption,research assumption,"Treat ordinary AAPL OPRA calls as unadjusted standard American 100-share contracts, based on OCC specifications, ordinary identifiers, available descriptions and the corporate-action review. Not vendor-confirmed contract-by-contract historical deliverables.","[""https://www.theocc.com/clearance-and-settlement/clearing/equity-options-product-specifications"",""https://www.optionseducation.org/referencelibrary/faq/splits-mergers-spinoffs-bankruptcies"",""https://investor.apple.com/faq./default.aspx"",""https://infomemo.theocc.com/infomemos?number=47369""]",[],"{""corporate_actions"":{""apple_split_history"":""Apple public FAQ lists its last split in August 2020, before this sample."",""limitation"":""No detected conflicting corporate-action evidence; absence is not a vendor guarantee of every historical deliverable."",""provider_error"":null,""provider_events"":[],""provider_query_period"":[""2025-09-30"",""2026-09-30""],""sources"":[""https://investor.apple.com/faq./default.aspx"",""https://infomemo.theocc.com/infomemos?number=47369"",""https://www.theocc.com/clearance-and-settlement/clearing/equity-options-product-specifications"",""https://www.optionseducation.org/referencelibrary/faq/splits-mergers-spinoffs-bankruptcies""],""status"":""research screening, not a complete OCC memo search"",""unresolved_adjustment_event"":false},""current_description"":{""status"":""not available for expired RIC""},""deliverable"":{""status"":""research assumption, not individually historically verified"",""value"":""100 AAPL shares""},""expiry"":{""status"":""RIC-derived; checked against source description/cache when available""},""historical_membership"":{""first"":""2026-06-30"",""last"":""2026-07-10"",""raw_sha256"":""3742bcf0812d1e0f29457f183d8e750386cd8e9add41ee64f4f2ff9e54be3d90"",""status"":""actual historical observations; per-signal availability gating""},""identity"":{""day_convention"":""zero-padded DD, instructor correction and retained real paired tests"",""fields"":[""underlying"",""cp"",""strike"",""expiry""],""source"":""https://developers.lseg.com/en/article-catalog/article/functions-to-find-option-rics-traded-on-different-exchanges"",""status"":""derived from official RIC rules""},""multiplier"":{""status"":""research assumption; supporting current lot-size metadata when available"",""value"":100},""scheduled_last_trading_date"":{""source"":""https://www.theocc.com/clearance-and-settlement/clearing/equity-options-product-specifications"",""status"":""rule/calendar-derived, not last observed quote""}}"
AAPLG102631250.U^G26,AAPL.O,C,312.5,2026-07-10,2026-07-10,2026-06-29,2026-07-10,2026-07-10,100,100 AAPL shares,False,research assumption,"official RIC-rule derivation, checked against available description/cache","direct historical quotation evidence, gated at each signal","rule/calendar derivation, distinct from final quote",research assumption,research assumption,"Treat ordinary AAPL OPRA calls as unadjusted standard American 100-share contracts, based on OCC specifications, ordinary identifiers, available descriptions and the corporate-action review. Not vendor-confirmed contract-by-contract historical deliverables.","[""https://www.theocc.com/clearance-and-settlement/clearing/equity-options-product-specifications"",""https://www.optionseducation.org/referencelibrary/faq/splits-mergers-spinoffs-bankruptcies"",""https://investor.apple.com/faq./default.aspx"",""https://infomemo.theocc.com/infomemos?number=47369""]",[],"{""corporate_actions"":{""apple_split_history"":""Apple public FAQ lists its last split in August 2020, before this sample."",""limitation"":""No detected conflicting corporate-action evidence; absence is not a vendor guarantee of every historical deliverable."",""provider_error"":null,""provider_events"":[],""provider_query_period"":[""2025-09-30"",""2026-09-30""],""sources"":[""https://investor.apple.com/faq./default.aspx"",""https://infomemo.theocc.com/infomemos?number=47369"",""https://www.theocc.com/clearance-and-settlement/clearing/equity-options-product-specifications"",""https://www.optionseducation.org/referencelibrary/faq/splits-mergers-spinoffs-bankruptcies""],""status"":""research screening, not a complete OCC memo search"",""unresolved_adjustment_event"":false},""current_description"":{""status"":""not available for expired RIC""},""deliverable"":{""status"":""research assumption, not individually historically verified"",""value"":""100 AAPL shares""},""expiry"":{""status"":""RIC-derived; checked against source description/cache when available""},""historical_membership"":{""first"":""2026-06-29"",""last"":""2026-07-10"",""raw_sha256"":""ca8ff6b3799e8d5abb9572e26430397650d9f17fde665ae21facfce1b911183e"",""status"":""actual historical observations; per-signal availability gating""},""identity"":{""day_convention"":""zero-padded DD, instructor correction and retained real paired tests"",""fields"":[""underlying"",""cp"",""strike"",""expiry""],""source"":""https://developers.lseg.com/en/article-catalog/article/functions-to-find-option-rics-traded-on-different-exchanges"",""status"":""derived from official RIC rules""},""multiplier"":{""status"":""research assumption; supporting current lot-size metadata when available"",""value"":100},""scheduled_last_trading_date"":{""source"":""https://www.theocc.com/clearance-and-settlement/clearing/equity-options-product-specifications"",""status"":""rule/calendar-derived, not last observed quote""}}"
AAPLG102631500.U^G26,AAPL.O,C,315.0,2026-07-10,2026-07-10,2026-06-29,2026-07-10,2026-07-10,100,100 AAPL shares,False,research assumption,"official RIC-rule derivation, checked against available description/cache","direct historical quotation evidence, gated at each signal","rule/calendar derivation, distinct from final quote",research assumption,research assumption,"Treat ordinary AAPL OPRA calls as unadjusted standard American 100-share contracts, based on OCC specifications, ordinary identifiers, available descriptions and the corporate-action review. Not vendor-confirmed contract-by-contract historical deliverables.","[""https://www.theocc.com/clearance-and-settlement/clearing/equity-options-product-specifications"",""https://www.optionseducation.org/referencelibrary/faq/splits-mergers-spinoffs-bankruptcies"",""https://investor.apple.com/faq./default.aspx"",""https://infomemo.theocc.com/infomemos?number=47369""]",[],"{""corporate_actions"":{""apple_split_history"":""Apple public FAQ lists its last split in August 2020, before this sample."",""limitation"":""No detected conflicting corporate-action evidence; absence is not a vendor guarantee of every historical deliverable."",""provider_error"":null,""provider_events"":[],""provider_query_period"":[""2025-09-30"",""2026-09-30""],""sources"":[""https://investor.apple.com/faq./default.aspx"",""https://infomemo.theocc.com/infomemos?number=47369"",""https://www.theocc.com/clearance-and-settlement/clearing/equity-options-product-specifications"",""https://www.optionseducation.org/referencelibrary/faq/splits-mergers-spinoffs-bankruptcies""],""status"":""research screening, not a complete OCC memo search"",""unresolved_adjustment_event"":false},""current_description"":{""status"":""not available for expired RIC""},""deliverable"":{""status"":""research assumption, not individually historically verified"",""value"":""100 AAPL shares""},""expiry"":{""status"":""RIC-derived; checked against source description/cache when available""},""historical_membership"":{""first"":""2026-06-29"",""last"":""2026-07-10"",""raw_sha256"":""3278d317819f9c0d1f3c3ed89f9279715788d3fb5a6407f3fd436853da195003"",""status"":""actual historical observations; per-signal availability gating""},""identity"":{""day_convention"":""zero-padded DD, instructor correction and retained real paired tests"",""fields"":[""underlying"",""cp"",""strike"",""expiry""],""source"":""https://developers.lseg.com/en/article-catalog/article/functions-to-find-option-rics-traded-on-different-exchanges"",""status"":""derived from official RIC rules""},""multiplier"":{""status"":""research assumption; supporting current lot-size metadata when available"",""value"":100},""scheduled_last_trading_date"":{""source"":""https://www.theocc.com/clearance-and-settlement/clearing/equity-options-product-specifications"",""status"":""rule/calendar-derived, not last observed quote""}}"
AAPLG102633000.U^G26,AAPL.O,C,330.0,2026-07-10,2026-07-10,2026-06-29,2026-07-10,2026-07-10,100,100 AAPL shares,False,research assumption,"official RIC-rule derivation, checked against available description/cache","direct historical quotation evidence, gated at each signal","rule/calendar derivation, distinct from final quote",research assumption,research assumption,"Treat ordinary AAPL OPRA calls as unadjusted standard American 100-share contracts, based on OCC specifications, ordinary identifiers, available descriptions and the corporate-action review. Not vendor-confirmed contract-by-contract historical deliverables.","[""https://www.theocc.com/clearance-and-settlement/clearing/equity-options-product-specifications"",""https://www.optionseducation.org/referencelibrary/faq/splits-mergers-spinoffs-bankruptcies"",""https://investor.apple.com/faq./default.aspx"",""https://infomemo.theocc.com/infomemos?number=47369""]",[],"{""corporate_actions"":{""apple_split_history"":""Apple public FAQ lists its last split in August 2020, before this sample."",""limitation"":""No detected conflicting corporate-action evidence; absence is not a vendor guarantee of every historical deliverable."",""provider_error"":null,""provider_events"":[],""provider_query_period"":[""2025-09-30"",""2026-09-30""],""sources"":[""https://investor.apple.com/faq./default.aspx"",""https://infomemo.theocc.com/infomemos?number=47369"",""https://www.theocc.com/clearance-and-settlement/clearing/equity-options-product-specifications"",""https://www.optionseducation.org/referencelibrary/faq/splits-mergers-spinoffs-bankruptcies""],""status"":""research screening, not a complete OCC memo search"",""unresolved_adjustment_event"":false},""current_description"":{""status"":""not available for expired RIC""},""deliverable"":{""status"":""research assumption, not individually historically verified"",""value"":""100 AAPL shares""},""expiry"":{""status"":""RIC-derived; checked against source description/cache when available""},""historical_membership"":{""first"":""2026-06-29"",""last"":""2026-07-10"",""raw_sha256"":""78a6848a9a4b91b20ad8ec8d1296bfb4a17d8257bc4972fd69c6451b146d9503"",""status"":""actual historical observations; per-signal availability gating""},""identity"":{""day_convention"":""zero-padded DD, instructor correction and retained real paired tests"",""fields"":[""underlying"",""cp"",""strike"",""expiry""],""source"":""https://developers.lseg.com/en/article-catalog/article/functions-to-find-option-rics-traded-on-different-exchanges"",""status"":""derived from official RIC rules""},""multiplier"":{""status"":""research assumption; supporting current lot-size metadata when available"",""value"":100},""scheduled_last_trading_date"":{""source"":""https://www.theocc.com/clearance-and-settlement/clearing/equity-options-product-specifications"",""status"":""rule/calendar-derived, not last observed quote""}}"
AAPLG102633250.U^G26,AAPL.O,C,332.5,2026-07-10,2026-07-10,2026-07-07,2026-07-10,2026-07-10,100,100 AAPL shares,False,research assumption,"official RIC-rule derivation, checked against available description/cache","direct historical quotation evidence, gated at each signal","rule/calendar derivation, distinct from final quote",research assumption,research assumption,"Treat ordinary AAPL OPRA calls as unadjusted standard American 100-share contracts, based on OCC specifications, ordinary identifiers, available descriptions and the corporate-action review. Not vendor-confirmed contract-by-contract historical deliverables.","[""https://www.theocc.com/clearance-and-settlement/clearing/equity-options-product-specifications"",""https://www.optionseducation.org/referencelibrary/faq/splits-mergers-spinoffs-bankruptcies"",""https://investor.apple.com/faq./default.aspx"",""https://infomemo.theocc.com/infomemos?number=47369""]",[],"{""corporate_actions"":{""apple_split_history"":""Apple public FAQ lists its last split in August 2020, before this sample."",""limitation"":""No detected conflicting corporate-action evidence; absence is not a vendor guarantee of every historical deliverable."",""provider_error"":null,""provider_events"":[],""provider_query_period"":[""2025-09-30"",""2026-09-30""],""sources"":[""https://investor.apple.com/faq./default.aspx"",""https://infomemo.theocc.com/infomemos?number=47369"",""https://www.theocc.com/clearance-and-settlement/clearing/equity-options-product-specifications"",""https://www.optionseducation.org/referencelibrary/faq/splits-mergers-spinoffs-bankruptcies""],""status"":""research screening, not a complete OCC memo search"",""unresolved_adjustment_event"":false},""current_description"":{""status"":""not available for expired RIC""},""deliverable"":{""status"":""research assumption, not individually historically verified"",""value"":""100 AAPL shares""},""expiry"":{""status"":""RIC-derived; checked against source description/cache when available""},""historical_membership"":{""first"":""2026-07-07"",""last"":""2026-07-10"",""raw_sha256"":""3553906f22cfe08b7d709ce95ddad9f5583b8d4d83b1a6b9debc9b1c187f2377"",""status"":""actual historical observations; per-signal availability gating""},""identity"":{""day_convention"":""zero-padded DD, instructor correction and retained real paired tests"",""fields"":[""underlying"",""cp"",""strike"",""expiry""],""source"":""https://developers.lseg.com/en/article-catalog/article/functions-to-find-option-rics-traded-on-different-exchanges"",""status"":""derived from official RIC rules""},""multiplier"":{""status"":""research assumption; supporting current lot-size metadata when available"",""value"":100},""scheduled_last_trading_date"":{""source"":""https://www.theocc.com/clearance-and-settlement/clearing/equity-options-product-specifications"",""status"":""rule/calendar-derived, not last observed quote""}}"
AAPLG102633500.U^G26,AAPL.O,C,335.0,2026-07-10,2026-07-10,2026-06-29,2026-07-10,2026-07-10,100,100 AAPL shares,False,research assumption,"official RIC-rule derivation, checked against available description/cache","direct historical quotation evidence, gated at each signal","rule/calendar derivation, distinct from final quote",research assumption,research assumption,"Treat ordinary AAPL OPRA calls as unadjusted standard American 100-share contracts, based on OCC specifications, ordinary identifiers, available descriptions and the corporate-action review. Not vendor-confirmed contract-by-contract historical deliverables.","[""https://www.theocc.com/clearance-and-settlement/clearing/equity-options-product-specifications"",""https://www.optionseducation.org/referencelibrary/faq/splits-mergers-spinoffs-bankruptcies"",""https://investor.apple.com/faq./default.aspx"",""https://infomemo.theocc.com/infomemos?number=47369""]",[],"{""corporate_actions"":{""apple_split_history"":""Apple public FAQ lists its last split in August 2020, before this sample."",""limitation"":""No detected conflicting corporate-action evidence; absence is not a vendor guarantee of every historical deliverable."",""provider_error"":null,""provider_events"":[],""provider_query_period"":[""2025-09-30"",""2026-09-30""],""sources"":[""https://investor.apple.com/faq./default.aspx"",""https://infomemo.theocc.com/infomemos?number=47369"",""https://www.theocc.com/clearance-and-settlement/clearing/equity-options-product-specifications"",""https://www.optionseducation.org/referencelibrary/faq/splits-mergers-spinoffs-bankruptcies""],""status"":""research screening, not a complete OCC memo search"",""unresolved_adjustment_event"":false},""current_description"":{""status"":""not available for expired RIC""},""deliverable"":{""status"":""research assumption, not individually historically verified"",""value"":""100 AAPL shares""},""expiry"":{""status"":""RIC-derived; checked against source description/cache when available""},""historical_membership"":{""first"":""2026-06-29"",""last"":""2026-07-10"",""raw_sha256"":""0911609a2e12c0fa79ead86a7f0e1e7586cdee25c96fdd55dfef709fec764ace"",""status"":""actual historical observations; per-signal availability gating""},""identity"":{""day_convention"":""zero-padded DD, instructor correction and retained real paired tests"",""fields"":[""underlying"",""cp"",""strike"",""expiry""],""source"":""https://developers.lseg.com/en/article-catalog/article/functions-to-find-option-rics-traded-on-different-exchanges"",""status"":""derived from official RIC rules""},""multiplier"":{""status"":""research assumption; supporting current lot-size metadata when available"",""value"":100},""scheduled_last_trading_date"":{""source"":""https://www.theocc.com/clearance-and-settlement/clearing/equity-options-product-specifications"",""status"":""rule/calendar-derived, not last observed quote""}}"
AAPLG102633750.U^G26,AAPL.O,C,337.5,2026-07-10,2026-07-10,2026-07-07,2026-07-10,2026-07-10,100,100 AAPL shares,False,research assumption,"official RIC-rule derivation, checked against available description/cache","direct historical quotation evidence, gated at each signal","rule/calendar derivation, distinct from final quote",research assumption,research assumption,"Treat ordinary AAPL OPRA calls as unadjusted standard American 100-share contracts, based on OCC specifications, ordinary identifiers, available descriptions and the corporate-action review. Not vendor-confirmed contract-by-contract historical deliverables.","[""https://www.theocc.com/clearance-and-settlement/clearing/equity-options-product-specifications"",""https://www.optionseducation.org/referencelibrary/faq/splits-mergers-spinoffs-bankruptcies"",""https://investor.apple.com/faq./default.aspx"",""https://infomemo.theocc.com/infomemos?number=47369""]",[],"{""corporate_actions"":{""apple_split_history"":""Apple public FAQ lists its last split in August 2020, before this sample."",""limitation"":""No detected conflicting corporate-action evidence; absence is not a vendor guarantee of every historical deliverable."",""provider_error"":null,""provider_events"":[],""provider_query_period"":[""2025-09-30"",""2026-09-30""],""sources"":[""https://investor.apple.com/faq./default.aspx"",""https://infomemo.theocc.com/infomemos?number=47369"",""https://www.theocc.com/clearance-and-settlement/clearing/equity-options-product-specifications"",""https://www.optionseducation.org/referencelibrary/faq/splits-mergers-spinoffs-bankruptcies""],""status"":""research screening, not a complete OCC memo search"",""unresolved_adjustment_event"":false},""current_description"":{""status"":""not available for expired RIC""},""deliverable"":{""status"":""research assumption, not individually historically verified"",""value"":""100 AAPL shares""},""expiry"":{""status"":""RIC-derived; checked against source description/cache when available""},""historical_membership"":{""first"":""2026-07-07"",""last"":""2026-07-10"",""raw_sha256"":""9125a5181808cb355c5a3ef273ae041a723d34a3d3d5da5b5a948ce924e6ac3c"",""status"":""actual historical observations; per-signal availability gating""},""identity"":{""day_convention"":""zero-padded DD, instructor correction and retained real paired tests"",""fields"":[""underlying"",""cp"",""strike"",""expiry""],""source"":""https://developers.lseg.com/en/article-catalog/article/functions-to-find-option-rics-traded-on-different-exchanges"",""status"":""derived from official RIC rules""},""multiplier"":{""status"":""research assumption; supporting current lot-size metadata when available"",""value"":100},""scheduled_last_trading_date"":{""source"":""https://www.theocc.com/clearance-and-settlement/clearing/equity-options-product-specifications"",""status"":""rule/calendar-derived, not last observed quote""}}"
AAPLG172631750.U^G26,AAPL.O,C,317.5,2026-07-17,2026-07-17,2026-06-29,2026-07-17,2026-07-17,100,100 AAPL shares,False,research assumption,"official RIC-rule derivation, checked against available description/cache","direct historical quotation evidence, gated at each signal","rule/calendar derivation, distinct from final quote",research assumption,research assumption,"Treat ordinary AAPL OPRA calls as unadjusted standard American 100-share contracts, based on OCC specifications, ordinary identifiers, available descriptions and the corporate-action review. Not vendor-confirmed contract-by-contract historical deliverables.","[""https://www.theocc.com/clearance-and-settlement/clearing/equity-options-product-specifications"",""https://www.optionseducation.org/referencelibrary/faq/splits-mergers-spinoffs-bankruptcies"",""https://investor.apple.com/faq./default.aspx"",""https://infomemo.theocc.com/infomemos?number=47369""]",[],"{""corporate_actions"":{""apple_split_history"":""Apple public FAQ lists its last split in August 2020, before this sample."",""limitation"":""No detected conflicting corporate-action evidence; absence is not a vendor guarantee of every historical deliverable."",""provider_error"":null,""provider_events"":[],""provider_query_period"":[""2025-09-30"",""2026-09-30""],""sources"":[""https://investor.apple.com/faq./default.aspx"",""https://infomemo.theocc.com/infomemos?number=47369"",""https://www.theocc.com/clearance-and-settlement/clearing/equity-options-product-specifications"",""https://www.optionseducation.org/referencelibrary/faq/splits-mergers-spinoffs-bankruptcies""],""status"":""research screening, not a complete OCC memo search"",""unresolved_adjustment_event"":false},""current_description"":{""status"":""not available for expired RIC""},""deliverable"":{""status"":""research assumption, not individually historically verified"",""value"":""100 AAPL shares""},""expiry"":{""status"":""RIC-derived; checked against source description/cache when available""},""historical_membership"":{""first"":""2026-06-29"",""last"":""2026-07-17"",""raw_sha256"":""7bc4c33a0882fa35519dc668033cc5e2e79fe3392a8c1b45321bcd69f3995b16"",""status"":""actual historical observations; per-signal availability gating""},""identity"":{""day_convention"":""zero-padded DD, instructor correction and retained real paired tests"",""fields"":[""underlying"",""cp"",""strike"",""expiry""],""source"":""https://developers.lseg.com/en/article-catalog/article/functions-to-find-option-rics-traded-on-different-exchanges"",""status"":""derived from official RIC rules""},""multiplier"":{""status"":""research assumption; supporting current lot-size metadata when available"",""value"":100},""scheduled_last_trading_date"":{""source"":""https://www.theocc.com/clearance-and-settlement/clearing/equity-options-product-specifications"",""status"":""rule/calendar-derived, not last observed quote""}}"
AAPLG172632000.U^G26,AAPL.O,C,320.0,2026-07-17,2026-07-17,2026-06-29,2026-07-17,2026-07-17,100,100 AAPL shares,False,research assumption,"official RIC-rule derivation, checked against available description/cache","direct historical quotation evidence, gated at each signal","rule/calendar derivation, distinct from final quote",research assumption,research assumption,"Treat ordinary AAPL OPRA calls as unadjusted standard American 100-share contracts, based on OCC specifications, ordinary identifiers, available descriptions and the corporate-action review. Not vendor-confirmed contract-by-contract historical deliverables.","[""https://www.theocc.com/clearance-and-settlement/clearing/equity-options-product-specifications"",""https://www.optionseducation.org/referencelibrary/faq/splits-mergers-spinoffs-bankruptcies"",""https://investor.apple.com/faq./default.aspx"",""https://infomemo.theocc.com/infomemos?number=47369""]",[],"{""corporate_actions"":{""apple_split_history"":""Apple public FAQ lists its last split in August 2020, before this sample."",""limitation"":""No detected conflicting corporate-action evidence; absence is not a vendor guarantee of every historical deliverable."",""provider_error"":null,""provider_events"":[],""provider_query_period"":[""2025-09-30"",""2026-09-30""],""sources"":[""https://investor.apple.com/faq./default.aspx"",""https://infomemo.theocc.com/infomemos?number=47369"",""https://www.theocc.com/clearance-and-settlement/clearing/equity-options-product-specifications"",""https://www.optionseducation.org/referencelibrary/faq/splits-mergers-spinoffs-bankruptcies""],""status"":""research screening, not a complete OCC memo search"",""unresolved_adjustment_event"":false},""current_description"":{""status"":""not available for expired RIC""},""deliverable"":{""status"":""research assumption, not individually historically verified"",""value"":""100 AAPL shares""},""expiry"":{""status"":""RIC-derived; checked against source description/cache when available""},""historical_membership"":{""first"":""2026-06-29"",""last"":""2026-07-17"",""raw_sha256"":""90c25c10fc66646f1b77dbcdc73b4514dde24e2c6952332fb6dedf8feb784f0b"",""status"":""actual historical observations; per-signal availability gating""},""identity"":{""day_convention"":""zero-padded DD, instructor correction and retained real paired tests"",""fields"":[""underlying"",""cp"",""strike"",""expiry""],""source"":""https://developers.lseg.com/en/article-catalog/article/functions-to-find-option-rics-traded-on-different-exchanges"",""status"":""derived from official RIC rules""},""multiplier"":{""status"":""research assumption; supporting current lot-size metadata when available"",""value"":100},""scheduled_last_trading_date"":{""source"":""https://www.theocc.com/clearance-and-settlement/clearing/equity-options-product-specifications"",""status"":""rule/calendar-derived, not last observed quote""}}"
AAPLG172633750.U^G26,AAPL.O,C,337.5,2026-07-17,2026-07-17,2026-07-08,2026-07-17,2026-07-17,100,100 AAPL shares,False,research assumption,"official RIC-rule derivation, checked against available description/cache","direct historical quotation evidence, gated at each signal","rule/calendar derivation, distinct from final quote",research assumption,research assumption,"Treat ordinary AAPL OPRA calls as unadjusted standard American 100-share contracts, based on OCC specifications, ordinary identifiers, available descriptions and the corporate-action review. Not vendor-confirmed contract-by-contract historical deliverables.","[""https://www.theocc.com/clearance-and-settlement/clearing/equity-options-product-specifications"",""https://www.optionseducation.org/referencelibrary/faq/splits-mergers-spinoffs-bankruptcies"",""https://investor.apple.com/faq./default.aspx"",""https://infomemo.theocc.com/infomemos?number=47369""]",[],"{""corporate_actions"":{""apple_split_history"":""Apple public FAQ lists its last split in August 2020, before this sample."",""limitation"":""No detected conflicting corporate-action evidence; absence is not a vendor guarantee of every historical deliverable."",""provider_error"":null,""provider_events"":[],""provider_query_period"":[""2025-09-30"",""2026-09-30""],""sources"":[""https://investor.apple.com/faq./default.aspx"",""https://infomemo.theocc.com/infomemos?number=47369"",""https://www.theocc.com/clearance-and-settlement/clearing/equity-options-product-specifications"",""https://www.optionseducation.org/referencelibrary/faq/splits-mergers-spinoffs-bankruptcies""],""status"":""research screening, not a complete OCC memo search"",""unresolved_adjustment_event"":false},""current_description"":{""status"":""not available for expired RIC""},""deliverable"":{""status"":""research assumption, not individually historically verified"",""value"":""100 AAPL shares""},""expiry"":{""status"":""RIC-derived; checked against source description/cache when available""},""historical_membership"":{""first"":""2026-07-08"",""last"":""2026-07-17"",""raw_sha256"":""676233f9e951f963f7e4dd3f925a6aec49cbd06f341e8c064b3693bf679b92cf"",""status"":""actual historical observations; per-signal availability gating""},""identity"":{""day_convention"":""zero-padded DD, instructor correction and retained real paired tests"",""fields"":[""underlying"",""cp"",""strike"",""expiry""],""source"":""https://developers.lseg.com/en/article-catalog/article/functions-to-find-option-rics-traded-on-different-exchanges"",""status"":""derived from official RIC rules""},""multiplier"":{""status"":""research assumption; supporting current lot-size metadata when available"",""value"":100},""scheduled_last_trading_date"":{""source"":""https://www.theocc.com/clearance-and-settlement/clearing/equity-options-product-specifications"",""status"":""rule/calendar-derived, not last observed quote""}}"
AAPLG172634000.U^G26,AAPL.O,C,340.0,2026-07-17,2026-07-17,2026-06-29,2026-07-17,2026-07-17,100,100 AAPL shares,False,research assumption,"official RIC-rule derivation, checked against available description/cache","direct historical quotation evidence, gated at each signal","rule/calendar derivation, distinct from final quote",research assumption,research assumption,"Treat ordinary AAPL OPRA calls as unadjusted standard American 100-share contracts, based on OCC specifications, ordinary identifiers, available descriptions and the corporate-action review. Not vendor-confirmed contract-by-contract historical deliverables.","[""https://www.theocc.com/clearance-and-settlement/clearing/equity-options-product-specifications"",""https://www.optionseducation.org/referencelibrary/faq/splits-mergers-spinoffs-bankruptcies"",""https://investor.apple.com/faq./default.aspx"",""https://infomemo.theocc.com/infomemos?number=47369""]",[],"{""corporate_actions"":{""apple_split_history"":""Apple public FAQ lists its last split in August 2020, before this sample."",""limitation"":""No detected conflicting corporate-action evidence; absence is not a vendor guarantee of every historical deliverable."",""provider_error"":null,""provider_events"":[],""provider_query_period"":[""2025-09-30"",""2026-09-30""],""sources"":[""https://investor.apple.com/faq./default.aspx"",""https://infomemo.theocc.com/infomemos?number=47369"",""https://www.theocc.com/clearance-and-settlement/clearing/equity-options-product-specifications"",""https://www.optionseducation.org/referencelibrary/faq/splits-mergers-spinoffs-bankruptcies""],""status"":""research screening, not a complete OCC memo search"",""unresolved_adjustment_event"":false},""current_description"":{""status"":""not available for expired RIC""},""deliverable"":{""status"":""research assumption, not individually historically verified"",""value"":""100 AAPL shares""},""expiry"":{""status"":""RIC-derived; checked against source description/cache when available""},""historical_membership"":{""first"":""2026-06-29"",""last"":""2026-07-17"",""raw_sha256"":""bbcea77bdf9b516f84a066681e649d9a0aa2b5dd9c1a929812a6159e5bf98339"",""status"":""actual historical observations; per-signal availability gating""},""identity"":{""day_convention"":""zero-padded DD, instructor correction and retained real paired tests"",""fields"":[""underlying"",""cp"",""strike"",""expiry""],""source"":""https://developers.lseg.com/en/article-catalog/article/functions-to-find-option-rics-traded-on-different-exchanges"",""status"":""derived from official RIC rules""},""multiplier"":{""status"":""research assumption; supporting current lot-size metadata when available"",""value"":100},""scheduled_last_trading_date"":{""source"":""https://www.theocc.com/clearance-and-settlement/clearing/equity-options-product-specifications"",""status"":""rule/calendar-derived, not last observed quote""}}"
AAPLG172634250.U^G26,AAPL.O,C,342.5,2026-07-17,2026-07-17,2026-07-08,2026-07-17,2026-07-17,100,100 AAPL shares,False,research assumption,"official RIC-rule derivation, checked against available description/cache","direct historical quotation evidence, gated at each signal","rule/calendar derivation, distinct from final quote",research assumption,research assumption,"Treat ordinary AAPL OPRA calls as unadjusted standard American 100-share contracts, based on OCC specifications, ordinary identifiers, available descriptions and the corporate-action review. Not vendor-confirmed contract-by-contract historical deliverables.","[""https://www.theocc.com/clearance-and-settlement/clearing/equity-options-product-specifications"",""https://www.optionseducation.org/referencelibrary/faq/splits-mergers-spinoffs-bankruptcies"",""https://investor.apple.com/faq./default.aspx"",""https://infomemo.theocc.com/infomemos?number=47369""]",[],"{""corporate_actions"":{""apple_split_history"":""Apple public FAQ lists its last split in August 2020, before this sample."",""limitation"":""No detected conflicting corporate-action evidence; absence is not a vendor guarantee of every historical deliverable."",""provider_error"":null,""provider_events"":[],""provider_query_period"":[""2025-09-30"",""2026-09-30""],""sources"":[""https://investor.apple.com/faq./default.aspx"",""https://infomemo.theocc.com/infomemos?number=47369"",""https://www.theocc.com/clearance-and-settlement/clearing/equity-options-product-specifications"",""https://www.optionseducation.org/referencelibrary/faq/splits-mergers-spinoffs-bankruptcies""],""status"":""research screening, not a complete OCC memo search"",""unresolved_adjustment_event"":false},""current_description"":{""status"":""not available for expired RIC""},""deliverable"":{""status"":""research assumption, not individually historically verified"",""value"":""100 AAPL shares""},""expiry"":{""status"":""RIC-derived; checked against source description/cache when available""},""historical_membership"":{""first"":""2026-07-08"",""last"":""2026-07-17"",""raw_sha256"":""036f986bed0fea4a3d6b97854f07651e41ebd60d4718ff77f1249e8e3d1334e1"",""status"":""actual historical observations; per-signal availability gating""},""identity"":{""day_convention"":""zero-padded DD, instructor correction and retained real paired tests"",""fields"":[""underlying"",""cp"",""strike"",""expiry""],""source"":""https://developers.lseg.com/en/article-catalog/article/functions-to-find-option-rics-traded-on-different-exchanges"",""status"":""derived from official RIC rules""},""multiplier"":{""status"":""research assumption; supporting current lot-size metadata when available"",""value"":100},""scheduled_last_trading_date"":{""source"":""https://www.theocc.com/clearance-and-settlement/clearing/equity-options-product-specifications"",""status"":""rule/calendar-derived, not last observed quote""}}"
AAPLG172634500.U^G26,AAPL.O,C,345.0,2026-07-17,2026-07-17,2026-06-29,2026-07-17,2026-07-17,100,100 AAPL shares,False,research assumption,"official RIC-rule derivation, checked against available description/cache","direct historical quotation evidence, gated at each signal","rule/calendar derivation, distinct from final quote",research assumption,research assumption,"Treat ordinary AAPL OPRA calls as unadjusted standard American 100-share contracts, based on OCC specifications, ordinary identifiers, available descriptions and the corporate-action review. Not vendor-confirmed contract-by-contract historical deliverables.","[""https://www.theocc.com/clearance-and-settlement/clearing/equity-options-product-specifications"",""https://www.optionseducation.org/referencelibrary/faq/splits-mergers-spinoffs-bankruptcies"",""https://investor.apple.com/faq./default.aspx"",""https://infomemo.theocc.com/infomemos?number=47369""]",[],"{""corporate_actions"":{""apple_split_history"":""Apple public FAQ lists its last split in August 2020, before this sample."",""limitation"":""No detected conflicting corporate-action evidence; absence is not a vendor guarantee of every historical deliverable."",""provider_error"":null,""provider_events"":[],""provider_query_period"":[""2025-09-30"",""2026-09-30""],""sources"":[""https://investor.apple.com/faq./default.aspx"",""https://infomemo.theocc.com/infomemos?number=47369"",""https://www.theocc.com/clearance-and-settlement/clearing/equity-options-product-specifications"",""https://www.optionseducation.org/referencelibrary/faq/splits-mergers-spinoffs-bankruptcies""],""status"":""research screening, not a complete OCC memo search"",""unresolved_adjustment_event"":false},""current_description"":{""status"":""not available for expired RIC""},""deliverable"":{""status"":""research assumption, not individually historically verified"",""value"":""100 AAPL shares""},""expiry"":{""status"":""RIC-derived; checked against source description/cache when available""},""historical_membership"":{""first"":""2026-06-29"",""last"":""2026-07-17"",""raw_sha256"":""d953b6898955d78e101bf9d1b5d7195416e4830b86b1d933b85e02b480067aa6"",""status"":""actual historical observations; per-signal availability gating""},""identity"":{""day_convention"":""zero-padded DD, instructor correction and retained real paired tests"",""fields"":[""underlying"",""cp"",""strike"",""expiry""],""source"":""https://developers.lseg.com/en/article-catalog/article/functions-to-find-option-rics-traded-on-different-exchanges"",""status"":""derived from official RIC rules""},""multiplier"":{""status"":""research assumption; supporting current lot-size metadata when available"",""value"":100},""scheduled_last_trading_date"":{""source"":""https://www.theocc.com/clearance-and-settlement/clearing/equity-options-product-specifications"",""status"":""rule/calendar-derived, not last observed quote""}}"
AAPLG242632500.U^G26,AAPL.O,C,325.0,2026-07-24,2026-07-24,2026-06-29,2026-07-24,2026-07-24,100,100 AAPL shares,False,research assumption,"official RIC-rule derivation, checked against available description/cache","direct historical quotation evidence, gated at each signal","rule/calendar derivation, distinct from final quote",research assumption,research assumption,"Treat ordinary AAPL OPRA calls as unadjusted standard American 100-share contracts, based on OCC specifications, ordinary identifiers, available descriptions and the corporate-action review. Not vendor-confirmed contract-by-contract historical deliverables.","[""https://www.theocc.com/clearance-and-settlement/clearing/equity-options-product-specifications"",""https://www.optionseducation.org/referencelibrary/faq/splits-mergers-spinoffs-bankruptcies"",""https://investor.apple.com/faq./default.aspx"",""https://infomemo.theocc.com/infomemos?number=47369""]",[],"{""corporate_actions"":{""apple_split_history"":""Apple public FAQ lists its last split in August 2020, before this sample."",""limitation"":""No detected conflicting corporate-action evidence; absence is not a vendor guarantee of every historical deliverable."",""provider_error"":null,""provider_events"":[],""provider_query_period"":[""2025-09-30"",""2026-09-30""],""sources"":[""https://investor.apple.com/faq./default.aspx"",""https://infomemo.theocc.com/infomemos?number=47369"",""https://www.theocc.com/clearance-and-settlement/clearing/equity-options-product-specifications"",""https://www.optionseducation.org/referencelibrary/faq/splits-mergers-spinoffs-bankruptcies""],""status"":""research screening, not a complete OCC memo search"",""unresolved_adjustment_event"":false},""current_description"":{""status"":""not available for expired RIC""},""deliverable"":{""status"":""research assumption, not individually historically verified"",""value"":""100 AAPL shares""},""expiry"":{""status"":""RIC-derived; checked against source description/cache when available""},""historical_membership"":{""first"":""2026-06-29"",""last"":""2026-07-24"",""raw_sha256"":""c3d567914bdf60c2e447c557bbccc19b2cd38590142dca5ed347bc77b6147838"",""status"":""actual historical observations; per-signal availability gating""},""identity"":{""day_convention"":""zero-padded DD, instructor correction and retained real paired tests"",""fields"":[""underlying"",""cp"",""strike"",""expiry""],""source"":""https://developers.lseg.com/en/article-catalog/article/functions-to-find-option-rics-traded-on-different-exchanges"",""status"":""derived from official RIC rules""},""multiplier"":{""status"":""research assumption; supporting current lot-size metadata when available"",""value"":100},""scheduled_last_trading_date"":{""source"":""https://www.theocc.com/clearance-and-settlement/clearing/equity-options-product-specifications"",""status"":""rule/calendar-derived, not last observed quote""}}"
AAPLG242632750.U^G26,AAPL.O,C,327.5,2026-07-24,2026-07-24,2026-07-06,2026-07-24,2026-07-24,100,100 AAPL shares,False,research assumption,"official RIC-rule derivation, checked against available description/cache","direct historical quotation evidence, gated at each signal","rule/calendar derivation, distinct from final quote",research assumption,research assumption,"Treat ordinary AAPL OPRA calls as unadjusted standard American 100-share contracts, based on OCC specifications, ordinary identifiers, available descriptions and the corporate-action review. Not vendor-confirmed contract-by-contract historical deliverables.","[""https://www.theocc.com/clearance-and-settlement/clearing/equity-options-product-specifications"",""https://www.optionseducation.org/referencelibrary/faq/splits-mergers-spinoffs-bankruptcies"",""https://investor.apple.com/faq./default.aspx"",""https://infomemo.theocc.com/infomemos?number=47369""]",[],"{""corporate_actions"":{""apple_split_history"":""Apple public FAQ lists its last split in August 2020, before this sample."",""limitation"":""No detected conflicting corporate-action evidence; absence is not a vendor guarantee of every historical deliverable."",""provider_error"":null,""provider_events"":[],""provider_query_period"":[""2025-09-30"",""2026-09-30""],""sources"":[""https://investor.apple.com/faq./default.aspx"",""https://infomemo.theocc.com/infomemos?number=47369"",""https://www.theocc.com/clearance-and-settlement/clearing/equity-options-product-specifications"",""https://www.optionseducation.org/referencelibrary/faq/splits-mergers-spinoffs-bankruptcies""],""status"":""research screening, not a complete OCC memo search"",""unresolved_adjustment_event"":false},""current_description"":{""status"":""not available for expired RIC""},""deliverable"":{""status"":""research assumption, not individually historically verified"",""value"":""100 AAPL shares""},""expiry"":{""status"":""RIC-derived; checked against source description/cache when available""},""historical_membership"":{""first"":""2026-07-06"",""last"":""2026-07-24"",""raw_sha256"":""1f2ecef2ee5cbc8dee97e5b100c9c09e7f7481b9a88bf98b2b47f06522d3afd5"",""status"":""actual historical observations; per-signal availability gating""},""identity"":{""day_convention"":""zero-padded DD, instructor correction and retained real paired tests"",""fields"":[""underlying"",""cp"",""strike"",""expiry""],""source"":""https://developers.lseg.com/en/article-catalog/article/functions-to-find-option-rics-traded-on-different-exchanges"",""status"":""derived from official RIC rules""},""multiplier"":{""status"":""research assumption; supporting current lot-size metadata when available"",""value"":100},""scheduled_last_trading_date"":{""source"":""https://www.theocc.com/clearance-and-settlement/clearing/equity-options-product-specifications"",""status"":""rule/calendar-derived, not last observed quote""}}"
AAPLG242634500.U^G26,AAPL.O,C,345.0,2026-07-24,2026-07-24,2026-06-29,2026-07-24,2026-07-24,100,100 AAPL shares,False,research assumption,"official RIC-rule derivation, checked against available description/cache","direct historical quotation evidence, gated at each signal","rule/calendar derivation, distinct from final quote",research assumption,research assumption,"Treat ordinary AAPL OPRA calls as unadjusted standard American 100-share contracts, based on OCC specifications, ordinary identifiers, available descriptions and the corporate-action review. Not vendor-confirmed contract-by-contract historical deliverables.","[""https://www.theocc.com/clearance-and-settlement/clearing/equity-options-product-specifications"",""https://www.optionseducation.org/referencelibrary/faq/splits-mergers-spinoffs-bankruptcies"",""https://investor.apple.com/faq./default.aspx"",""https://infomemo.theocc.com/infomemos?number=47369""]",[],"{""corporate_actions"":{""apple_split_history"":""Apple public FAQ lists its last split in August 2020, before this sample."",""limitation"":""No detected conflicting corporate-action evidence; absence is not a vendor guarantee of every historical deliverable."",""provider_error"":null,""provider_events"":[],""provider_query_period"":[""2025-09-30"",""2026-09-30""],""sources"":[""https://investor.apple.com/faq./default.aspx"",""https://infomemo.theocc.com/infomemos?number=47369"",""https://www.theocc.com/clearance-and-settlement/clearing/equity-options-product-specifications"",""https://www.optionseducation.org/referencelibrary/faq/splits-mergers-spinoffs-bankruptcies""],""status"":""research screening, not a complete OCC memo search"",""unresolved_adjustment_event"":false},""current_description"":{""status"":""not available for expired RIC""},""deliverable"":{""status"":""research assumption, not individually historically verified"",""value"":""100 AAPL shares""},""expiry"":{""status"":""RIC-derived; checked against source description/cache when available""},""historical_membership"":{""first"":""2026-06-29"",""last"":""2026-07-24"",""raw_sha256"":""f908cc8583afb7ed55953080b828e82f6bb1c333b8b591a068131cec9759a2a1"",""status"":""actual historical observations; per-signal availability gating""},""identity"":{""day_convention"":""zero-padded DD, instructor correction and retained real paired tests"",""fields"":[""underlying"",""cp"",""strike"",""expiry""],""source"":""https://developers.lseg.com/en/article-catalog/article/functions-to-find-option-rics-traded-on-different-exchanges"",""status"":""derived from official RIC rules""},""multiplier"":{""status"":""research assumption; supporting current lot-size metadata when available"",""value"":100},""scheduled_last_trading_date"":{""source"":""https://www.theocc.com/clearance-and-settlement/clearing/equity-options-product-specifications"",""status"":""rule/calendar-derived, not last observed quote""}}"
AAPLG242634750.U^G26,AAPL.O,C,347.5,2026-07-24,2026-07-24,2026-07-17,2026-07-24,2026-07-24,100,100 AAPL shares,False,research assumption,"official RIC-rule derivation, checked against available description/cache","direct historical quotation evidence, gated at each signal","rule/calendar derivation, distinct from final quote",research assumption,research assumption,"Treat ordinary AAPL OPRA calls as unadjusted standard American 100-share contracts, based on OCC specifications, ordinary identifiers, available descriptions and the corporate-action review. Not vendor-confirmed contract-by-contract historical deliverables.","[""https://www.theocc.com/clearance-and-settlement/clearing/equity-options-product-specifications"",""https://www.optionseducation.org/referencelibrary/faq/splits-mergers-spinoffs-bankruptcies"",""https://investor.apple.com/faq./default.aspx"",""https://infomemo.theocc.com/infomemos?number=47369""]",[],"{""corporate_actions"":{""apple_split_history"":""Apple public FAQ lists its last split in August 2020, before this sample."",""limitation"":""No detected conflicting corporate-action evidence; absence is not a vendor guarantee of every historical deliverable."",""provider_error"":null,""provider_events"":[],""provider_query_period"":[""2025-09-30"",""2026-09-30""],""sources"":[""https://investor.apple.com/faq./default.aspx"",""https://infomemo.theocc.com/infomemos?number=47369"",""https://www.theocc.com/clearance-and-settlement/clearing/equity-options-product-specifications"",""https://www.optionseducation.org/referencelibrary/faq/splits-mergers-spinoffs-bankruptcies""],""status"":""research screening, not a complete OCC memo search"",""unresolved_adjustment_event"":false},""current_description"":{""status"":""not available for expired RIC""},""deliverable"":{""status"":""research assumption, not individually historically verified"",""value"":""100 AAPL shares""},""expiry"":{""status"":""RIC-derived; checked against source description/cache when available""},""historical_membership"":{""first"":""2026-07-17"",""last"":""2026-07-24"",""raw_sha256"":""4a4326f9b9a645fdb03517a9b1d67297da35d0fbc0ac74679fdd5bb76fe9b0aa"",""status"":""actual historical observations; per-signal availability gating""},""identity"":{""day_convention"":""zero-padded DD, instructor correction and retained real paired tests"",""fields"":[""underlying"",""cp"",""strike"",""expiry""],""source"":""https://developers.lseg.com/en/article-catalog/article/functions-to-find-option-rics-traded-on-different-exchanges"",""status"":""derived from official RIC rules""},""multiplier"":{""status"":""research assumption; supporting current lot-size metadata when available"",""value"":100},""scheduled_last_trading_date"":{""source"":""https://www.theocc.com/clearance-and-settlement/clearing/equity-options-product-specifications"",""status"":""rule/calendar-derived, not last observed quote""}}"
AAPLG242635000.U^G26,AAPL.O,C,350.0,2026-07-24,2026-07-24,2026-06-29,2026-07-24,2026-07-24,100,100 AAPL shares,False,research assumption,"official RIC-rule derivation, checked against available description/cache","direct historical quotation evidence, gated at each signal","rule/calendar derivation, distinct from final quote",research assumption,research assumption,"Treat ordinary AAPL OPRA calls as unadjusted standard American 100-share contracts, based on OCC specifications, ordinary identifiers, available descriptions and the corporate-action review. Not vendor-confirmed contract-by-contract historical deliverables.","[""https://www.theocc.com/clearance-and-settlement/clearing/equity-options-product-specifications"",""https://www.optionseducation.org/referencelibrary/faq/splits-mergers-spinoffs-bankruptcies"",""https://investor.apple.com/faq./default.aspx"",""https://infomemo.theocc.com/infomemos?number=47369""]",[],"{""corporate_actions"":{""apple_split_history"":""Apple public FAQ lists its last split in August 2020, before this sample."",""limitation"":""No detected conflicting corporate-action evidence; absence is not a vendor guarantee of every historical deliverable."",""provider_error"":null,""provider_events"":[],""provider_query_period"":[""2025-09-30"",""2026-09-30""],""sources"":[""https://investor.apple.com/faq./default.aspx"",""https://infomemo.theocc.com/infomemos?number=47369"",""https://www.theocc.com/clearance-and-settlement/clearing/equity-options-product-specifications"",""https://www.optionseducation.org/referencelibrary/faq/splits-mergers-spinoffs-bankruptcies""],""status"":""research screening, not a complete OCC memo search"",""unresolved_adjustment_event"":false},""current_description"":{""status"":""not available for expired RIC""},""deliverable"":{""status"":""research assumption, not individually historically verified"",""value"":""100 AAPL shares""},""expiry"":{""status"":""RIC-derived; checked against source description/cache when available""},""historical_membership"":{""first"":""2026-06-29"",""last"":""2026-07-24"",""raw_sha256"":""90c36ee0da56aebe90a21e103a2d2594afa1bc94944179b9758090f964c48ced"",""status"":""actual historical observations; per-signal availability gating""},""identity"":{""day_convention"":""zero-padded DD, instructor correction and retained real paired tests"",""fields"":[""underlying"",""cp"",""strike"",""expiry""],""source"":""https://developers.lseg.com/en/article-catalog/article/functions-to-find-option-rics-traded-on-different-exchanges"",""status"":""derived from official RIC rules""},""multiplier"":{""status"":""research assumption; supporting current lot-size metadata when available"",""value"":100},""scheduled_last_trading_date"":{""source"":""https://www.theocc.com/clearance-and-settlement/clearing/equity-options-product-specifications"",""status"":""rule/calendar-derived, not last observed quote""}}"
AAPLG242635250.U^G26,AAPL.O,C,352.5,2026-07-24,2026-07-24,2026-07-17,2026-07-24,2026-07-24,100,100 AAPL shares,False,research assumption,"official RIC-rule derivation, checked against available description/cache","direct historical quotation evidence, gated at each signal","rule/calendar derivation, distinct from final quote",research assumption,research assumption,"Treat ordinary AAPL OPRA calls as unadjusted standard American 100-share contracts, based on OCC specifications, ordinary identifiers, available descriptions and the corporate-action review. Not vendor-confirmed contract-by-contract historical deliverables.","[""https://www.theocc.com/clearance-and-settlement/clearing/equity-options-product-specifications"",""https://www.optionseducation.org/referencelibrary/faq/splits-mergers-spinoffs-bankruptcies"",""https://investor.apple.com/faq./default.aspx"",""https://infomemo.theocc.com/infomemos?number=47369""]",[],"{""corporate_actions"":{""apple_split_history"":""Apple public FAQ lists its last split in August 2020, before this sample."",""limitation"":""No detected conflicting corporate-action evidence; absence is not a vendor guarantee of every historical deliverable."",""provider_error"":null,""provider_events"":[],""provider_query_period"":[""2025-09-30"",""2026-09-30""],""sources"":[""https://investor.apple.com/faq./default.aspx"",""https://infomemo.theocc.com/infomemos?number=47369"",""https://www.theocc.com/clearance-and-settlement/clearing/equity-options-product-specifications"",""https://www.optionseducation.org/referencelibrary/faq/splits-mergers-spinoffs-bankruptcies""],""status"":""research screening, not a complete OCC memo search"",""unresolved_adjustment_event"":false},""current_description"":{""status"":""not available for expired RIC""},""deliverable"":{""status"":""research assumption, not individually historically verified"",""value"":""100 AAPL shares""},""expiry"":{""status"":""RIC-derived; checked against source description/cache when available""},""historical_membership"":{""first"":""2026-07-17"",""last"":""2026-07-24"",""raw_sha256"":""8ef430c9e329a70d8191b7549e402cf8a2d76df04a5af8f3f9dcdd622aa1980c"",""status"":""actual historical observations; per-signal availability gating""},""identity"":{""day_convention"":""zero-padded DD, instructor correction and retained real paired tests"",""fields"":[""underlying"",""cp"",""strike"",""expiry""],""source"":""https://developers.lseg.com/en/article-catalog/article/functions-to-find-option-rics-traded-on-different-exchanges"",""status"":""derived from official RIC rules""},""multiplier"":{""status"":""research assumption; supporting current lot-size metadata when available"",""value"":100},""scheduled_last_trading_date"":{""source"":""https://www.theocc.com/clearance-and-settlement/clearing/equity-options-product-specifications"",""status"":""rule/calendar-derived, not last observed quote""}}"
AAPLG312633750.U^G26,AAPL.O,C,337.5,2026-07-31,2026-07-31,2026-07-13,2026-07-31,2026-07-31,100,100 AAPL shares,False,research assumption,"official RIC-rule derivation, checked against available description/cache","direct historical quotation evidence, gated at each signal","rule/calendar derivation, distinct from final quote",research assumption,research assumption,"Treat ordinary AAPL OPRA calls as unadjusted standard American 100-share contracts, based on OCC specifications, ordinary identifiers, available descriptions and the corporate-action review. Not vendor-confirmed contract-by-contract historical deliverables.","[""https://www.theocc.com/clearance-and-settlement/clearing/equity-options-product-specifications"",""https://www.optionseducation.org/referencelibrary/faq/splits-mergers-spinoffs-bankruptcies"",""https://investor.apple.com/faq./default.aspx"",""https://infomemo.theocc.com/infomemos?number=47369""]",[],"{""corporate_actions"":{""apple_split_history"":""Apple public FAQ lists its last split in August 2020, before this sample."",""limitation"":""No detected conflicting corporate-action evidence; absence is not a vendor guarantee of every historical deliverable."",""provider_error"":null,""provider_events"":[],""provider_query_period"":[""2025-09-30"",""2026-09-30""],""sources"":[""https://investor.apple.com/faq./default.aspx"",""https://infomemo.theocc.com/infomemos?number=47369"",""https://www.theocc.com/clearance-and-settlement/clearing/equity-options-product-specifications"",""https://www.optionseducation.org/referencelibrary/faq/splits-mergers-spinoffs-bankruptcies""],""status"":""research screening, not a complete OCC memo search"",""unresolved_adjustment_event"":false},""current_description"":{""status"":""not available for expired RIC""},""deliverable"":{""status"":""research assumption, not individually historically verified"",""value"":""100 AAPL shares""},""expiry"":{""status"":""RIC-derived; checked against source description/cache when available""},""historical_membership"":{""first"":""2026-07-13"",""last"":""2026-07-31"",""raw_sha256"":""6e55ed7b47c6ea0dbaba7a0937744931b338ea7a2481372edb9a1cfa63a1baf2"",""status"":""actual historical observations; per-signal availability gating""},""identity"":{""day_convention"":""zero-padded DD, instructor correction and retained real paired tests"",""fields"":[""underlying"",""cp"",""strike"",""expiry""],""source"":""https://developers.lseg.com/en/article-catalog/article/functions-to-find-option-rics-traded-on-different-exchanges"",""status"":""derived from official RIC rules""},""multiplier"":{""status"":""research assumption; supporting current lot-size metadata when available"",""value"":100},""scheduled_last_trading_date"":{""source"":""https://www.theocc.com/clearance-and-settlement/clearing/equity-options-product-specifications"",""status"":""rule/calendar-derived, not last observed quote""}}"
AAPLG312634000.U^G26,AAPL.O,C,340.0,2026-07-31,2026-07-31,2026-06-29,2026-07-31,2026-07-31,100,100 AAPL shares,False,research assumption,"official RIC-rule derivation, checked against available description/cache","direct historical quotation evidence, gated at each signal","rule/calendar derivation, distinct from final quote",research assumption,research assumption,"Treat ordinary AAPL OPRA calls as unadjusted standard American 100-share contracts, based on OCC specifications, ordinary identifiers, available descriptions and the corporate-action review. Not vendor-confirmed contract-by-contract historical deliverables.","[""https://www.theocc.com/clearance-and-settlement/clearing/equity-options-product-specifications"",""https://www.optionseducation.org/referencelibrary/faq/splits-mergers-spinoffs-bankruptcies"",""https://investor.apple.com/faq./default.aspx"",""https://infomemo.theocc.com/infomemos?number=47369""]",[],"{""corporate_actions"":{""apple_split_history"":""Apple public FAQ lists its last split in August 2020, before this sample."",""limitation"":""No detected conflicting corporate-action evidence; absence is not a vendor guarantee of every historical deliverable."",""provider_error"":null,""provider_events"":[],""provider_query_period"":[""2025-09-30"",""2026-09-30""],""sources"":[""https://investor.apple.com/faq./default.aspx"",""https://infomemo.theocc.com/infomemos?number=47369"",""https://www.theocc.com/clearance-and-settlement/clearing/equity-options-product-specifications"",""https://www.optionseducation.org/referencelibrary/faq/splits-mergers-spinoffs-bankruptcies""],""status"":""research screening, not a complete OCC memo search"",""unresolved_adjustment_event"":false},""current_description"":{""status"":""not available for expired RIC""},""deliverable"":{""status"":""research assumption, not individually historically verified"",""value"":""100 AAPL shares""},""expiry"":{""status"":""RIC-derived; checked against source description/cache when available""},""historical_membership"":{""first"":""2026-06-29"",""last"":""2026-07-31"",""raw_sha256"":""d9189b1466c1e0f503457817cab2771a99084c017a80ba61b46b8d3eb433abc1"",""status"":""actual historical observations; per-signal availability gating""},""identity"":{""day_convention"":""zero-padded DD, instructor correction and retained real paired tests"",""fields"":[""underlying"",""cp"",""strike"",""expiry""],""source"":""https://developers.lseg.com/en/article-catalog/article/functions-to-find-option-rics-traded-on-different-exchanges"",""status"":""derived from official RIC rules""},""multiplier"":{""status"":""research assumption; supporting current lot-size metadata when available"",""value"":100},""scheduled_last_trading_date"":{""source"":""https://www.theocc.com/clearance-and-settlement/clearing/equity-options-product-specifications"",""status"":""rule/calendar-derived, not last observed quote""}}"
AAPLG312635750.U^G26,AAPL.O,C,357.5,2026-07-31,2026-07-31,2026-07-17,2026-07-31,2026-07-31,100,100 AAPL shares,False,research assumption,"official RIC-rule derivation, checked against available description/cache","direct historical quotation evidence, gated at each signal","rule/calendar derivation, distinct from final quote",research assumption,research assumption,"Treat ordinary AAPL OPRA calls as unadjusted standard American 100-share contracts, based on OCC specifications, ordinary identifiers, available descriptions and the corporate-action review. Not vendor-confirmed contract-by-contract historical deliverables.","[""https://www.theocc.com/clearance-and-settlement/clearing/equity-options-product-specifications"",""https://www.optionseducation.org/referencelibrary/faq/splits-mergers-spinoffs-bankruptcies"",""https://investor.apple.com/faq./default.aspx"",""https://infomemo.theocc.com/infomemos?number=47369""]",[],"{""corporate_actions"":{""apple_split_history"":""Apple public FAQ lists its last split in August 2020, before this sample."",""limitation"":""No detected conflicting corporate-action evidence; absence is not a vendor guarantee of every historical deliverable."",""provider_error"":null,""provider_events"":[],""provider_query_period"":[""2025-09-30"",""2026-09-30""],""sources"":[""https://investor.apple.com/faq./default.aspx"",""https://infomemo.theocc.com/infomemos?number=47369"",""https://www.theocc.com/clearance-and-settlement/clearing/equity-options-product-specifications"",""https://www.optionseducation.org/referencelibrary/faq/splits-mergers-spinoffs-bankruptcies""],""status"":""research screening, not a complete OCC memo search"",""unresolved_adjustment_event"":false},""current_description"":{""status"":""not available for expired RIC""},""deliverable"":{""status"":""research assumption, not individually historically verified"",""value"":""100 AAPL shares""},""expiry"":{""status"":""RIC-derived; checked against source description/cache when available""},""historical_membership"":{""first"":""2026-07-17"",""last"":""2026-07-31"",""raw_sha256"":""e0b4414f035dcc9d3f33755d41c91701e434e7ff9e858f37f94d524466484edf"",""status"":""actual historical observations; per-signal availability gating""},""identity"":{""day_convention"":""zero-padded DD, instructor correction and retained real paired tests"",""fields"":[""underlying"",""cp"",""strike"",""expiry""],""source"":""https://developers.lseg.com/en/article-catalog/article/functions-to-find-option-rics-traded-on-different-exchanges"",""status"":""derived from official RIC rules""},""multiplier"":{""status"":""research assumption; supporting current lot-size metadata when available"",""value"":100},""scheduled_last_trading_date"":{""source"":""https://www.theocc.com/clearance-and-settlement/clearing/equity-options-product-specifications"",""status"":""rule/calendar-derived, not last observed quote""}}"
AAPLG312636000.U^G26,AAPL.O,C,360.0,2026-07-31,2026-07-31,2026-06-29,2026-07-31,2026-07-31,100,100 AAPL shares,False,research assumption,"official RIC-rule derivation, checked against available description/cache","direct historical quotation evidence, gated at each signal","rule/calendar derivation, distinct from final quote",research assumption,research assumption,"Treat ordinary AAPL OPRA calls as unadjusted standard American 100-share contracts, based on OCC specifications, ordinary identifiers, available descriptions and the corporate-action review. Not vendor-confirmed contract-by-contract historical deliverables.","[""https://www.theocc.com/clearance-and-settlement/clearing/equity-options-product-specifications"",""https://www.optionseducation.org/referencelibrary/faq/splits-mergers-spinoffs-bankruptcies"",""https://investor.apple.com/faq./default.aspx"",""https://infomemo.theocc.com/infomemos?number=47369""]",[],"{""corporate_actions"":{""apple_split_history"":""Apple public FAQ lists its last split in August 2020, before this sample."",""limitation"":""No detected conflicting corporate-action evidence; absence is not a vendor guarantee of every historical deliverable."",""provider_error"":null,""provider_events"":[],""provider_query_period"":[""2025-09-30"",""2026-09-30""],""sources"":[""https://investor.apple.com/faq./default.aspx"",""https://infomemo.theocc.com/infomemos?number=47369"",""https://www.theocc.com/clearance-and-settlement/clearing/equity-options-product-specifications"",""https://www.optionseducation.org/referencelibrary/faq/splits-mergers-spinoffs-bankruptcies""],""status"":""research screening, not a complete OCC memo search"",""unresolved_adjustment_event"":false},""current_description"":{""status"":""not available for expired RIC""},""deliverable"":{""status"":""research assumption, not individually historically verified"",""value"":""100 AAPL shares""},""expiry"":{""status"":""RIC-derived; checked against source description/cache when available""},""historical_membership"":{""first"":""2026-06-29"",""last"":""2026-07-31"",""raw_sha256"":""aa585035b6d0409d4a1f0ec9697f4a7bdc6e006a3bd982bee2b41b1fd9a55678"",""status"":""actual historical observations; per-signal availability gating""},""identity"":{""day_convention"":""zero-padded DD, instructor correction and retained real paired tests"",""fields"":[""underlying"",""cp"",""strike"",""expiry""],""source"":""https://developers.lseg.com/en/article-catalog/article/functions-to-find-option-rics-traded-on-different-exchanges"",""status"":""derived from official RIC rules""},""multiplier"":{""status"":""research assumption; supporting current lot-size metadata when available"",""value"":100},""scheduled_last_trading_date"":{""source"":""https://www.theocc.com/clearance-and-settlement/clearing/equity-options-product-specifications"",""status"":""rule/calendar-derived, not last observed quote""}}"
AAPLG312636250.U^G26,AAPL.O,C,362.5,2026-07-31,2026-07-31,2026-07-17,2026-07-31,2026-07-31,100,100 AAPL shares,False,research assumption,"official RIC-rule derivation, checked against available description/cache","direct historical quotation evidence, gated at each signal","rule/calendar derivation, distinct from final quote",research assumption,research assumption,"Treat ordinary AAPL OPRA calls as unadjusted standard American 100-share contracts, based on OCC specifications, ordinary identifiers, available descriptions and the corporate-action review. Not vendor-confirmed contract-by-contract historical deliverables.","[""https://www.theocc.com/clearance-and-settlement/clearing/equity-options-product-specifications"",""https://www.optionseducation.org/referencelibrary/faq/splits-mergers-spinoffs-bankruptcies"",""https://investor.apple.com/faq./default.aspx"",""https://infomemo.theocc.com/infomemos?number=47369""]",[],"{""corporate_actions"":{""apple_split_history"":""Apple public FAQ lists its last split in August 2020, before this sample."",""limitation"":""No detected conflicting corporate-action evidence; absence is not a vendor guarantee of every historical deliverable."",""provider_error"":null,""provider_events"":[],""provider_query_period"":[""2025-09-30"",""2026-09-30""],""sources"":[""https://investor.apple.com/faq./default.aspx"",""https://infomemo.theocc.com/infomemos?number=47369"",""https://www.theocc.com/clearance-and-settlement/clearing/equity-options-product-specifications"",""https://www.optionseducation.org/referencelibrary/faq/splits-mergers-spinoffs-bankruptcies""],""status"":""research screening, not a complete OCC memo search"",""unresolved_adjustment_event"":false},""current_description"":{""status"":""not available for expired RIC""},""deliverable"":{""status"":""research assumption, not individually historically verified"",""value"":""100 AAPL shares""},""expiry"":{""status"":""RIC-derived; checked against source description/cache when available""},""historical_membership"":{""first"":""2026-07-17"",""last"":""2026-07-31"",""raw_sha256"":""9c6b2ee5d72da30d036e2af24b0d1c83db5b05140818d6322103df93ea545d3a"",""status"":""actual historical observations; per-signal availability gating""},""identity"":{""day_convention"":""zero-padded DD, instructor correction and retained real paired tests"",""fields"":[""underlying"",""cp"",""strike"",""expiry""],""source"":""https://developers.lseg.com/en/article-catalog/article/functions-to-find-option-rics-traded-on-different-exchanges"",""status"":""derived from official RIC rules""},""multiplier"":{""status"":""research assumption; supporting current lot-size metadata when available"",""value"":100},""scheduled_last_trading_date"":{""source"":""https://www.theocc.com/clearance-and-settlement/clearing/equity-options-product-specifications"",""status"":""rule/calendar-derived, not last observed quote""}}"
AAPLG312636500.U^G26,AAPL.O,C,365.0,2026-07-31,2026-07-31,2026-06-29,2026-07-31,2026-07-31,100,100 AAPL shares,False,research assumption,"official RIC-rule derivation, checked against available description/cache","direct historical quotation evidence, gated at each signal","rule/calendar derivation, distinct from final quote",research assumption,research assumption,"Treat ordinary AAPL OPRA calls as unadjusted standard American 100-share contracts, based on OCC specifications, ordinary identifiers, available descriptions and the corporate-action review. Not vendor-confirmed contract-by-contract historical deliverables.","[""https://www.theocc.com/clearance-and-settlement/clearing/equity-options-product-specifications"",""https://www.optionseducation.org/referencelibrary/faq/splits-mergers-spinoffs-bankruptcies"",""https://investor.apple.com/faq./default.aspx"",""https://infomemo.theocc.com/infomemos?number=47369""]",[],"{""corporate_actions"":{""apple_split_history"":""Apple public FAQ lists its last split in August 2020, before this sample."",""limitation"":""No detected conflicting corporate-action evidence; absence is not a vendor guarantee of every historical deliverable."",""provider_error"":null,""provider_events"":[],""provider_query_period"":[""2025-09-30"",""2026-09-30""],""sources"":[""https://investor.apple.com/faq./default.aspx"",""https://infomemo.theocc.com/infomemos?number=47369"",""https://www.theocc.com/clearance-and-settlement/clearing/equity-options-product-specifications"",""https://www.optionseducation.org/referencelibrary/faq/splits-mergers-spinoffs-bankruptcies""],""status"":""research screening, not a complete OCC memo search"",""unresolved_adjustment_event"":false},""current_description"":{""status"":""not available for expired RIC""},""deliverable"":{""status"":""research assumption, not individually historically verified"",""value"":""100 AAPL shares""},""expiry"":{""status"":""RIC-derived; checked against source description/cache when available""},""historical_membership"":{""first"":""2026-06-29"",""last"":""2026-07-31"",""raw_sha256"":""b350ba949cb5acc1735e645ab657a76e34722ee2fb8ebb49e6f845de6f43d2ad"",""status"":""actual historical observations; per-signal availability gating""},""identity"":{""day_convention"":""zero-padded DD, instructor correction and retained real paired tests"",""fields"":[""underlying"",""cp"",""strike"",""expiry""],""source"":""https://developers.lseg.com/en/article-catalog/article/functions-to-find-option-rics-traded-on-different-exchanges"",""status"":""derived from official RIC rules""},""multiplier"":{""status"":""research assumption; supporting current lot-size metadata when available"",""value"":100},""scheduled_last_trading_date"":{""source"":""https://www.theocc.com/clearance-and-settlement/clearing/equity-options-product-specifications"",""status"":""rule/calendar-derived, not last observed quote""}}"
AAPLH072630500.U^H26,AAPL.O,C,305.0,2026-08-07,2026-08-07,2026-06-29,2026-08-07,2026-08-07,100,100 AAPL shares,False,research assumption,"official RIC-rule derivation, checked against available description/cache","direct historical quotation evidence, gated at each signal","rule/calendar derivation, distinct from final quote",research assumption,research assumption,"Treat ordinary AAPL OPRA calls as unadjusted standard American 100-share contracts, based on OCC specifications, ordinary identifiers, available descriptions and the corporate-action review. Not vendor-confirmed contract-by-contract historical deliverables.","[""https://www.theocc.com/clearance-and-settlement/clearing/equity-options-product-specifications"",""https://www.optionseducation.org/referencelibrary/faq/splits-mergers-spinoffs-bankruptcies"",""https://investor.apple.com/faq./default.aspx"",""https://infomemo.theocc.com/infomemos?number=47369""]",[],"{""corporate_actions"":{""apple_split_history"":""Apple public FAQ lists its last split in August 2020, before this sample."",""limitation"":""No detected conflicting corporate-action evidence; absence is not a vendor guarantee of every historical deliverable."",""provider_error"":null,""provider_events"":[],""provider_query_period"":[""2025-09-30"",""2026-09-30""],""sources"":[""https://investor.apple.com/faq./default.aspx"",""https://infomemo.theocc.com/infomemos?number=47369"",""https://www.theocc.com/clearance-and-settlement/clearing/equity-options-product-specifications"",""https://www.optionseducation.org/referencelibrary/faq/splits-mergers-spinoffs-bankruptcies""],""status"":""research screening, not a complete OCC memo search"",""unresolved_adjustment_event"":false},""current_description"":{""status"":""not available for expired RIC""},""deliverable"":{""status"":""research assumption, not individually historically verified"",""value"":""100 AAPL shares""},""expiry"":{""status"":""RIC-derived; checked against source description/cache when available""},""historical_membership"":{""first"":""2026-06-29"",""last"":""2026-08-07"",""raw_sha256"":""06c5ffbab972950b44d524c52c5f3b69980e76c5a14913c713f6b78f57e0d119"",""status"":""actual historical observations; per-signal availability gating""},""identity"":{""day_convention"":""zero-padded DD, instructor correction and retained real paired tests"",""fields"":[""underlying"",""cp"",""strike"",""expiry""],""source"":""https://developers.lseg.com/en/article-catalog/article/functions-to-find-option-rics-traded-on-different-exchanges"",""status"":""derived from official RIC rules""},""multiplier"":{""status"":""research assumption; supporting current lot-size metadata when available"",""value"":100},""scheduled_last_trading_date"":{""source"":""https://www.theocc.com/clearance-and-settlement/clearing/equity-options-product-specifications"",""status"":""rule/calendar-derived, not last observed quote""}}"
AAPLH072630750.U^H26,AAPL.O,C,307.5,2026-08-07,2026-08-07,2026-07-23,2026-08-07,2026-08-07,100,100 AAPL shares,False,research assumption,"official RIC-rule derivation, checked against available description/cache","direct historical quotation evidence, gated at each signal","rule/calendar derivation, distinct from final quote",research assumption,research assumption,"Treat ordinary AAPL OPRA calls as unadjusted standard American 100-share contracts, based on OCC specifications, ordinary identifiers, available descriptions and the corporate-action review. Not vendor-confirmed contract-by-contract historical deliverables.","[""https://www.theocc.com/clearance-and-settlement/clearing/equity-options-product-specifications"",""https://www.optionseducation.org/referencelibrary/faq/splits-mergers-spinoffs-bankruptcies"",""https://investor.apple.com/faq./default.aspx"",""https://infomemo.theocc.com/infomemos?number=47369""]",[],"{""corporate_actions"":{""apple_split_history"":""Apple public FAQ lists its last split in August 2020, before this sample."",""limitation"":""No detected conflicting corporate-action evidence; absence is not a vendor guarantee of every historical deliverable."",""provider_error"":null,""provider_events"":[],""provider_query_period"":[""2025-09-30"",""2026-09-30""],""sources"":[""https://investor.apple.com/faq./default.aspx"",""https://infomemo.theocc.com/infomemos?number=47369"",""https://www.theocc.com/clearance-and-settlement/clearing/equity-options-product-specifications"",""https://www.optionseducation.org/referencelibrary/faq/splits-mergers-spinoffs-bankruptcies""],""status"":""research screening, not a complete OCC memo search"",""unresolved_adjustment_event"":false},""current_description"":{""status"":""not available for expired RIC""},""deliverable"":{""status"":""research assumption, not individually historically verified"",""value"":""100 AAPL shares""},""expiry"":{""status"":""RIC-derived; checked against source description/cache when available""},""historical_membership"":{""first"":""2026-07-23"",""last"":""2026-08-07"",""raw_sha256"":""09101cd4f4c0bde061e17211910411a796bbc16917f645792105d29cba8f9b20"",""status"":""actual historical observations; per-signal availability gating""},""identity"":{""day_convention"":""zero-padded DD, instructor correction and retained real paired tests"",""fields"":[""underlying"",""cp"",""strike"",""expiry""],""source"":""https://developers.lseg.com/en/article-catalog/article/functions-to-find-option-rics-traded-on-different-exchanges"",""status"":""derived from official RIC rules""},""multiplier"":{""status"":""research assumption; supporting current lot-size metadata when available"",""value"":100},""scheduled_last_trading_date"":{""source"":""https://www.theocc.com/clearance-and-settlement/clearing/equity-options-product-specifications"",""status"":""rule/calendar-derived, not last observed quote""}}"
AAPLH072632250.U^H26,AAPL.O,C,322.5,2026-08-07,2026-08-07,2026-07-20,2026-08-07,2026-08-07,100,100 AAPL shares,False,research assumption,"official RIC-rule derivation, checked against available description/cache","direct historical quotation evidence, gated at each signal","rule/calendar derivation, distinct from final quote",research assumption,research assumption,"Treat ordinary AAPL OPRA calls as unadjusted standard American 100-share contracts, based on OCC specifications, ordinary identifiers, available descriptions and the corporate-action review. Not vendor-confirmed contract-by-contract historical deliverables.","[""https://www.theocc.com/clearance-and-settlement/clearing/equity-options-product-specifications"",""https://www.optionseducation.org/referencelibrary/faq/splits-mergers-spinoffs-bankruptcies"",""https://investor.apple.com/faq./default.aspx"",""https://infomemo.theocc.com/infomemos?number=47369""]",[],"{""corporate_actions"":{""apple_split_history"":""Apple public FAQ lists its last split in August 2020, before this sample."",""limitation"":""No detected conflicting corporate-action evidence; absence is not a vendor guarantee of every historical deliverable."",""provider_error"":null,""provider_events"":[],""provider_query_period"":[""2025-09-30"",""2026-09-30""],""sources"":[""https://investor.apple.com/faq./default.aspx"",""https://infomemo.theocc.com/infomemos?number=47369"",""https://www.theocc.com/clearance-and-settlement/clearing/equity-options-product-specifications"",""https://www.optionseducation.org/referencelibrary/faq/splits-mergers-spinoffs-bankruptcies""],""status"":""research screening, not a complete OCC memo search"",""unresolved_adjustment_event"":false},""current_description"":{""status"":""not available for expired RIC""},""deliverable"":{""status"":""research assumption, not individually historically verified"",""value"":""100 AAPL shares""},""expiry"":{""status"":""RIC-derived; checked against source description/cache when available""},""historical_membership"":{""first"":""2026-07-20"",""last"":""2026-08-07"",""raw_sha256"":""c4957423df608635e40caa3c2a949f2f98b171f22cdbc1db0e975e41efc457f9"",""status"":""actual historical observations; per-signal availability gating""},""identity"":{""day_convention"":""zero-padded DD, instructor correction and retained real paired tests"",""fields"":[""underlying"",""cp"",""strike"",""expiry""],""source"":""https://developers.lseg.com/en/article-catalog/article/functions-to-find-option-rics-traded-on-different-exchanges"",""status"":""derived from official RIC rules""},""multiplier"":{""status"":""research assumption; supporting current lot-size metadata when available"",""value"":100},""scheduled_last_trading_date"":{""source"":""https://www.theocc.com/clearance-and-settlement/clearing/equity-options-product-specifications"",""status"":""rule/calendar-derived, not last observed quote""}}"
AAPLH072632500.U^H26,AAPL.O,C,325.0,2026-08-07,2026-08-07,2026-06-29,2026-08-07,2026-08-07,100,100 AAPL shares,False,research assumption,"official RIC-rule derivation, checked against available description/cache","direct historical quotation evidence, gated at each signal","rule/calendar derivation, distinct from final quote",research assumption,research assumption,"Treat ordinary AAPL OPRA calls as unadjusted standard American 100-share contracts, based on OCC specifications, ordinary identifiers, available descriptions and the corporate-action review. Not vendor-confirmed contract-by-contract historical deliverables.","[""https://www.theocc.com/clearance-and-settlement/clearing/equity-options-product-specifications"",""https://www.optionseducation.org/referencelibrary/faq/splits-mergers-spinoffs-bankruptcies"",""https://investor.apple.com/faq./default.aspx"",""https://infomemo.theocc.com/infomemos?number=47369""]",[],"{""corporate_actions"":{""apple_split_history"":""Apple public FAQ lists its last split in August 2020, before this sample."",""limitation"":""No detected conflicting corporate-action evidence; absence is not a vendor guarantee of every historical deliverable."",""provider_error"":null,""provider_events"":[],""provider_query_period"":[""2025-09-30"",""2026-09-30""],""sources"":[""https://investor.apple.com/faq./default.aspx"",""https://infomemo.theocc.com/infomemos?number=47369"",""https://www.theocc.com/clearance-and-settlement/clearing/equity-options-product-specifications"",""https://www.optionseducation.org/referencelibrary/faq/splits-mergers-spinoffs-bankruptcies""],""status"":""research screening, not a complete OCC memo search"",""unresolved_adjustment_event"":false},""current_description"":{""status"":""not available for expired RIC""},""deliverable"":{""status"":""research assumption, not individually historically verified"",""value"":""100 AAPL shares""},""expiry"":{""status"":""RIC-derived; checked against source description/cache when available""},""historical_membership"":{""first"":""2026-06-29"",""last"":""2026-08-07"",""raw_sha256"":""1e634069af88a7a40f30012900d79475f9dae7187131d973f38f6e480728db7a"",""status"":""actual historical observations; per-signal availability gating""},""identity"":{""day_convention"":""zero-padded DD, instructor correction and retained real paired tests"",""fields"":[""underlying"",""cp"",""strike"",""expiry""],""source"":""https://developers.lseg.com/en/article-catalog/article/functions-to-find-option-rics-traded-on-different-exchanges"",""status"":""derived from official RIC rules""},""multiplier"":{""status"":""research assumption; supporting current lot-size metadata when available"",""value"":100},""scheduled_last_trading_date"":{""source"":""https://www.theocc.com/clearance-and-settlement/clearing/equity-options-product-specifications"",""status"":""rule/calendar-derived, not last observed quote""}}"
AAPLH072632750.U^H26,AAPL.O,C,327.5,2026-08-07,2026-08-07,2026-07-20,2026-08-07,2026-08-07,100,100 AAPL shares,False,research assumption,"official RIC-rule derivation, checked against available description/cache","direct historical quotation evidence, gated at each signal","rule/calendar derivation, distinct from final quote",research assumption,research assumption,"Treat ordinary AAPL OPRA calls as unadjusted standard American 100-share contracts, based on OCC specifications, ordinary identifiers, available descriptions and the corporate-action review. Not vendor-confirmed contract-by-contract historical deliverables.","[""https://www.theocc.com/clearance-and-settlement/clearing/equity-options-product-specifications"",""https://www.optionseducation.org/referencelibrary/faq/splits-mergers-spinoffs-bankruptcies"",""https://investor.apple.com/faq./default.aspx"",""https://infomemo.theocc.com/infomemos?number=47369""]",[],"{""corporate_actions"":{""apple_split_history"":""Apple public FAQ lists its last split in August 2020, before this sample."",""limitation"":""No detected conflicting corporate-action evidence; absence is not a vendor guarantee of every historical deliverable."",""provider_error"":null,""provider_events"":[],""provider_query_period"":[""2025-09-30"",""2026-09-30""],""sources"":[""https://investor.apple.com/faq./default.aspx"",""https://infomemo.theocc.com/infomemos?number=47369"",""https://www.theocc.com/clearance-and-settlement/clearing/equity-options-product-specifications"",""https://www.optionseducation.org/referencelibrary/faq/splits-mergers-spinoffs-bankruptcies""],""status"":""research screening, not a complete OCC memo search"",""unresolved_adjustment_event"":false},""current_description"":{""status"":""not available for expired RIC""},""deliverable"":{""status"":""research assumption, not individually historically verified"",""value"":""100 AAPL shares""},""expiry"":{""status"":""RIC-derived; checked against source description/cache when available""},""historical_membership"":{""first"":""2026-07-20"",""last"":""2026-08-07"",""raw_sha256"":""dabafbf5fb1db10db95c82b8db63010b29dee15ec8cfe90aebfe4ae30404dd49"",""status"":""actual historical observations; per-signal availability gating""},""identity"":{""day_convention"":""zero-padded DD, instructor correction and retained real paired tests"",""fields"":[""underlying"",""cp"",""strike"",""expiry""],""source"":""https://developers.lseg.com/en/article-catalog/article/functions-to-find-option-rics-traded-on-different-exchanges"",""status"":""derived from official RIC rules""},""multiplier"":{""status"":""research assumption; supporting current lot-size metadata when available"",""value"":100},""scheduled_last_trading_date"":{""source"":""https://www.theocc.com/clearance-and-settlement/clearing/equity-options-product-specifications"",""status"":""rule/calendar-derived, not last observed quote""}}"
AAPLH072633000.U^H26,AAPL.O,C,330.0,2026-08-07,2026-08-07,2026-06-29,2026-08-07,2026-08-07,100,100 AAPL shares,False,research assumption,"official RIC-rule derivation, checked against available description/cache","direct historical quotation evidence, gated at each signal","rule/calendar derivation, distinct from final quote",research assumption,research assumption,"Treat ordinary AAPL OPRA calls as unadjusted standard American 100-share contracts, based on OCC specifications, ordinary identifiers, available descriptions and the corporate-action review. Not vendor-confirmed contract-by-contract historical deliverables.","[""https://www.theocc.com/clearance-and-settlement/clearing/equity-options-product-specifications"",""https://www.optionseducation.org/referencelibrary/faq/splits-mergers-spinoffs-bankruptcies"",""https://investor.apple.com/faq./default.aspx"",""https://infomemo.theocc.com/infomemos?number=47369""]",[],"{""corporate_actions"":{""apple_split_history"":""Apple public FAQ lists its last split in August 2020, before this sample."",""limitation"":""No detected conflicting corporate-action evidence; absence is not a vendor guarantee of every historical deliverable."",""provider_error"":null,""provider_events"":[],""provider_query_period"":[""2025-09-30"",""2026-09-30""],""sources"":[""https://investor.apple.com/faq./default.aspx"",""https://infomemo.theocc.com/infomemos?number=47369"",""https://www.theocc.com/clearance-and-settlement/clearing/equity-options-product-specifications"",""https://www.optionseducation.org/referencelibrary/faq/splits-mergers-spinoffs-bankruptcies""],""status"":""research screening, not a complete OCC memo search"",""unresolved_adjustment_event"":false},""current_description"":{""status"":""not available for expired RIC""},""deliverable"":{""status"":""research assumption, not individually historically verified"",""value"":""100 AAPL shares""},""expiry"":{""status"":""RIC-derived; checked against source description/cache when available""},""historical_membership"":{""first"":""2026-06-29"",""last"":""2026-08-07"",""raw_sha256"":""1f501163b6f1cb25baf38dcf13cbad18a09ef1f6a3eda2d1ab0cafafd4f31693"",""status"":""actual historical observations; per-signal availability gating""},""identity"":{""day_convention"":""zero-padded DD, instructor correction and retained real paired tests"",""fields"":[""underlying"",""cp"",""strike"",""expiry""],""source"":""https://developers.lseg.com/en/article-catalog/article/functions-to-find-option-rics-traded-on-different-exchanges"",""status"":""derived from official RIC rules""},""multiplier"":{""status"":""research assumption; supporting current lot-size metadata when available"",""value"":100},""scheduled_last_trading_date"":{""source"":""https://www.theocc.com/clearance-and-settlement/clearing/equity-options-product-specifications"",""status"":""rule/calendar-derived, not last observed quote""}}"
AAPLH142630500.U^H26,AAPL.O,C,305.0,2026-08-14,2026-08-14,2026-07-02,2026-08-14,2026-08-14,100,100 AAPL shares,False,research assumption,"official RIC-rule derivation, checked against available description/cache","direct historical quotation evidence, gated at each signal","rule/calendar derivation, distinct from final quote",research assumption,research assumption,"Treat ordinary AAPL OPRA calls as unadjusted standard American 100-share contracts, based on OCC specifications, ordinary identifiers, available descriptions and the corporate-action review. Not vendor-confirmed contract-by-contract historical deliverables.","[""https://www.theocc.com/clearance-and-settlement/clearing/equity-options-product-specifications"",""https://www.optionseducation.org/referencelibrary/faq/splits-mergers-spinoffs-bankruptcies"",""https://investor.apple.com/faq./default.aspx"",""https://infomemo.theocc.com/infomemos?number=47369""]",[],"{""corporate_actions"":{""apple_split_history"":""Apple public FAQ lists its last split in August 2020, before this sample."",""limitation"":""No detected conflicting corporate-action evidence; absence is not a vendor guarantee of every historical deliverable."",""provider_error"":null,""provider_events"":[],""provider_query_period"":[""2025-09-30"",""2026-09-30""],""sources"":[""https://investor.apple.com/faq./default.aspx"",""https://infomemo.theocc.com/infomemos?number=47369"",""https://www.theocc.com/clearance-and-settlement/clearing/equity-options-product-specifications"",""https://www.optionseducation.org/referencelibrary/faq/splits-mergers-spinoffs-bankruptcies""],""status"":""research screening, not a complete OCC memo search"",""unresolved_adjustment_event"":false},""current_description"":{""status"":""not available for expired RIC""},""deliverable"":{""status"":""research assumption, not individually historically verified"",""value"":""100 AAPL shares""},""expiry"":{""status"":""RIC-derived; checked against source description/cache when available""},""historical_membership"":{""first"":""2026-07-02"",""last"":""2026-08-14"",""raw_sha256"":""e6b86e41706c2f192c119311ececd896e309285f5cdeb3788d3d988b33ea02c7"",""status"":""actual historical observations; per-signal availability gating""},""identity"":{""day_convention"":""zero-padded DD, instructor correction and retained real paired tests"",""fields"":[""underlying"",""cp"",""strike"",""expiry""],""source"":""https://developers.lseg.com/en/article-catalog/article/functions-to-find-option-rics-traded-on-different-exchanges"",""status"":""derived from official RIC rules""},""multiplier"":{""status"":""research assumption; supporting current lot-size metadata when available"",""value"":100},""scheduled_last_trading_date"":{""source"":""https://www.theocc.com/clearance-and-settlement/clearing/equity-options-product-specifications"",""status"":""rule/calendar-derived, not last observed quote""}}"
AAPLH142630750.U^H26,AAPL.O,C,307.5,2026-08-14,2026-08-14,2026-07-27,2026-08-14,2026-08-14,100,100 AAPL shares,False,research assumption,"official RIC-rule derivation, checked against available description/cache","direct historical quotation evidence, gated at each signal","rule/calendar derivation, distinct from final quote",research assumption,research assumption,"Treat ordinary AAPL OPRA calls as unadjusted standard American 100-share contracts, based on OCC specifications, ordinary identifiers, available descriptions and the corporate-action review. Not vendor-confirmed contract-by-contract historical deliverables.","[""https://www.theocc.com/clearance-and-settlement/clearing/equity-options-product-specifications"",""https://www.optionseducation.org/referencelibrary/faq/splits-mergers-spinoffs-bankruptcies"",""https://investor.apple.com/faq./default.aspx"",""https://infomemo.theocc.com/infomemos?number=47369""]",[],"{""corporate_actions"":{""apple_split_history"":""Apple public FAQ lists its last split in August 2020, before this sample."",""limitation"":""No detected conflicting corporate-action evidence; absence is not a vendor guarantee of every historical deliverable."",""provider_error"":null,""provider_events"":[],""provider_query_period"":[""2025-09-30"",""2026-09-30""],""sources"":[""https://investor.apple.com/faq./default.aspx"",""https://infomemo.theocc.com/infomemos?number=47369"",""https://www.theocc.com/clearance-and-settlement/clearing/equity-options-product-specifications"",""https://www.optionseducation.org/referencelibrary/faq/splits-mergers-spinoffs-bankruptcies""],""status"":""research screening, not a complete OCC memo search"",""unresolved_adjustment_event"":false},""current_description"":{""status"":""not available for expired RIC""},""deliverable"":{""status"":""research assumption, not individually historically verified"",""value"":""100 AAPL shares""},""expiry"":{""status"":""RIC-derived; checked against source description/cache when available""},""historical_membership"":{""first"":""2026-07-27"",""last"":""2026-08-14"",""raw_sha256"":""4a7d8714a339952fe5859af76a80226e1e2f564e4b12b5a8a88f4d551bcebda5"",""status"":""actual historical observations; per-signal availability gating""},""identity"":{""day_convention"":""zero-padded DD, instructor correction and retained real paired tests"",""fields"":[""underlying"",""cp"",""strike"",""expiry""],""source"":""https://developers.lseg.com/en/article-catalog/article/functions-to-find-option-rics-traded-on-different-exchanges"",""status"":""derived from official RIC rules""},""multiplier"":{""status"":""research assumption; supporting current lot-size metadata when available"",""value"":100},""scheduled_last_trading_date"":{""source"":""https://www.theocc.com/clearance-and-settlement/clearing/equity-options-product-specifications"",""status"":""rule/calendar-derived, not last observed quote""}}"
AAPLH142632250.U^H26,AAPL.O,C,322.5,2026-08-14,2026-08-14,2026-07-27,2026-08-14,2026-08-14,100,100 AAPL shares,False,research assumption,"official RIC-rule derivation, checked against available description/cache","direct historical quotation evidence, gated at each signal","rule/calendar derivation, distinct from final quote",research assumption,research assumption,"Treat ordinary AAPL OPRA calls as unadjusted standard American 100-share contracts, based on OCC specifications, ordinary identifiers, available descriptions and the corporate-action review. Not vendor-confirmed contract-by-contract historical deliverables.","[""https://www.theocc.com/clearance-and-settlement/clearing/equity-options-product-specifications"",""https://www.optionseducation.org/referencelibrary/faq/splits-mergers-spinoffs-bankruptcies"",""https://investor.apple.com/faq./default.aspx"",""https://infomemo.theocc.com/infomemos?number=47369""]",[],"{""corporate_actions"":{""apple_split_history"":""Apple public FAQ lists its last split in August 2020, before this sample."",""limitation"":""No detected conflicting corporate-action evidence; absence is not a vendor guarantee of every historical deliverable."",""provider_error"":null,""provider_events"":[],""provider_query_period"":[""2025-09-30"",""2026-09-30""],""sources"":[""https://investor.apple.com/faq./default.aspx"",""https://infomemo.theocc.com/infomemos?number=47369"",""https://www.theocc.com/clearance-and-settlement/clearing/equity-options-product-specifications"",""https://www.optionseducation.org/referencelibrary/faq/splits-mergers-spinoffs-bankruptcies""],""status"":""research screening, not a complete OCC memo search"",""unresolved_adjustment_event"":false},""current_description"":{""status"":""not available for expired RIC""},""deliverable"":{""status"":""research assumption, not individually historically verified"",""value"":""100 AAPL shares""},""expiry"":{""status"":""RIC-derived; checked against source description/cache when available""},""historical_membership"":{""first"":""2026-07-27"",""last"":""2026-08-14"",""raw_sha256"":""faa96dd21248223ff8313efd048018ac4c8d95622df06fd600bf75e67b4db1c3"",""status"":""actual historical observations; per-signal availability gating""},""identity"":{""day_convention"":""zero-padded DD, instructor correction and retained real paired tests"",""fields"":[""underlying"",""cp"",""strike"",""expiry""],""source"":""https://developers.lseg.com/en/article-catalog/article/functions-to-find-option-rics-traded-on-different-exchanges"",""status"":""derived from official RIC rules""},""multiplier"":{""status"":""research assumption; supporting current lot-size metadata when available"",""value"":100},""scheduled_last_trading_date"":{""source"":""https://www.theocc.com/clearance-and-settlement/clearing/equity-options-product-specifications"",""status"":""rule/calendar-derived, not last observed quote""}}"
AAPLH142632500.U^H26,AAPL.O,C,325.0,2026-08-14,2026-08-14,2026-07-02,2026-08-14,2026-08-14,100,100 AAPL shares,False,research assumption,"official RIC-rule derivation, checked against available description/cache","direct historical quotation evidence, gated at each signal","rule/calendar derivation, distinct from final quote",research assumption,research assumption,"Treat ordinary AAPL OPRA calls as unadjusted standard American 100-share contracts, based on OCC specifications, ordinary identifiers, available descriptions and the corporate-action review. Not vendor-confirmed contract-by-contract historical deliverables.","[""https://www.theocc.com/clearance-and-settlement/clearing/equity-options-product-specifications"",""https://www.optionseducation.org/referencelibrary/faq/splits-mergers-spinoffs-bankruptcies"",""https://investor.apple.com/faq./default.aspx"",""https://infomemo.theocc.com/infomemos?number=47369""]",[],"{""corporate_actions"":{""apple_split_history"":""Apple public FAQ lists its last split in August 2020, before this sample."",""limitation"":""No detected conflicting corporate-action evidence; absence is not a vendor guarantee of every historical deliverable."",""provider_error"":null,""provider_events"":[],""provider_query_period"":[""2025-09-30"",""2026-09-30""],""sources"":[""https://investor.apple.com/faq./default.aspx"",""https://infomemo.theocc.com/infomemos?number=47369"",""https://www.theocc.com/clearance-and-settlement/clearing/equity-options-product-specifications"",""https://www.optionseducation.org/referencelibrary/faq/splits-mergers-spinoffs-bankruptcies""],""status"":""research screening, not a complete OCC memo search"",""unresolved_adjustment_event"":false},""current_description"":{""status"":""not available for expired RIC""},""deliverable"":{""status"":""research assumption, not individually historically verified"",""value"":""100 AAPL shares""},""expiry"":{""status"":""RIC-derived; checked against source description/cache when available""},""historical_membership"":{""first"":""2026-07-02"",""last"":""2026-08-14"",""raw_sha256"":""9abf59f39d769177504642015faa32207af7592a926a169c8dd9ce0fc02b1dad"",""status"":""actual historical observations; per-signal availability gating""},""identity"":{""day_convention"":""zero-padded DD, instructor correction and retained real paired tests"",""fields"":[""underlying"",""cp"",""strike"",""expiry""],""source"":""https://developers.lseg.com/en/article-catalog/article/functions-to-find-option-rics-traded-on-different-exchanges"",""status"":""derived from official RIC rules""},""multiplier"":{""status"":""research assumption; supporting current lot-size metadata when available"",""value"":100},""scheduled_last_trading_date"":{""source"":""https://www.theocc.com/clearance-and-settlement/clearing/equity-options-product-specifications"",""status"":""rule/calendar-derived, not last observed quote""}}"
AAPLH142632750.U^H26,AAPL.O,C,327.5,2026-08-14,2026-08-14,2026-07-27,2026-08-14,2026-08-14,100,100 AAPL shares,False,research assumption,"official RIC-rule derivation, checked against available description/cache","direct historical quotation evidence, gated at each signal","rule/calendar derivation, distinct from final quote",research assumption,research assumption,"Treat ordinary AAPL OPRA calls as unadjusted standard American 100-share contracts, based on OCC specifications, ordinary identifiers, available descriptions and the corporate-action review. Not vendor-confirmed contract-by-contract historical deliverables.","[""https://www.theocc.com/clearance-and-settlement/clearing/equity-options-product-specifications"",""https://www.optionseducation.org/referencelibrary/faq/splits-mergers-spinoffs-bankruptcies"",""https://investor.apple.com/faq./default.aspx"",""https://infomemo.theocc.com/infomemos?number=47369""]",[],"{""corporate_actions"":{""apple_split_history"":""Apple public FAQ lists its last split in August 2020, before this sample."",""limitation"":""No detected conflicting corporate-action evidence; absence is not a vendor guarantee of every historical deliverable."",""provider_error"":null,""provider_events"":[],""provider_query_period"":[""2025-09-30"",""2026-09-30""],""sources"":[""https://investor.apple.com/faq./default.aspx"",""https://infomemo.theocc.com/infomemos?number=47369"",""https://www.theocc.com/clearance-and-settlement/clearing/equity-options-product-specifications"",""https://www.optionseducation.org/referencelibrary/faq/splits-mergers-spinoffs-bankruptcies""],""status"":""research screening, not a complete OCC memo search"",""unresolved_adjustment_event"":false},""current_description"":{""status"":""not available for expired RIC""},""deliverable"":{""status"":""research assumption, not individually historically verified"",""value"":""100 AAPL shares""},""expiry"":{""status"":""RIC-derived; checked against source description/cache when available""},""historical_membership"":{""first"":""2026-07-27"",""last"":""2026-08-14"",""raw_sha256"":""f3e7c695fe3d15a4588e422356d194a6b417a399c94d6180b82a364f3b0f8e65"",""status"":""actual historical observations; per-signal availability gating""},""identity"":{""day_convention"":""zero-padded DD, instructor correction and retained real paired tests"",""fields"":[""underlying"",""cp"",""strike"",""expiry""],""source"":""https://developers.lseg.com/en/article-catalog/article/functions-to-find-option-rics-traded-on-different-exchanges"",""status"":""derived from official RIC rules""},""multiplier"":{""status"":""research assumption; supporting current lot-size metadata when available"",""value"":100},""scheduled_last_trading_date"":{""source"":""https://www.theocc.com/clearance-and-settlement/clearing/equity-options-product-specifications"",""status"":""rule/calendar-derived, not last observed quote""}}"
AAPLH142633000.U^H26,AAPL.O,C,330.0,2026-08-14,2026-08-14,2026-07-02,2026-08-14,2026-08-14,100,100 AAPL shares,False,research assumption,"official RIC-rule derivation, checked against available description/cache","direct historical quotation evidence, gated at each signal","rule/calendar derivation, distinct from final quote",research assumption,research assumption,"Treat ordinary AAPL OPRA calls as unadjusted standard American 100-share contracts, based on OCC specifications, ordinary identifiers, available descriptions and the corporate-action review. Not vendor-confirmed contract-by-contract historical deliverables.","[""https://www.theocc.com/clearance-and-settlement/clearing/equity-options-product-specifications"",""https://www.optionseducation.org/referencelibrary/faq/splits-mergers-spinoffs-bankruptcies"",""https://investor.apple.com/faq./default.aspx"",""https://infomemo.theocc.com/infomemos?number=47369""]",[],"{""corporate_actions"":{""apple_split_history"":""Apple public FAQ lists its last split in August 2020, before this sample."",""limitation"":""No detected conflicting corporate-action evidence; absence is not a vendor guarantee of every historical deliverable."",""provider_error"":null,""provider_events"":[],""provider_query_period"":[""2025-09-30"",""2026-09-30""],""sources"":[""https://investor.apple.com/faq./default.aspx"",""https://infomemo.theocc.com/infomemos?number=47369"",""https://www.theocc.com/clearance-and-settlement/clearing/equity-options-product-specifications"",""https://www.optionseducation.org/referencelibrary/faq/splits-mergers-spinoffs-bankruptcies""],""status"":""research screening, not a complete OCC memo search"",""unresolved_adjustment_event"":false},""current_description"":{""status"":""not available for expired RIC""},""deliverable"":{""status"":""research assumption, not individually historically verified"",""value"":""100 AAPL shares""},""expiry"":{""status"":""RIC-derived; checked against source description/cache when available""},""historical_membership"":{""first"":""2026-07-02"",""last"":""2026-08-14"",""raw_sha256"":""1516862710e44a2345379823d30ef100f15d7edf148efbeee279d3b666e18c3d"",""status"":""actual historical observations; per-signal availability gating""},""identity"":{""day_convention"":""zero-padded DD, instructor correction and retained real paired tests"",""fields"":[""underlying"",""cp"",""strike"",""expiry""],""source"":""https://developers.lseg.com/en/article-catalog/article/functions-to-find-option-rics-traded-on-different-exchanges"",""status"":""derived from official RIC rules""},""multiplier"":{""status"":""research assumption; supporting current lot-size metadata when available"",""value"":100},""scheduled_last_trading_date"":{""source"":""https://www.theocc.com/clearance-and-settlement/clearing/equity-options-product-specifications"",""status"":""rule/calendar-derived, not last observed quote""}}"
AAPLH142633250.U^H26,AAPL.O,C,332.5,2026-08-14,2026-08-14,2026-07-27,2026-08-14,2026-08-14,100,100 AAPL shares,False,research assumption,"official RIC-rule derivation, checked against available description/cache","direct historical quotation evidence, gated at each signal","rule/calendar derivation, distinct from final quote",research assumption,research assumption,"Treat ordinary AAPL OPRA calls as unadjusted standard American 100-share contracts, based on OCC specifications, ordinary identifiers, available descriptions and the corporate-action review. Not vendor-confirmed contract-by-contract historical deliverables.","[""https://www.theocc.com/clearance-and-settlement/clearing/equity-options-product-specifications"",""https://www.optionseducation.org/referencelibrary/faq/splits-mergers-spinoffs-bankruptcies"",""https://investor.apple.com/faq./default.aspx"",""https://infomemo.theocc.com/infomemos?number=47369""]",[],"{""corporate_actions"":{""apple_split_history"":""Apple public FAQ lists its last split in August 2020, before this sample."",""limitation"":""No detected conflicting corporate-action evidence; absence is not a vendor guarantee of every historical deliverable."",""provider_error"":null,""provider_events"":[],""provider_query_period"":[""2025-09-30"",""2026-09-30""],""sources"":[""https://investor.apple.com/faq./default.aspx"",""https://infomemo.theocc.com/infomemos?number=47369"",""https://www.theocc.com/clearance-and-settlement/clearing/equity-options-product-specifications"",""https://www.optionseducation.org/referencelibrary/faq/splits-mergers-spinoffs-bankruptcies""],""status"":""research screening, not a complete OCC memo search"",""unresolved_adjustment_event"":false},""current_description"":{""status"":""not available for expired RIC""},""deliverable"":{""status"":""research assumption, not individually historically verified"",""value"":""100 AAPL shares""},""expiry"":{""status"":""RIC-derived; checked against source description/cache when available""},""historical_membership"":{""first"":""2026-07-27"",""last"":""2026-08-14"",""raw_sha256"":""fcad4c91ab90305a7ae89dc870d79e89a45ea6538ae344869e54a43bb1286c6f"",""status"":""actual historical observations; per-signal availability gating""},""identity"":{""day_convention"":""zero-padded DD, instructor correction and retained real paired tests"",""fields"":[""underlying"",""cp"",""strike"",""expiry""],""source"":""https://developers.lseg.com/en/article-catalog/article/functions-to-find-option-rics-traded-on-different-exchanges"",""status"":""derived from official RIC rules""},""multiplier"":{""status"":""research assumption; supporting current lot-size metadata when available"",""value"":100},""scheduled_last_trading_date"":{""source"":""https://www.theocc.com/clearance-and-settlement/clearing/equity-options-product-specifications"",""status"":""rule/calendar-derived, not last observed quote""}}"
AAPLH212630250.U^H26,AAPL.O,C,302.5,2026-08-21,2026-08-21,2026-08-10,2026-08-21,2026-08-21,100,100 AAPL shares,False,research assumption,"official RIC-rule derivation, checked against available description/cache","direct historical quotation evidence, gated at each signal","rule/calendar derivation, distinct from final quote",research assumption,research assumption,"Treat ordinary AAPL OPRA calls as unadjusted standard American 100-share contracts, based on OCC specifications, ordinary identifiers, available descriptions and the corporate-action review. Not vendor-confirmed contract-by-contract historical deliverables.","[""https://www.theocc.com/clearance-and-settlement/clearing/equity-options-product-specifications"",""https://www.optionseducation.org/referencelibrary/faq/splits-mergers-spinoffs-bankruptcies"",""https://investor.apple.com/faq./default.aspx"",""https://infomemo.theocc.com/infomemos?number=47369""]",[],"{""corporate_actions"":{""apple_split_history"":""Apple public FAQ lists its last split in August 2020, before this sample."",""limitation"":""No detected conflicting corporate-action evidence; absence is not a vendor guarantee of every historical deliverable."",""provider_error"":null,""provider_events"":[],""provider_query_period"":[""2025-09-30"",""2026-09-30""],""sources"":[""https://investor.apple.com/faq./default.aspx"",""https://infomemo.theocc.com/infomemos?number=47369"",""https://www.theocc.com/clearance-and-settlement/clearing/equity-options-product-specifications"",""https://www.optionseducation.org/referencelibrary/faq/splits-mergers-spinoffs-bankruptcies""],""status"":""research screening, not a complete OCC memo search"",""unresolved_adjustment_event"":false},""current_description"":{""status"":""not available for expired RIC""},""deliverable"":{""status"":""research assumption, not individually historically verified"",""value"":""100 AAPL shares""},""expiry"":{""status"":""RIC-derived; checked against source description/cache when available""},""historical_membership"":{""first"":""2026-08-10"",""last"":""2026-08-21"",""raw_sha256"":""d89a5df7dd6e35699ecf69040764a3221026d9c8f0f2f98ea9b2b5d40d0b7123"",""status"":""actual historical observations; per-signal availability gating""},""identity"":{""day_convention"":""zero-padded DD, instructor correction and retained real paired tests"",""fields"":[""underlying"",""cp"",""strike"",""expiry""],""source"":""https://developers.lseg.com/en/article-catalog/article/functions-to-find-option-rics-traded-on-different-exchanges"",""status"":""derived from official RIC rules""},""multiplier"":{""status"":""research assumption; supporting current lot-size metadata when available"",""value"":100},""scheduled_last_trading_date"":{""source"":""https://www.theocc.com/clearance-and-settlement/clearing/equity-options-product-specifications"",""status"":""rule/calendar-derived, not last observed quote""}}"
AAPLH212630500.U^H26,AAPL.O,C,305.0,2026-08-21,2026-08-21,2026-06-29,2026-08-21,2026-08-21,100,100 AAPL shares,False,research assumption,"official RIC-rule derivation, checked against available description/cache","direct historical quotation evidence, gated at each signal","rule/calendar derivation, distinct from final quote",research assumption,research assumption,"Treat ordinary AAPL OPRA calls as unadjusted standard American 100-share contracts, based on OCC specifications, ordinary identifiers, available descriptions and the corporate-action review. Not vendor-confirmed contract-by-contract historical deliverables.","[""https://www.theocc.com/clearance-and-settlement/clearing/equity-options-product-specifications"",""https://www.optionseducation.org/referencelibrary/faq/splits-mergers-spinoffs-bankruptcies"",""https://investor.apple.com/faq./default.aspx"",""https://infomemo.theocc.com/infomemos?number=47369""]",[],"{""corporate_actions"":{""apple_split_history"":""Apple public FAQ lists its last split in August 2020, before this sample."",""limitation"":""No detected conflicting corporate-action evidence; absence is not a vendor guarantee of every historical deliverable."",""provider_error"":null,""provider_events"":[],""provider_query_period"":[""2025-09-30"",""2026-09-30""],""sources"":[""https://investor.apple.com/faq./default.aspx"",""https://infomemo.theocc.com/infomemos?number=47369"",""https://www.theocc.com/clearance-and-settlement/clearing/equity-options-product-specifications"",""https://www.optionseducation.org/referencelibrary/faq/splits-mergers-spinoffs-bankruptcies""],""status"":""research screening, not a complete OCC memo search"",""unresolved_adjustment_event"":false},""current_description"":{""status"":""not available for expired RIC""},""deliverable"":{""status"":""research assumption, not individually historically verified"",""value"":""100 AAPL shares""},""expiry"":{""status"":""RIC-derived; checked against source description/cache when available""},""historical_membership"":{""first"":""2026-06-29"",""last"":""2026-08-21"",""raw_sha256"":""b6212e9ab3c74d3e5e8744160829f149707c30bf08560dc99ff3f0452b0cc1cd"",""status"":""actual historical observations; per-signal availability gating""},""identity"":{""day_convention"":""zero-padded DD, instructor correction and retained real paired tests"",""fields"":[""underlying"",""cp"",""strike"",""expiry""],""source"":""https://developers.lseg.com/en/article-catalog/article/functions-to-find-option-rics-traded-on-different-exchanges"",""status"":""derived from official RIC rules""},""multiplier"":{""status"":""research assumption; supporting current lot-size metadata when available"",""value"":100},""scheduled_last_trading_date"":{""source"":""https://www.theocc.com/clearance-and-settlement/clearing/equity-options-product-specifications"",""status"":""rule/calendar-derived, not last observed quote""}}"
AAPLH212632000.U^H26,AAPL.O,C,320.0,2026-08-21,2026-08-21,2026-06-29,2026-08-21,2026-08-21,100,100 AAPL shares,False,research assumption,"official RIC-rule derivation, checked against available description/cache","direct historical quotation evidence, gated at each signal","rule/calendar derivation, distinct from final quote",research assumption,research assumption,"Treat ordinary AAPL OPRA calls as unadjusted standard American 100-share contracts, based on OCC specifications, ordinary identifiers, available descriptions and the corporate-action review. Not vendor-confirmed contract-by-contract historical deliverables.","[""https://www.theocc.com/clearance-and-settlement/clearing/equity-options-product-specifications"",""https://www.optionseducation.org/referencelibrary/faq/splits-mergers-spinoffs-bankruptcies"",""https://investor.apple.com/faq./default.aspx"",""https://infomemo.theocc.com/infomemos?number=47369""]",[],"{""corporate_actions"":{""apple_split_history"":""Apple public FAQ lists its last split in August 2020, before this sample."",""limitation"":""No detected conflicting corporate-action evidence; absence is not a vendor guarantee of every historical deliverable."",""provider_error"":null,""provider_events"":[],""provider_query_period"":[""2025-09-30"",""2026-09-30""],""sources"":[""https://investor.apple.com/faq./default.aspx"",""https://infomemo.theocc.com/infomemos?number=47369"",""https://www.theocc.com/clearance-and-settlement/clearing/equity-options-product-specifications"",""https://www.optionseducation.org/referencelibrary/faq/splits-mergers-spinoffs-bankruptcies""],""status"":""research screening, not a complete OCC memo search"",""unresolved_adjustment_event"":false},""current_description"":{""status"":""not available for expired RIC""},""deliverable"":{""status"":""research assumption, not individually historically verified"",""value"":""100 AAPL shares""},""expiry"":{""status"":""RIC-derived; checked against source description/cache when available""},""historical_membership"":{""first"":""2026-06-29"",""last"":""2026-08-21"",""raw_sha256"":""84f6a58369798f4d3fda50dd8ae2e890b938eb1d532d0724813f0aae36a08762"",""status"":""actual historical observations; per-signal availability gating""},""identity"":{""day_convention"":""zero-padded DD, instructor correction and retained real paired tests"",""fields"":[""underlying"",""cp"",""strike"",""expiry""],""source"":""https://developers.lseg.com/en/article-catalog/article/functions-to-find-option-rics-traded-on-different-exchanges"",""status"":""derived from official RIC rules""},""multiplier"":{""status"":""research assumption; supporting current lot-size metadata when available"",""value"":100},""scheduled_last_trading_date"":{""source"":""https://www.theocc.com/clearance-and-settlement/clearing/equity-options-product-specifications"",""status"":""rule/calendar-derived, not last observed quote""}}"
AAPLH212632250.U^H26,AAPL.O,C,322.5,2026-08-21,2026-08-21,2026-07-20,2026-08-21,2026-08-21,100,100 AAPL shares,False,research assumption,"official RIC-rule derivation, checked against available description/cache","direct historical quotation evidence, gated at each signal","rule/calendar derivation, distinct from final quote",research assumption,research assumption,"Treat ordinary AAPL OPRA calls as unadjusted standard American 100-share contracts, based on OCC specifications, ordinary identifiers, available descriptions and the corporate-action review. Not vendor-confirmed contract-by-contract historical deliverables.","[""https://www.theocc.com/clearance-and-settlement/clearing/equity-options-product-specifications"",""https://www.optionseducation.org/referencelibrary/faq/splits-mergers-spinoffs-bankruptcies"",""https://investor.apple.com/faq./default.aspx"",""https://infomemo.theocc.com/infomemos?number=47369""]",[],"{""corporate_actions"":{""apple_split_history"":""Apple public FAQ lists its last split in August 2020, before this sample."",""limitation"":""No detected conflicting corporate-action evidence; absence is not a vendor guarantee of every historical deliverable."",""provider_error"":null,""provider_events"":[],""provider_query_period"":[""2025-09-30"",""2026-09-30""],""sources"":[""https://investor.apple.com/faq./default.aspx"",""https://infomemo.theocc.com/infomemos?number=47369"",""https://www.theocc.com/clearance-and-settlement/clearing/equity-options-product-specifications"",""https://www.optionseducation.org/referencelibrary/faq/splits-mergers-spinoffs-bankruptcies""],""status"":""research screening, not a complete OCC memo search"",""unresolved_adjustment_event"":false},""current_description"":{""status"":""not available for expired RIC""},""deliverable"":{""status"":""research assumption, not individually historically verified"",""value"":""100 AAPL shares""},""expiry"":{""status"":""RIC-derived; checked against source description/cache when available""},""historical_membership"":{""first"":""2026-07-20"",""last"":""2026-08-21"",""raw_sha256"":""a18a8a4510c0d7a5dd98ccebcc3ff86e7b67ade62ac1a0b5da5f61936f08eaea"",""status"":""actual historical observations; per-signal availability gating""},""identity"":{""day_convention"":""zero-padded DD, instructor correction and retained real paired tests"",""fields"":[""underlying"",""cp"",""strike"",""expiry""],""source"":""https://developers.lseg.com/en/article-catalog/article/functions-to-find-option-rics-traded-on-different-exchanges"",""status"":""derived from official RIC rules""},""multiplier"":{""status"":""research assumption; supporting current lot-size metadata when available"",""value"":100},""scheduled_last_trading_date"":{""source"":""https://www.theocc.com/clearance-and-settlement/clearing/equity-options-product-specifications"",""status"":""rule/calendar-derived, not last observed quote""}}"
AAPLH212632500.U^H26,AAPL.O,C,325.0,2026-08-21,2026-08-21,2026-06-29,2026-08-21,2026-08-21,100,100 AAPL shares,False,research assumption,"official RIC-rule derivation, checked against available description/cache","direct historical quotation evidence, gated at each signal","rule/calendar derivation, distinct from final quote",research assumption,research assumption,"Treat ordinary AAPL OPRA calls as unadjusted standard American 100-share contracts, based on OCC specifications, ordinary identifiers, available descriptions and the corporate-action review. Not vendor-confirmed contract-by-contract historical deliverables.","[""https://www.theocc.com/clearance-and-settlement/clearing/equity-options-product-specifications"",""https://www.optionseducation.org/referencelibrary/faq/splits-mergers-spinoffs-bankruptcies"",""https://investor.apple.com/faq./default.aspx"",""https://infomemo.theocc.com/infomemos?number=47369""]",[],"{""corporate_actions"":{""apple_split_history"":""Apple public FAQ lists its last split in August 2020, before this sample."",""limitation"":""No detected conflicting corporate-action evidence; absence is not a vendor guarantee of every historical deliverable."",""provider_error"":null,""provider_events"":[],""provider_query_period"":[""2025-09-30"",""2026-09-30""],""sources"":[""https://investor.apple.com/faq./default.aspx"",""https://infomemo.theocc.com/infomemos?number=47369"",""https://www.theocc.com/clearance-and-settlement/clearing/equity-options-product-specifications"",""https://www.optionseducation.org/referencelibrary/faq/splits-mergers-spinoffs-bankruptcies""],""status"":""research screening, not a complete OCC memo search"",""unresolved_adjustment_event"":false},""current_description"":{""status"":""not available for expired RIC""},""deliverable"":{""status"":""research assumption, not individually historically verified"",""value"":""100 AAPL shares""},""expiry"":{""status"":""RIC-derived; checked against source description/cache when available""},""historical_membership"":{""first"":""2026-06-29"",""last"":""2026-08-21"",""raw_sha256"":""38c499f7354993bf4e7b0f15672545303c34f06750832ad5edd302a1a5364781"",""status"":""actual historical observations; per-signal availability gating""},""identity"":{""day_convention"":""zero-padded DD, instructor correction and retained real paired tests"",""fields"":[""underlying"",""cp"",""strike"",""expiry""],""source"":""https://developers.lseg.com/en/article-catalog/article/functions-to-find-option-rics-traded-on-different-exchanges"",""status"":""derived from official RIC rules""},""multiplier"":{""status"":""research assumption; supporting current lot-size metadata when available"",""value"":100},""scheduled_last_trading_date"":{""source"":""https://www.theocc.com/clearance-and-settlement/clearing/equity-options-product-specifications"",""status"":""rule/calendar-derived, not last observed quote""}}"
AAPLH212632750.U^H26,AAPL.O,C,327.5,2026-08-21,2026-08-21,2026-07-20,2026-08-21,2026-08-21,100,100 AAPL shares,False,research assumption,"official RIC-rule derivation, checked against available description/cache","direct historical quotation evidence, gated at each signal","rule/calendar derivation, distinct from final quote",research assumption,research assumption,"Treat ordinary AAPL OPRA calls as unadjusted standard American 100-share contracts, based on OCC specifications, ordinary identifiers, available descriptions and the corporate-action review. Not vendor-confirmed contract-by-contract historical deliverables.","[""https://www.theocc.com/clearance-and-settlement/clearing/equity-options-product-specifications"",""https://www.optionseducation.org/referencelibrary/faq/splits-mergers-spinoffs-bankruptcies"",""https://investor.apple.com/faq./default.aspx"",""https://infomemo.theocc.com/infomemos?number=47369""]",[],"{""corporate_actions"":{""apple_split_history"":""Apple public FAQ lists its last split in August 2020, before this sample."",""limitation"":""No detected conflicting corporate-action evidence; absence is not a vendor guarantee of every historical deliverable."",""provider_error"":null,""provider_events"":[],""provider_query_period"":[""2025-09-30"",""2026-09-30""],""sources"":[""https://investor.apple.com/faq./default.aspx"",""https://infomemo.theocc.com/infomemos?number=47369"",""https://www.theocc.com/clearance-and-settlement/clearing/equity-options-product-specifications"",""https://www.optionseducation.org/referencelibrary/faq/splits-mergers-spinoffs-bankruptcies""],""status"":""research screening, not a complete OCC memo search"",""unresolved_adjustment_event"":false},""current_description"":{""status"":""not available for expired RIC""},""deliverable"":{""status"":""research assumption, not individually historically verified"",""value"":""100 AAPL shares""},""expiry"":{""status"":""RIC-derived; checked against source description/cache when available""},""historical_membership"":{""first"":""2026-07-20"",""last"":""2026-08-21"",""raw_sha256"":""398ec470defad38a69276fc0603914c302c4a82f41e073ae175a096cd34f9a5f"",""status"":""actual historical observations; per-signal availability gating""},""identity"":{""day_convention"":""zero-padded DD, instructor correction and retained real paired tests"",""fields"":[""underlying"",""cp"",""strike"",""expiry""],""source"":""https://developers.lseg.com/en/article-catalog/article/functions-to-find-option-rics-traded-on-different-exchanges"",""status"":""derived from official RIC rules""},""multiplier"":{""status"":""research assumption; supporting current lot-size metadata when available"",""value"":100},""scheduled_last_trading_date"":{""source"":""https://www.theocc.com/clearance-and-settlement/clearing/equity-options-product-specifications"",""status"":""rule/calendar-derived, not last observed quote""}}"
AAPLH282631250.U^H26,AAPL.O,C,312.5,2026-08-28,2026-08-28,2026-08-10,2026-08-28,2026-08-28,100,100 AAPL shares,False,research assumption,"official RIC-rule derivation, checked against available description/cache","direct historical quotation evidence, gated at each signal","rule/calendar derivation, distinct from final quote",research assumption,research assumption,"Treat ordinary AAPL OPRA calls as unadjusted standard American 100-share contracts, based on OCC specifications, ordinary identifiers, available descriptions and the corporate-action review. Not vendor-confirmed contract-by-contract historical deliverables.","[""https://www.theocc.com/clearance-and-settlement/clearing/equity-options-product-specifications"",""https://www.optionseducation.org/referencelibrary/faq/splits-mergers-spinoffs-bankruptcies"",""https://investor.apple.com/faq./default.aspx"",""https://infomemo.theocc.com/infomemos?number=47369""]",[],"{""corporate_actions"":{""apple_split_history"":""Apple public FAQ lists its last split in August 2020, before this sample."",""limitation"":""No detected conflicting corporate-action evidence; absence is not a vendor guarantee of every historical deliverable."",""provider_error"":null,""provider_events"":[],""provider_query_period"":[""2025-09-30"",""2026-09-30""],""sources"":[""https://investor.apple.com/faq./default.aspx"",""https://infomemo.theocc.com/infomemos?number=47369"",""https://www.theocc.com/clearance-and-settlement/clearing/equity-options-product-specifications"",""https://www.optionseducation.org/referencelibrary/faq/splits-mergers-spinoffs-bankruptcies""],""status"":""research screening, not a complete OCC memo search"",""unresolved_adjustment_event"":false},""current_description"":{""status"":""not available for expired RIC""},""deliverable"":{""status"":""research assumption, not individually historically verified"",""value"":""100 AAPL shares""},""expiry"":{""status"":""RIC-derived; checked against source description/cache when available""},""historical_membership"":{""first"":""2026-08-10"",""last"":""2026-08-28"",""raw_sha256"":""fd3cbc1e3efe3d7dc03ac05013909b7b2725bed788e26abf150874a6419a2570"",""status"":""actual historical observations; per-signal availability gating""},""identity"":{""day_convention"":""zero-padded DD, instructor correction and retained real paired tests"",""fields"":[""underlying"",""cp"",""strike"",""expiry""],""source"":""https://developers.lseg.com/en/article-catalog/article/functions-to-find-option-rics-traded-on-different-exchanges"",""status"":""derived from official RIC rules""},""multiplier"":{""status"":""research assumption; supporting current lot-size metadata when available"",""value"":100},""scheduled_last_trading_date"":{""source"":""https://www.theocc.com/clearance-and-settlement/clearing/equity-options-product-specifications"",""status"":""rule/calendar-derived, not last observed quote""}}"
AAPLH282631500.U^H26,AAPL.O,C,315.0,2026-08-28,2026-08-28,2026-07-09,2026-08-28,2026-08-28,100,100 AAPL shares,False,research assumption,"official RIC-rule derivation, checked against available description/cache","direct historical quotation evidence, gated at each signal","rule/calendar derivation, distinct from final quote",research assumption,research assumption,"Treat ordinary AAPL OPRA calls as unadjusted standard American 100-share contracts, based on OCC specifications, ordinary identifiers, available descriptions and the corporate-action review. Not vendor-confirmed contract-by-contract historical deliverables.","[""https://www.theocc.com/clearance-and-settlement/clearing/equity-options-product-specifications"",""https://www.optionseducation.org/referencelibrary/faq/splits-mergers-spinoffs-bankruptcies"",""https://investor.apple.com/faq./default.aspx"",""https://infomemo.theocc.com/infomemos?number=47369""]",[],"{""corporate_actions"":{""apple_split_history"":""Apple public FAQ lists its last split in August 2020, before this sample."",""limitation"":""No detected conflicting corporate-action evidence; absence is not a vendor guarantee of every historical deliverable."",""provider_error"":null,""provider_events"":[],""provider_query_period"":[""2025-09-30"",""2026-09-30""],""sources"":[""https://investor.apple.com/faq./default.aspx"",""https://infomemo.theocc.com/infomemos?number=47369"",""https://www.theocc.com/clearance-and-settlement/clearing/equity-options-product-specifications"",""https://www.optionseducation.org/referencelibrary/faq/splits-mergers-spinoffs-bankruptcies""],""status"":""research screening, not a complete OCC memo search"",""unresolved_adjustment_event"":false},""current_description"":{""status"":""not available for expired RIC""},""deliverable"":{""status"":""research assumption, not individually historically verified"",""value"":""100 AAPL shares""},""expiry"":{""status"":""RIC-derived; checked against source description/cache when available""},""historical_membership"":{""first"":""2026-07-09"",""last"":""2026-08-28"",""raw_sha256"":""312515fe10fcde96983dfdbc79e891d5b300b3678a387a2989c5fc6f21e87b9d"",""status"":""actual historical observations; per-signal availability gating""},""identity"":{""day_convention"":""zero-padded DD, instructor correction and retained real paired tests"",""fields"":[""underlying"",""cp"",""strike"",""expiry""],""source"":""https://developers.lseg.com/en/article-catalog/article/functions-to-find-option-rics-traded-on-different-exchanges"",""status"":""derived from official RIC rules""},""multiplier"":{""status"":""research assumption; supporting current lot-size metadata when available"",""value"":100},""scheduled_last_trading_date"":{""source"":""https://www.theocc.com/clearance-and-settlement/clearing/equity-options-product-specifications"",""status"":""rule/calendar-derived, not last observed quote""}}"
AAPLH282633000.U^H26,AAPL.O,C,330.0,2026-08-28,2026-08-28,2026-07-09,2026-08-28,2026-08-28,100,100 AAPL shares,False,research assumption,"official RIC-rule derivation, checked against available description/cache","direct historical quotation evidence, gated at each signal","rule/calendar derivation, distinct from final quote",research assumption,research assumption,"Treat ordinary AAPL OPRA calls as unadjusted standard American 100-share contracts, based on OCC specifications, ordinary identifiers, available descriptions and the corporate-action review. Not vendor-confirmed contract-by-contract historical deliverables.","[""https://www.theocc.com/clearance-and-settlement/clearing/equity-options-product-specifications"",""https://www.optionseducation.org/referencelibrary/faq/splits-mergers-spinoffs-bankruptcies"",""https://investor.apple.com/faq./default.aspx"",""https://infomemo.theocc.com/infomemos?number=47369""]",[],"{""corporate_actions"":{""apple_split_history"":""Apple public FAQ lists its last split in August 2020, before this sample."",""limitation"":""No detected conflicting corporate-action evidence; absence is not a vendor guarantee of every historical deliverable."",""provider_error"":null,""provider_events"":[],""provider_query_period"":[""2025-09-30"",""2026-09-30""],""sources"":[""https://investor.apple.com/faq./default.aspx"",""https://infomemo.theocc.com/infomemos?number=47369"",""https://www.theocc.com/clearance-and-settlement/clearing/equity-options-product-specifications"",""https://www.optionseducation.org/referencelibrary/faq/splits-mergers-spinoffs-bankruptcies""],""status"":""research screening, not a complete OCC memo search"",""unresolved_adjustment_event"":false},""current_description"":{""status"":""not available for expired RIC""},""deliverable"":{""status"":""research assumption, not individually historically verified"",""value"":""100 AAPL shares""},""expiry"":{""status"":""RIC-derived; checked against source description/cache when available""},""historical_membership"":{""first"":""2026-07-09"",""last"":""2026-08-28"",""raw_sha256"":""b43158c69e2e063a47f3de64579b92af4a50bf992474cc815d19178c934e840b"",""status"":""actual historical observations; per-signal availability gating""},""identity"":{""day_convention"":""zero-padded DD, instructor correction and retained real paired tests"",""fields"":[""underlying"",""cp"",""strike"",""expiry""],""source"":""https://developers.lseg.com/en/article-catalog/article/functions-to-find-option-rics-traded-on-different-exchanges"",""status"":""derived from official RIC rules""},""multiplier"":{""status"":""research assumption; supporting current lot-size metadata when available"",""value"":100},""scheduled_last_trading_date"":{""source"":""https://www.theocc.com/clearance-and-settlement/clearing/equity-options-product-specifications"",""status"":""rule/calendar-derived, not last observed quote""}}"
AAPLH282633250.U^H26,AAPL.O,C,332.5,2026-08-28,2026-08-28,2026-08-10,2026-08-28,2026-08-28,100,100 AAPL shares,False,research assumption,"official RIC-rule derivation, checked against available description/cache","direct historical quotation evidence, gated at each signal","rule/calendar derivation, distinct from final quote",research assumption,research assumption,"Treat ordinary AAPL OPRA calls as unadjusted standard American 100-share contracts, based on OCC specifications, ordinary identifiers, available descriptions and the corporate-action review. Not vendor-confirmed contract-by-contract historical deliverables.","[""https://www.theocc.com/clearance-and-settlement/clearing/equity-options-product-specifications"",""https://www.optionseducation.org/referencelibrary/faq/splits-mergers-spinoffs-bankruptcies"",""https://investor.apple.com/faq./default.aspx"",""https://infomemo.theocc.com/infomemos?number=47369""]",[],"{""corporate_actions"":{""apple_split_history"":""Apple public FAQ lists its last split in August 2020, before this sample."",""limitation"":""No detected conflicting corporate-action evidence; absence is not a vendor guarantee of every historical deliverable."",""provider_error"":null,""provider_events"":[],""provider_query_period"":[""2025-09-30"",""2026-09-30""],""sources"":[""https://investor.apple.com/faq./default.aspx"",""https://infomemo.theocc.com/infomemos?number=47369"",""https://www.theocc.com/clearance-and-settlement/clearing/equity-options-product-specifications"",""https://www.optionseducation.org/referencelibrary/faq/splits-mergers-spinoffs-bankruptcies""],""status"":""research screening, not a complete OCC memo search"",""unresolved_adjustment_event"":false},""current_description"":{""status"":""not available for expired RIC""},""deliverable"":{""status"":""research assumption, not individually historically verified"",""value"":""100 AAPL shares""},""expiry"":{""status"":""RIC-derived; checked against source description/cache when available""},""historical_membership"":{""first"":""2026-08-10"",""last"":""2026-08-28"",""raw_sha256"":""7344911127fdf5fb9a58344383959761645c6ca20ca8df7766d2b983a72f80fb"",""status"":""actual historical observations; per-signal availability gating""},""identity"":{""day_convention"":""zero-padded DD, instructor correction and retained real paired tests"",""fields"":[""underlying"",""cp"",""strike"",""expiry""],""source"":""https://developers.lseg.com/en/article-catalog/article/functions-to-find-option-rics-traded-on-different-exchanges"",""status"":""derived from official RIC rules""},""multiplier"":{""status"":""research assumption; supporting current lot-size metadata when available"",""value"":100},""scheduled_last_trading_date"":{""source"":""https://www.theocc.com/clearance-and-settlement/clearing/equity-options-product-specifications"",""status"":""rule/calendar-derived, not last observed quote""}}"
AAPLH282633500.U^H26,AAPL.O,C,335.0,2026-08-28,2026-08-28,2026-07-09,2026-08-28,2026-08-28,100,100 AAPL shares,False,research assumption,"official RIC-rule derivation, checked against available description/cache","direct historical quotation evidence, gated at each signal","rule/calendar derivation, distinct from final quote",research assumption,research assumption,"Treat ordinary AAPL OPRA calls as unadjusted standard American 100-share contracts, based on OCC specifications, ordinary identifiers, available descriptions and the corporate-action review. Not vendor-confirmed contract-by-contract historical deliverables.","[""https://www.theocc.com/clearance-and-settlement/clearing/equity-options-product-specifications"",""https://www.optionseducation.org/referencelibrary/faq/splits-mergers-spinoffs-bankruptcies"",""https://investor.apple.com/faq./default.aspx"",""https://infomemo.theocc.com/infomemos?number=47369""]",[],"{""corporate_actions"":{""apple_split_history"":""Apple public FAQ lists its last split in August 2020, before this sample."",""limitation"":""No detected conflicting corporate-action evidence; absence is not a vendor guarantee of every historical deliverable."",""provider_error"":null,""provider_events"":[],""provider_query_period"":[""2025-09-30"",""2026-09-30""],""sources"":[""https://investor.apple.com/faq./default.aspx"",""https://infomemo.theocc.com/infomemos?number=47369"",""https://www.theocc.com/clearance-and-settlement/clearing/equity-options-product-specifications"",""https://www.optionseducation.org/referencelibrary/faq/splits-mergers-spinoffs-bankruptcies""],""status"":""research screening, not a complete OCC memo search"",""unresolved_adjustment_event"":false},""current_description"":{""status"":""not available for expired RIC""},""deliverable"":{""status"":""research assumption, not individually historically verified"",""value"":""100 AAPL shares""},""expiry"":{""status"":""RIC-derived; checked against source description/cache when available""},""historical_membership"":{""first"":""2026-07-09"",""last"":""2026-08-28"",""raw_sha256"":""9f18372351de7e84bcd9be4b3874c78eccc5f2780fdf4bd2e7a2d425723bf4fd"",""status"":""actual historical observations; per-signal availability gating""},""identity"":{""day_convention"":""zero-padded DD, instructor correction and retained real paired tests"",""fields"":[""underlying"",""cp"",""strike"",""expiry""],""source"":""https://developers.lseg.com/en/article-catalog/article/functions-to-find-option-rics-traded-on-different-exchanges"",""status"":""derived from official RIC rules""},""multiplier"":{""status"":""research assumption; supporting current lot-size metadata when available"",""value"":100},""scheduled_last_trading_date"":{""source"":""https://www.theocc.com/clearance-and-settlement/clearing/equity-options-product-specifications"",""status"":""rule/calendar-derived, not last observed quote""}}"
AAPLH282633750.U^H26,AAPL.O,C,337.5,2026-08-28,2026-08-28,2026-08-10,2026-08-28,2026-08-28,100,100 AAPL shares,False,research assumption,"official RIC-rule derivation, checked against available description/cache","direct historical quotation evidence, gated at each signal","rule/calendar derivation, distinct from final quote",research assumption,research assumption,"Treat ordinary AAPL OPRA calls as unadjusted standard American 100-share contracts, based on OCC specifications, ordinary identifiers, available descriptions and the corporate-action review. Not vendor-confirmed contract-by-contract historical deliverables.","[""https://www.theocc.com/clearance-and-settlement/clearing/equity-options-product-specifications"",""https://www.optionseducation.org/referencelibrary/faq/splits-mergers-spinoffs-bankruptcies"",""https://investor.apple.com/faq./default.aspx"",""https://infomemo.theocc.com/infomemos?number=47369""]",[],"{""corporate_actions"":{""apple_split_history"":""Apple public FAQ lists its last split in August 2020, before this sample."",""limitation"":""No detected conflicting corporate-action evidence; absence is not a vendor guarantee of every historical deliverable."",""provider_error"":null,""provider_events"":[],""provider_query_period"":[""2025-09-30"",""2026-09-30""],""sources"":[""https://investor.apple.com/faq./default.aspx"",""https://infomemo.theocc.com/infomemos?number=47369"",""https://www.theocc.com/clearance-and-settlement/clearing/equity-options-product-specifications"",""https://www.optionseducation.org/referencelibrary/faq/splits-mergers-spinoffs-bankruptcies""],""status"":""research screening, not a complete OCC memo search"",""unresolved_adjustment_event"":false},""current_description"":{""status"":""not available for expired RIC""},""deliverable"":{""status"":""research assumption, not individually historically verified"",""value"":""100 AAPL shares""},""expiry"":{""status"":""RIC-derived; checked against source description/cache when available""},""historical_membership"":{""first"":""2026-08-10"",""last"":""2026-08-28"",""raw_sha256"":""4db8808d44f301536a5e8e3ec327b6fca5ac83e8a788e69e1ee2793254dfbc63"",""status"":""actual historical observations; per-signal availability gating""},""identity"":{""day_convention"":""zero-padded DD, instructor correction and retained real paired tests"",""fields"":[""underlying"",""cp"",""strike"",""expiry""],""source"":""https://developers.lseg.com/en/article-catalog/article/functions-to-find-option-rics-traded-on-different-exchanges"",""status"":""derived from official RIC rules""},""multiplier"":{""status"":""research assumption; supporting current lot-size metadata when available"",""value"":100},""scheduled_last_trading_date"":{""source"":""https://www.theocc.com/clearance-and-settlement/clearing/equity-options-product-specifications"",""status"":""rule/calendar-derived, not last observed quote""}}"
AAPLI042631500.U^I26,AAPL.O,C,315.0,2026-09-04,2026-09-04,2026-07-23,2026-09-04,2026-09-04,100,100 AAPL shares,False,research assumption,"official RIC-rule derivation, checked against available description/cache","direct historical quotation evidence, gated at each signal","rule/calendar derivation, distinct from final quote",research assumption,research assumption,"Treat ordinary AAPL OPRA calls as unadjusted standard American 100-share contracts, based on OCC specifications, ordinary identifiers, available descriptions and the corporate-action review. Not vendor-confirmed contract-by-contract historical deliverables.","[""https://www.theocc.com/clearance-and-settlement/clearing/equity-options-product-specifications"",""https://www.optionseducation.org/referencelibrary/faq/splits-mergers-spinoffs-bankruptcies"",""https://investor.apple.com/faq./default.aspx"",""https://infomemo.theocc.com/infomemos?number=47369""]",[],"{""corporate_actions"":{""apple_split_history"":""Apple public FAQ lists its last split in August 2020, before this sample."",""limitation"":""No detected conflicting corporate-action evidence; absence is not a vendor guarantee of every historical deliverable."",""provider_error"":null,""provider_events"":[],""provider_query_period"":[""2025-09-30"",""2026-09-30""],""sources"":[""https://investor.apple.com/faq./default.aspx"",""https://infomemo.theocc.com/infomemos?number=47369"",""https://www.theocc.com/clearance-and-settlement/clearing/equity-options-product-specifications"",""https://www.optionseducation.org/referencelibrary/faq/splits-mergers-spinoffs-bankruptcies""],""status"":""research screening, not a complete OCC memo search"",""unresolved_adjustment_event"":false},""current_description"":{""status"":""not available for expired RIC""},""deliverable"":{""status"":""research assumption, not individually historically verified"",""value"":""100 AAPL shares""},""expiry"":{""status"":""RIC-derived; checked against source description/cache when available""},""historical_membership"":{""first"":""2026-07-23"",""last"":""2026-09-04"",""raw_sha256"":""7eed15e6563434e7e6fd92ace50db62caaa9696a5e2442a7885fd0f9a8c8aa25"",""status"":""actual historical observations; per-signal availability gating""},""identity"":{""day_convention"":""zero-padded DD, instructor correction and retained real paired tests"",""fields"":[""underlying"",""cp"",""strike"",""expiry""],""source"":""https://developers.lseg.com/en/article-catalog/article/functions-to-find-option-rics-traded-on-different-exchanges"",""status"":""derived from official RIC rules""},""multiplier"":{""status"":""research assumption; supporting current lot-size metadata when available"",""value"":100},""scheduled_last_trading_date"":{""source"":""https://www.theocc.com/clearance-and-settlement/clearing/equity-options-product-specifications"",""status"":""rule/calendar-derived, not last observed quote""}}"
AAPLI042631750.U^I26,AAPL.O,C,317.5,2026-09-04,2026-09-04,2026-08-17,2026-09-04,2026-09-04,100,100 AAPL shares,False,research assumption,"official RIC-rule derivation, checked against available description/cache","direct historical quotation evidence, gated at each signal","rule/calendar derivation, distinct from final quote",research assumption,research assumption,"Treat ordinary AAPL OPRA calls as unadjusted standard American 100-share contracts, based on OCC specifications, ordinary identifiers, available descriptions and the corporate-action review. Not vendor-confirmed contract-by-contract historical deliverables.","[""https://www.theocc.com/clearance-and-settlement/clearing/equity-options-product-specifications"",""https://www.optionseducation.org/referencelibrary/faq/splits-mergers-spinoffs-bankruptcies"",""https://investor.apple.com/faq./default.aspx"",""https://infomemo.theocc.com/infomemos?number=47369""]",[],"{""corporate_actions"":{""apple_split_history"":""Apple public FAQ lists its last split in August 2020, before this sample."",""limitation"":""No detected conflicting corporate-action evidence; absence is not a vendor guarantee of every historical deliverable."",""provider_error"":null,""provider_events"":[],""provider_query_period"":[""2025-09-30"",""2026-09-30""],""sources"":[""https://investor.apple.com/faq./default.aspx"",""https://infomemo.theocc.com/infomemos?number=47369"",""https://www.theocc.com/clearance-and-settlement/clearing/equity-options-product-specifications"",""https://www.optionseducation.org/referencelibrary/faq/splits-mergers-spinoffs-bankruptcies""],""status"":""research screening, not a complete OCC memo search"",""unresolved_adjustment_event"":false},""current_description"":{""status"":""not available for expired RIC""},""deliverable"":{""status"":""research assumption, not individually historically verified"",""value"":""100 AAPL shares""},""expiry"":{""status"":""RIC-derived; checked against source description/cache when available""},""historical_membership"":{""first"":""2026-08-17"",""last"":""2026-09-04"",""raw_sha256"":""eda1642867ccb194927221cc83af9c46afa2ca129db45c20d98c43d2ce9323b9"",""status"":""actual historical observations; per-signal availability gating""},""identity"":{""day_convention"":""zero-padded DD, instructor correction and retained real paired tests"",""fields"":[""underlying"",""cp"",""strike"",""expiry""],""source"":""https://developers.lseg.com/en/article-catalog/article/functions-to-find-option-rics-traded-on-different-exchanges"",""status"":""derived from official RIC rules""},""multiplier"":{""status"":""research assumption; supporting current lot-size metadata when available"",""value"":100},""scheduled_last_trading_date"":{""source"":""https://www.theocc.com/clearance-and-settlement/clearing/equity-options-product-specifications"",""status"":""rule/calendar-derived, not last observed quote""}}"
AAPLI042633250.U^I26,AAPL.O,C,332.5,2026-09-04,2026-09-04,2026-08-20,2026-09-04,2026-09-04,100,100 AAPL shares,False,research assumption,"official RIC-rule derivation, checked against available description/cache","direct historical quotation evidence, gated at each signal","rule/calendar derivation, distinct from final quote",research assumption,research assumption,"Treat ordinary AAPL OPRA calls as unadjusted standard American 100-share contracts, based on OCC specifications, ordinary identifiers, available descriptions and the corporate-action review. Not vendor-confirmed contract-by-contract historical deliverables.","[""https://www.theocc.com/clearance-and-settlement/clearing/equity-options-product-specifications"",""https://www.optionseducation.org/referencelibrary/faq/splits-mergers-spinoffs-bankruptcies"",""https://investor.apple.com/faq./default.aspx"",""https://infomemo.theocc.com/infomemos?number=47369""]",[],"{""corporate_actions"":{""apple_split_history"":""Apple public FAQ lists its last split in August 2020, before this sample."",""limitation"":""No detected conflicting corporate-action evidence; absence is not a vendor guarantee of every historical deliverable."",""provider_error"":null,""provider_events"":[],""provider_query_period"":[""2025-09-30"",""2026-09-30""],""sources"":[""https://investor.apple.com/faq./default.aspx"",""https://infomemo.theocc.com/infomemos?number=47369"",""https://www.theocc.com/clearance-and-settlement/clearing/equity-options-product-specifications"",""https://www.optionseducation.org/referencelibrary/faq/splits-mergers-spinoffs-bankruptcies""],""status"":""research screening, not a complete OCC memo search"",""unresolved_adjustment_event"":false},""current_description"":{""status"":""not available for expired RIC""},""deliverable"":{""status"":""research assumption, not individually historically verified"",""value"":""100 AAPL shares""},""expiry"":{""status"":""RIC-derived; checked against source description/cache when available""},""historical_membership"":{""first"":""2026-08-20"",""last"":""2026-09-04"",""raw_sha256"":""5eb647c4f7055cd58f8053de4d3e9e0f93aeb7bc9cd93d821dfb6a3c31f8c409"",""status"":""actual historical observations; per-signal availability gating""},""identity"":{""day_convention"":""zero-padded DD, instructor correction and retained real paired tests"",""fields"":[""underlying"",""cp"",""strike"",""expiry""],""source"":""https://developers.lseg.com/en/article-catalog/article/functions-to-find-option-rics-traded-on-different-exchanges"",""status"":""derived from official RIC rules""},""multiplier"":{""status"":""research assumption; supporting current lot-size metadata when available"",""value"":100},""scheduled_last_trading_date"":{""source"":""https://www.theocc.com/clearance-and-settlement/clearing/equity-options-product-specifications"",""status"":""rule/calendar-derived, not last observed quote""}}"
AAPLI042633500.U^I26,AAPL.O,C,335.0,2026-09-04,2026-09-04,2026-07-23,2026-09-04,2026-09-04,100,100 AAPL shares,False,research assumption,"official RIC-rule derivation, checked against available description/cache","direct historical quotation evidence, gated at each signal","rule/calendar derivation, distinct from final quote",research assumption,research assumption,"Treat ordinary AAPL OPRA calls as unadjusted standard American 100-share contracts, based on OCC specifications, ordinary identifiers, available descriptions and the corporate-action review. Not vendor-confirmed contract-by-contract historical deliverables.","[""https://www.theocc.com/clearance-and-settlement/clearing/equity-options-product-specifications"",""https://www.optionseducation.org/referencelibrary/faq/splits-mergers-spinoffs-bankruptcies"",""https://investor.apple.com/faq./default.aspx"",""https://infomemo.theocc.com/infomemos?number=47369""]",[],"{""corporate_actions"":{""apple_split_history"":""Apple public FAQ lists its last split in August 2020, before this sample."",""limitation"":""No detected conflicting corporate-action evidence; absence is not a vendor guarantee of every historical deliverable."",""provider_error"":null,""provider_events"":[],""provider_query_period"":[""2025-09-30"",""2026-09-30""],""sources"":[""https://investor.apple.com/faq./default.aspx"",""https://infomemo.theocc.com/infomemos?number=47369"",""https://www.theocc.com/clearance-and-settlement/clearing/equity-options-product-specifications"",""https://www.optionseducation.org/referencelibrary/faq/splits-mergers-spinoffs-bankruptcies""],""status"":""research screening, not a complete OCC memo search"",""unresolved_adjustment_event"":false},""current_description"":{""status"":""not available for expired RIC""},""deliverable"":{""status"":""research assumption, not individually historically verified"",""value"":""100 AAPL shares""},""expiry"":{""status"":""RIC-derived; checked against source description/cache when available""},""historical_membership"":{""first"":""2026-07-23"",""last"":""2026-09-04"",""raw_sha256"":""4ffa775cb0ce07bd4c2d95677c10ba9d6a685637e4b8d3c3b357d836ba6960f5"",""status"":""actual historical observations; per-signal availability gating""},""identity"":{""day_convention"":""zero-padded DD, instructor correction and retained real paired tests"",""fields"":[""underlying"",""cp"",""strike"",""expiry""],""source"":""https://developers.lseg.com/en/article-catalog/article/functions-to-find-option-rics-traded-on-different-exchanges"",""status"":""derived from official RIC rules""},""multiplier"":{""status"":""research assumption; supporting current lot-size metadata when available"",""value"":100},""scheduled_last_trading_date"":{""source"":""https://www.theocc.com/clearance-and-settlement/clearing/equity-options-product-specifications"",""status"":""rule/calendar-derived, not last observed quote""}}"
AAPLI042633750.U^I26,AAPL.O,C,337.5,2026-09-04,2026-09-04,2026-08-20,2026-09-04,2026-09-04,100,100 AAPL shares,False,research assumption,"official RIC-rule derivation, checked against available description/cache","direct historical quotation evidence, gated at each signal","rule/calendar derivation, distinct from final quote",research assumption,research assumption,"Treat ordinary AAPL OPRA calls as unadjusted standard American 100-share contracts, based on OCC specifications, ordinary identifiers, available descriptions and the corporate-action review. Not vendor-confirmed contract-by-contract historical deliverables.","[""https://www.theocc.com/clearance-and-settlement/clearing/equity-options-product-specifications"",""https://www.optionseducation.org/referencelibrary/faq/splits-mergers-spinoffs-bankruptcies"",""https://investor.apple.com/faq./default.aspx"",""https://infomemo.theocc.com/infomemos?number=47369""]",[],"{""corporate_actions"":{""apple_split_history"":""Apple public FAQ lists its last split in August 2020, before this sample."",""limitation"":""No detected conflicting corporate-action evidence; absence is not a vendor guarantee of every historical deliverable."",""provider_error"":null,""provider_events"":[],""provider_query_period"":[""2025-09-30"",""2026-09-30""],""sources"":[""https://investor.apple.com/faq./default.aspx"",""https://infomemo.theocc.com/infomemos?number=47369"",""https://www.theocc.com/clearance-and-settlement/clearing/equity-options-product-specifications"",""https://www.optionseducation.org/referencelibrary/faq/splits-mergers-spinoffs-bankruptcies""],""status"":""research screening, not a complete OCC memo search"",""unresolved_adjustment_event"":false},""current_description"":{""status"":""not available for expired RIC""},""deliverable"":{""status"":""research assumption, not individually historically verified"",""value"":""100 AAPL shares""},""expiry"":{""status"":""RIC-derived; checked against source description/cache when available""},""historical_membership"":{""first"":""2026-08-20"",""last"":""2026-09-04"",""raw_sha256"":""c346efe5ac1e788ff413e23b0041820568356656802ac6c80410eb89a172ffb6"",""status"":""actual historical observations; per-signal availability gating""},""identity"":{""day_convention"":""zero-padded DD, instructor correction and retained real paired tests"",""fields"":[""underlying"",""cp"",""strike"",""expiry""],""source"":""https://developers.lseg.com/en/article-catalog/article/functions-to-find-option-rics-traded-on-different-exchanges"",""status"":""derived from official RIC rules""},""multiplier"":{""status"":""research assumption; supporting current lot-size metadata when available"",""value"":100},""scheduled_last_trading_date"":{""source"":""https://www.theocc.com/clearance-and-settlement/clearing/equity-options-product-specifications"",""status"":""rule/calendar-derived, not last observed quote""}}"
AAPLI042634000.U^I26,AAPL.O,C,340.0,2026-09-04,2026-09-04,2026-07-23,2026-09-04,2026-09-04,100,100 AAPL shares,False,research assumption,"official RIC-rule derivation, checked against available description/cache","direct historical quotation evidence, gated at each signal","rule/calendar derivation, distinct from final quote",research assumption,research assumption,"Treat ordinary AAPL OPRA calls as unadjusted standard American 100-share contracts, based on OCC specifications, ordinary identifiers, available descriptions and the corporate-action review. Not vendor-confirmed contract-by-contract historical deliverables.","[""https://www.theocc.com/clearance-and-settlement/clearing/equity-options-product-specifications"",""https://www.optionseducation.org/referencelibrary/faq/splits-mergers-spinoffs-bankruptcies"",""https://investor.apple.com/faq./default.aspx"",""https://infomemo.theocc.com/infomemos?number=47369""]",[],"{""corporate_actions"":{""apple_split_history"":""Apple public FAQ lists its last split in August 2020, before this sample."",""limitation"":""No detected conflicting corporate-action evidence; absence is not a vendor guarantee of every historical deliverable."",""provider_error"":null,""provider_events"":[],""provider_query_period"":[""2025-09-30"",""2026-09-30""],""sources"":[""https://investor.apple.com/faq./default.aspx"",""https://infomemo.theocc.com/infomemos?number=47369"",""https://www.theocc.com/clearance-and-settlement/clearing/equity-options-product-specifications"",""https://www.optionseducation.org/referencelibrary/faq/splits-mergers-spinoffs-bankruptcies""],""status"":""research screening, not a complete OCC memo search"",""unresolved_adjustment_event"":false},""current_description"":{""status"":""not available for expired RIC""},""deliverable"":{""status"":""research assumption, not individually historically verified"",""value"":""100 AAPL shares""},""expiry"":{""status"":""RIC-derived; checked against source description/cache when available""},""historical_membership"":{""first"":""2026-07-23"",""last"":""2026-09-04"",""raw_sha256"":""e07d82a03fdcde4b7da289bcbbf040fbd6a47b066b924a74c06497bebeca7e42"",""status"":""actual historical observations; per-signal availability gating""},""identity"":{""day_convention"":""zero-padded DD, instructor correction and retained real paired tests"",""fields"":[""underlying"",""cp"",""strike"",""expiry""],""source"":""https://developers.lseg.com/en/article-catalog/article/functions-to-find-option-rics-traded-on-different-exchanges"",""status"":""derived from official RIC rules""},""multiplier"":{""status"":""research assumption; supporting current lot-size metadata when available"",""value"":100},""scheduled_last_trading_date"":{""source"":""https://www.theocc.com/clearance-and-settlement/clearing/equity-options-product-specifications"",""status"":""rule/calendar-derived, not last observed quote""}}"
AAPLI112630500.U^I26,AAPL.O,C,305.0,2026-09-11,2026-09-11,2026-07-30,2026-09-11,2026-09-11,100,100 AAPL shares,False,research assumption,"official RIC-rule derivation, checked against available description/cache","direct historical quotation evidence, gated at each signal","rule/calendar derivation, distinct from final quote",research assumption,research assumption,"Treat ordinary AAPL OPRA calls as unadjusted standard American 100-share contracts, based on OCC specifications, ordinary identifiers, available descriptions and the corporate-action review. Not vendor-confirmed contract-by-contract historical deliverables.","[""https://www.theocc.com/clearance-and-settlement/clearing/equity-options-product-specifications"",""https://www.optionseducation.org/referencelibrary/faq/splits-mergers-spinoffs-bankruptcies"",""https://investor.apple.com/faq./default.aspx"",""https://infomemo.theocc.com/infomemos?number=47369""]",[],"{""candidate_construction"":{""source"":""https://developers.lseg.com/en/article-catalog/article/functions-to-find-option-rics-traded-on-different-exchanges"",""status"":""RIC probe, not listing evidence""},""corporate_actions"":{""apple_split_history"":""Apple public FAQ lists its last split in August 2020, before this sample."",""limitation"":""No detected conflicting corporate-action evidence; absence is not a vendor guarantee of every historical deliverable."",""provider_error"":null,""provider_events"":[],""provider_query_period"":[""2025-09-30"",""2026-09-30""],""sources"":[""https://investor.apple.com/faq./default.aspx"",""https://infomemo.theocc.com/infomemos?number=47369"",""https://www.theocc.com/clearance-and-settlement/clearing/equity-options-product-specifications"",""https://www.optionseducation.org/referencelibrary/faq/splits-mergers-spinoffs-bankruptcies""],""status"":""research screening, not a complete OCC memo search"",""unresolved_adjustment_event"":false},""current_description"":{""checks"":[],""status"":""not available for expired RIC""},""deliverable"":{""status"":""research assumption, not individually historically verified"",""value"":""100 AAPL shares""},""expiry"":{""status"":""RIC-derived; checked against source description/cache when available""},""historical_membership"":{""first"":""2026-07-30"",""last"":""2026-09-11"",""raw_sha256"":""33abc00695e5e331b3afe49afc4a02ac9028198bdda1a252480a213d02e092d4"",""status"":""actual historical response; gated before each signal""},""identity"":{""day_convention"":""zero-padded DD, instructor correction and retained real paired tests"",""fields"":[""underlying"",""cp"",""strike"",""expiry""],""source"":""https://developers.lseg.com/en/article-catalog/article/functions-to-find-option-rics-traded-on-different-exchanges"",""status"":""derived from official RIC rules""},""multiplier"":{""status"":""research assumption; supporting current lot-size metadata when available"",""value"":100},""scheduled_last_trading_date"":{""source"":""https://www.theocc.com/clearance-and-settlement/clearing/equity-options-product-specifications"",""status"":""rule/calendar-derived, not last observed quote""}}"
AAPLI112630750.U^I26,AAPL.O,C,307.5,2026-09-11,2026-09-11,2026-08-24,2026-09-11,2026-09-11,100,100 AAPL shares,False,research assumption,"official RIC-rule derivation, checked against available description/cache","direct historical quotation evidence, gated at each signal","rule/calendar derivation, distinct from final quote",research assumption,research assumption,"Treat ordinary AAPL OPRA calls as unadjusted standard American 100-share contracts, based on OCC specifications, ordinary identifiers, available descriptions and the corporate-action review. Not vendor-confirmed contract-by-contract historical deliverables.","[""https://www.theocc.com/clearance-and-settlement/clearing/equity-options-product-specifications"",""https://www.optionseducation.org/referencelibrary/faq/splits-mergers-spinoffs-bankruptcies"",""https://investor.apple.com/faq./default.aspx"",""https://infomemo.theocc.com/infomemos?number=47369""]",[],"{""candidate_construction"":{""source"":""https://developers.lseg.com/en/article-catalog/article/functions-to-find-option-rics-traded-on-different-exchanges"",""status"":""RIC probe, not listing evidence""},""corporate_actions"":{""apple_split_history"":""Apple public FAQ lists its last split in August 2020, before this sample."",""limitation"":""No detected conflicting corporate-action evidence; absence is not a vendor guarantee of every historical deliverable."",""provider_error"":null,""provider_events"":[],""provider_query_period"":[""2025-09-30"",""2026-09-30""],""sources"":[""https://investor.apple.com/faq./default.aspx"",""https://infomemo.theocc.com/infomemos?number=47369"",""https://www.theocc.com/clearance-and-settlement/clearing/equity-options-product-specifications"",""https://www.optionseducation.org/referencelibrary/faq/splits-mergers-spinoffs-bankruptcies""],""status"":""research screening, not a complete OCC memo search"",""unresolved_adjustment_event"":false},""current_description"":{""checks"":[],""status"":""not available for expired RIC""},""deliverable"":{""status"":""research assumption, not individually historically verified"",""value"":""100 AAPL shares""},""expiry"":{""status"":""RIC-derived; checked against source description/cache when available""},""historical_membership"":{""first"":""2026-08-24"",""last"":""2026-09-11"",""raw_sha256"":""4a178ab061eb33b63711c99eb230123a672af5f385c82757045eb7be2d5e6b74"",""status"":""actual historical response; gated before each signal""},""identity"":{""day_convention"":""zero-padded DD, instructor correction and retained real paired tests"",""fields"":[""underlying"",""cp"",""strike"",""expiry""],""source"":""https://developers.lseg.com/en/article-catalog/article/functions-to-find-option-rics-traded-on-different-exchanges"",""status"":""derived from official RIC rules""},""multiplier"":{""status"":""research assumption; supporting current lot-size metadata when available"",""value"":100},""scheduled_last_trading_date"":{""source"":""https://www.theocc.com/clearance-and-settlement/clearing/equity-options-product-specifications"",""status"":""rule/calendar-derived, not last observed quote""}}"
AAPLI112631000.U^I26,AAPL.O,C,310.0,2026-09-11,2026-09-11,2026-07-30,2026-09-11,2026-09-11,100,100 AAPL shares,False,research assumption,"official RIC-rule derivation, checked against available description/cache","direct historical quotation evidence, gated at each signal","rule/calendar derivation, distinct from final quote",research assumption,research assumption,"Treat ordinary AAPL OPRA calls as unadjusted standard American 100-share contracts, based on OCC specifications, ordinary identifiers, available descriptions and the corporate-action review. Not vendor-confirmed contract-by-contract historical deliverables.","[""https://www.theocc.com/clearance-and-settlement/clearing/equity-options-product-specifications"",""https://www.optionseducation.org/referencelibrary/faq/splits-mergers-spinoffs-bankruptcies"",""https://investor.apple.com/faq./default.aspx"",""https://infomemo.theocc.com/infomemos?number=47369""]",[],"{""candidate_construction"":{""source"":""https://developers.lseg.com/en/article-catalog/article/functions-to-find-option-rics-traded-on-different-exchanges"",""status"":""RIC probe, not listing evidence""},""corporate_actions"":{""apple_split_history"":""Apple public FAQ lists its last split in August 2020, before this sample."",""limitation"":""No detected conflicting corporate-action evidence; absence is not a vendor guarantee of every historical deliverable."",""provider_error"":null,""provider_events"":[],""provider_query_period"":[""2025-09-30"",""2026-09-30""],""sources"":[""https://investor.apple.com/faq./default.aspx"",""https://infomemo.theocc.com/infomemos?number=47369"",""https://www.theocc.com/clearance-and-settlement/clearing/equity-options-product-specifications"",""https://www.optionseducation.org/referencelibrary/faq/splits-mergers-spinoffs-bankruptcies""],""status"":""research screening, not a complete OCC memo search"",""unresolved_adjustment_event"":false},""current_description"":{""checks"":[],""status"":""not available for expired RIC""},""deliverable"":{""status"":""research assumption, not individually historically verified"",""value"":""100 AAPL shares""},""expiry"":{""status"":""RIC-derived; checked against source description/cache when available""},""historical_membership"":{""first"":""2026-07-30"",""last"":""2026-09-11"",""raw_sha256"":""855733164c645b356b44f7244f15e10f12bc60c776fe4a6a9109020680072ae4"",""status"":""actual historical response; gated before each signal""},""identity"":{""day_convention"":""zero-padded DD, instructor correction and retained real paired tests"",""fields"":[""underlying"",""cp"",""strike"",""expiry""],""source"":""https://developers.lseg.com/en/article-catalog/article/functions-to-find-option-rics-traded-on-different-exchanges"",""status"":""derived from official RIC rules""},""multiplier"":{""status"":""research assumption; supporting current lot-size metadata when available"",""value"":100},""scheduled_last_trading_date"":{""source"":""https://www.theocc.com/clearance-and-settlement/clearing/equity-options-product-specifications"",""status"":""rule/calendar-derived, not last observed quote""}}"
AAPLI112631250.U^I26,AAPL.O,C,312.5,2026-09-11,2026-09-11,2026-08-24,2026-09-11,2026-09-11,100,100 AAPL shares,False,research assumption,"official RIC-rule derivation, checked against available description/cache","direct historical quotation evidence, gated at each signal","rule/calendar derivation, distinct from final quote",research assumption,research assumption,"Treat ordinary AAPL OPRA calls as unadjusted standard American 100-share contracts, based on OCC specifications, ordinary identifiers, available descriptions and the corporate-action review. Not vendor-confirmed contract-by-contract historical deliverables.","[""https://www.theocc.com/clearance-and-settlement/clearing/equity-options-product-specifications"",""https://www.optionseducation.org/referencelibrary/faq/splits-mergers-spinoffs-bankruptcies"",""https://investor.apple.com/faq./default.aspx"",""https://infomemo.theocc.com/infomemos?number=47369""]",[],"{""candidate_construction"":{""source"":""https://developers.lseg.com/en/article-catalog/article/functions-to-find-option-rics-traded-on-different-exchanges"",""status"":""RIC probe, not listing evidence""},""corporate_actions"":{""apple_split_history"":""Apple public FAQ lists its last split in August 2020, before this sample."",""limitation"":""No detected conflicting corporate-action evidence; absence is not a vendor guarantee of every historical deliverable."",""provider_error"":null,""provider_events"":[],""provider_query_period"":[""2025-09-30"",""2026-09-30""],""sources"":[""https://investor.apple.com/faq./default.aspx"",""https://infomemo.theocc.com/infomemos?number=47369"",""https://www.theocc.com/clearance-and-settlement/clearing/equity-options-product-specifications"",""https://www.optionseducation.org/referencelibrary/faq/splits-mergers-spinoffs-bankruptcies""],""status"":""research screening, not a complete OCC memo search"",""unresolved_adjustment_event"":false},""current_description"":{""checks"":[],""status"":""not available for expired RIC""},""deliverable"":{""status"":""research assumption, not individually historically verified"",""value"":""100 AAPL shares""},""expiry"":{""status"":""RIC-derived; checked against source description/cache when available""},""historical_membership"":{""first"":""2026-08-24"",""last"":""2026-09-11"",""raw_sha256"":""e4874ad56edbe101877993c5380d39652c742038b88688121a6e064da3a79bb1"",""status"":""actual historical response; gated before each signal""},""identity"":{""day_convention"":""zero-padded DD, instructor correction and retained real paired tests"",""fields"":[""underlying"",""cp"",""strike"",""expiry""],""source"":""https://developers.lseg.com/en/article-catalog/article/functions-to-find-option-rics-traded-on-different-exchanges"",""status"":""derived from official RIC rules""},""multiplier"":{""status"":""research assumption; supporting current lot-size metadata when available"",""value"":100},""scheduled_last_trading_date"":{""source"":""https://www.theocc.com/clearance-and-settlement/clearing/equity-options-product-specifications"",""status"":""rule/calendar-derived, not last observed quote""}}"
AAPLI112631500.U^I26,AAPL.O,C,315.0,2026-09-11,2026-09-11,2026-07-30,2026-09-11,2026-09-11,100,100 AAPL shares,False,research assumption,"official RIC-rule derivation, checked against available description/cache","direct historical quotation evidence, gated at each signal","rule/calendar derivation, distinct from final quote",research assumption,research assumption,"Treat ordinary AAPL OPRA calls as unadjusted standard American 100-share contracts, based on OCC specifications, ordinary identifiers, available descriptions and the corporate-action review. Not vendor-confirmed contract-by-contract historical deliverables.","[""https://www.theocc.com/clearance-and-settlement/clearing/equity-options-product-specifications"",""https://www.optionseducation.org/referencelibrary/faq/splits-mergers-spinoffs-bankruptcies"",""https://investor.apple.com/faq./default.aspx"",""https://infomemo.theocc.com/infomemos?number=47369""]",[],"{""candidate_construction"":{""source"":""https://developers.lseg.com/en/article-catalog/article/functions-to-find-option-rics-traded-on-different-exchanges"",""status"":""RIC probe, not listing evidence""},""corporate_actions"":{""apple_split_history"":""Apple public FAQ lists its last split in August 2020, before this sample."",""limitation"":""No detected conflicting corporate-action evidence; absence is not a vendor guarantee of every historical deliverable."",""provider_error"":null,""provider_events"":[],""provider_query_period"":[""2025-09-30"",""2026-09-30""],""sources"":[""https://investor.apple.com/faq./default.aspx"",""https://infomemo.theocc.com/infomemos?number=47369"",""https://www.theocc.com/clearance-and-settlement/clearing/equity-options-product-specifications"",""https://www.optionseducation.org/referencelibrary/faq/splits-mergers-spinoffs-bankruptcies""],""status"":""research screening, not a complete OCC memo search"",""unresolved_adjustment_event"":false},""current_description"":{""checks"":[],""status"":""not available for expired RIC""},""deliverable"":{""status"":""research assumption, not individually historically verified"",""value"":""100 AAPL shares""},""expiry"":{""status"":""RIC-derived; checked against source description/cache when available""},""historical_membership"":{""first"":""2026-07-30"",""last"":""2026-09-11"",""raw_sha256"":""fb7d02e3e37f5e1b64f8d8eed89da69a6219ead14fad771bdb0fe6975ed370af"",""status"":""actual historical response; gated before each signal""},""identity"":{""day_convention"":""zero-padded DD, instructor correction and retained real paired tests"",""fields"":[""underlying"",""cp"",""strike"",""expiry""],""source"":""https://developers.lseg.com/en/article-catalog/article/functions-to-find-option-rics-traded-on-different-exchanges"",""status"":""derived from official RIC rules""},""multiplier"":{""status"":""research assumption; supporting current lot-size metadata when available"",""value"":100},""scheduled_last_trading_date"":{""source"":""https://www.theocc.com/clearance-and-settlement/clearing/equity-options-product-specifications"",""status"":""rule/calendar-derived, not last observed quote""}}"
AAPLI112631750.U^I26,AAPL.O,C,317.5,2026-09-11,2026-09-11,2026-08-24,2026-09-11,2026-09-11,100,100 AAPL shares,False,research assumption,"official RIC-rule derivation, checked against available description/cache","direct historical quotation evidence, gated at each signal","rule/calendar derivation, distinct from final quote",research assumption,research assumption,"Treat ordinary AAPL OPRA calls as unadjusted standard American 100-share contracts, based on OCC specifications, ordinary identifiers, available descriptions and the corporate-action review. Not vendor-confirmed contract-by-contract historical deliverables.","[""https://www.theocc.com/clearance-and-settlement/clearing/equity-options-product-specifications"",""https://www.optionseducation.org/referencelibrary/faq/splits-mergers-spinoffs-bankruptcies"",""https://investor.apple.com/faq./default.aspx"",""https://infomemo.theocc.com/infomemos?number=47369""]",[],"{""candidate_construction"":{""source"":""https://developers.lseg.com/en/article-catalog/article/functions-to-find-option-rics-traded-on-different-exchanges"",""status"":""RIC probe, not listing evidence""},""corporate_actions"":{""apple_split_history"":""Apple public FAQ lists its last split in August 2020, before this sample."",""limitation"":""No detected conflicting corporate-action evidence; absence is not a vendor guarantee of every historical deliverable."",""provider_error"":null,""provider_events"":[],""provider_query_period"":[""2025-09-30"",""2026-09-30""],""sources"":[""https://investor.apple.com/faq./default.aspx"",""https://infomemo.theocc.com/infomemos?number=47369"",""https://www.theocc.com/clearance-and-settlement/clearing/equity-options-product-specifications"",""https://www.optionseducation.org/referencelibrary/faq/splits-mergers-spinoffs-bankruptcies""],""status"":""research screening, not a complete OCC memo search"",""unresolved_adjustment_event"":false},""current_description"":{""checks"":[],""status"":""not available for expired RIC""},""deliverable"":{""status"":""research assumption, not individually historically verified"",""value"":""100 AAPL shares""},""expiry"":{""status"":""RIC-derived; checked against source description/cache when available""},""historical_membership"":{""first"":""2026-08-24"",""last"":""2026-09-11"",""raw_sha256"":""70dbf550a08500465bcd702624fc0a08c6f3cc7b9a41e2cb5f65205d32118429"",""status"":""actual historical response; gated before each signal""},""identity"":{""day_convention"":""zero-padded DD, instructor correction and retained real paired tests"",""fields"":[""underlying"",""cp"",""strike"",""expiry""],""source"":""https://developers.lseg.com/en/article-catalog/article/functions-to-find-option-rics-traded-on-different-exchanges"",""status"":""derived from official RIC rules""},""multiplier"":{""status"":""research assumption; supporting current lot-size metadata when available"",""value"":100},""scheduled_last_trading_date"":{""source"":""https://www.theocc.com/clearance-and-settlement/clearing/equity-options-product-specifications"",""status"":""rule/calendar-derived, not last observed quote""}}"
AAPLI112632000.U^I26,AAPL.O,C,320.0,2026-09-11,2026-09-11,2026-07-30,2026-09-11,2026-09-11,100,100 AAPL shares,False,research assumption,"official RIC-rule derivation, checked against available description/cache","direct historical quotation evidence, gated at each signal","rule/calendar derivation, distinct from final quote",research assumption,research assumption,"Treat ordinary AAPL OPRA calls as unadjusted standard American 100-share contracts, based on OCC specifications, ordinary identifiers, available descriptions and the corporate-action review. Not vendor-confirmed contract-by-contract historical deliverables.","[""https://www.theocc.com/clearance-and-settlement/clearing/equity-options-product-specifications"",""https://www.optionseducation.org/referencelibrary/faq/splits-mergers-spinoffs-bankruptcies"",""https://investor.apple.com/faq./default.aspx"",""https://infomemo.theocc.com/infomemos?number=47369""]",[],"{""candidate_construction"":{""source"":""https://developers.lseg.com/en/article-catalog/article/functions-to-find-option-rics-traded-on-different-exchanges"",""status"":""RIC probe, not listing evidence""},""corporate_actions"":{""apple_split_history"":""Apple public FAQ lists its last split in August 2020, before this sample."",""limitation"":""No detected conflicting corporate-action evidence; absence is not a vendor guarantee of every historical deliverable."",""provider_error"":null,""provider_events"":[],""provider_query_period"":[""2025-09-30"",""2026-09-30""],""sources"":[""https://investor.apple.com/faq./default.aspx"",""https://infomemo.theocc.com/infomemos?number=47369"",""https://www.theocc.com/clearance-and-settlement/clearing/equity-options-product-specifications"",""https://www.optionseducation.org/referencelibrary/faq/splits-mergers-spinoffs-bankruptcies""],""status"":""research screening, not a complete OCC memo search"",""unresolved_adjustment_event"":false},""current_description"":{""checks"":[],""status"":""not available for expired RIC""},""deliverable"":{""status"":""research assumption, not individually historically verified"",""value"":""100 AAPL shares""},""expiry"":{""status"":""RIC-derived; checked against source description/cache when available""},""historical_membership"":{""first"":""2026-07-30"",""last"":""2026-09-11"",""raw_sha256"":""23cea9de7735f9d9659dc8d5a5a244bd87a60c2dd8d3a41ba58bd70aec84ca87"",""status"":""actual historical response; gated before each signal""},""identity"":{""day_convention"":""zero-padded DD, instructor correction and retained real paired tests"",""fields"":[""underlying"",""cp"",""strike"",""expiry""],""source"":""https://developers.lseg.com/en/article-catalog/article/functions-to-find-option-rics-traded-on-different-exchanges"",""status"":""derived from official RIC rules""},""multiplier"":{""status"":""research assumption; supporting current lot-size metadata when available"",""value"":100},""scheduled_last_trading_date"":{""source"":""https://www.theocc.com/clearance-and-settlement/clearing/equity-options-product-specifications"",""status"":""rule/calendar-derived, not last observed quote""}}"
AAPLI112632250.U^I26,AAPL.O,C,322.5,2026-09-11,2026-09-11,2026-08-24,2026-09-11,2026-09-11,100,100 AAPL shares,False,research assumption,"official RIC-rule derivation, checked against available description/cache","direct historical quotation evidence, gated at each signal","rule/calendar derivation, distinct from final quote",research assumption,research assumption,"Treat ordinary AAPL OPRA calls as unadjusted standard American 100-share contracts, based on OCC specifications, ordinary identifiers, available descriptions and the corporate-action review. Not vendor-confirmed contract-by-contract historical deliverables.","[""https://www.theocc.com/clearance-and-settlement/clearing/equity-options-product-specifications"",""https://www.optionseducation.org/referencelibrary/faq/splits-mergers-spinoffs-bankruptcies"",""https://investor.apple.com/faq./default.aspx"",""https://infomemo.theocc.com/infomemos?number=47369""]",[],"{""candidate_construction"":{""source"":""https://developers.lseg.com/en/article-catalog/article/functions-to-find-option-rics-traded-on-different-exchanges"",""status"":""RIC probe, not listing evidence""},""corporate_actions"":{""apple_split_history"":""Apple public FAQ lists its last split in August 2020, before this sample."",""limitation"":""No detected conflicting corporate-action evidence; absence is not a vendor guarantee of every historical deliverable."",""provider_error"":null,""provider_events"":[],""provider_query_period"":[""2025-09-30"",""2026-09-30""],""sources"":[""https://investor.apple.com/faq./default.aspx"",""https://infomemo.theocc.com/infomemos?number=47369"",""https://www.theocc.com/clearance-and-settlement/clearing/equity-options-product-specifications"",""https://www.optionseducation.org/referencelibrary/faq/splits-mergers-spinoffs-bankruptcies""],""status"":""research screening, not a complete OCC memo search"",""unresolved_adjustment_event"":false},""current_description"":{""checks"":[],""status"":""not available for expired RIC""},""deliverable"":{""status"":""research assumption, not individually historically verified"",""value"":""100 AAPL shares""},""expiry"":{""status"":""RIC-derived; checked against source description/cache when available""},""historical_membership"":{""first"":""2026-08-24"",""last"":""2026-09-11"",""raw_sha256"":""9aca97c66b87eddd1253d6834ed75eb8d3a6f14ad29719db631dd41585dd2f4e"",""status"":""actual historical response; gated before each signal""},""identity"":{""day_convention"":""zero-padded DD, instructor correction and retained real paired tests"",""fields"":[""underlying"",""cp"",""strike"",""expiry""],""source"":""https://developers.lseg.com/en/article-catalog/article/functions-to-find-option-rics-traded-on-different-exchanges"",""status"":""derived from official RIC rules""},""multiplier"":{""status"":""research assumption; supporting current lot-size metadata when available"",""value"":100},""scheduled_last_trading_date"":{""source"":""https://www.theocc.com/clearance-and-settlement/clearing/equity-options-product-specifications"",""status"":""rule/calendar-derived, not last observed quote""}}"
AAPLI112632500.U^I26,AAPL.O,C,325.0,2026-09-11,2026-09-11,2026-07-30,2026-09-11,2026-09-11,100,100 AAPL shares,False,research assumption,"official RIC-rule derivation, checked against available description/cache","direct historical quotation evidence, gated at each signal","rule/calendar derivation, distinct from final quote",research assumption,research assumption,"Treat ordinary AAPL OPRA calls as unadjusted standard American 100-share contracts, based on OCC specifications, ordinary identifiers, available descriptions and the corporate-action review. Not vendor-confirmed contract-by-contract historical deliverables.","[""https://www.theocc.com/clearance-and-settlement/clearing/equity-options-product-specifications"",""https://www.optionseducation.org/referencelibrary/faq/splits-mergers-spinoffs-bankruptcies"",""https://investor.apple.com/faq./default.aspx"",""https://infomemo.theocc.com/infomemos?number=47369""]",[],"{""candidate_construction"":{""source"":""https://developers.lseg.com/en/article-catalog/article/functions-to-find-option-rics-traded-on-different-exchanges"",""status"":""RIC probe, not listing evidence""},""corporate_actions"":{""apple_split_history"":""Apple public FAQ lists its last split in August 2020, before this sample."",""limitation"":""No detected conflicting corporate-action evidence; absence is not a vendor guarantee of every historical deliverable."",""provider_error"":null,""provider_events"":[],""provider_query_period"":[""2025-09-30"",""2026-09-30""],""sources"":[""https://investor.apple.com/faq./default.aspx"",""https://infomemo.theocc.com/infomemos?number=47369"",""https://www.theocc.com/clearance-and-settlement/clearing/equity-options-product-specifications"",""https://www.optionseducation.org/referencelibrary/faq/splits-mergers-spinoffs-bankruptcies""],""status"":""research screening, not a complete OCC memo search"",""unresolved_adjustment_event"":false},""current_description"":{""checks"":[],""status"":""not available for expired RIC""},""deliverable"":{""status"":""research assumption, not individually historically verified"",""value"":""100 AAPL shares""},""expiry"":{""status"":""RIC-derived; checked against source description/cache when available""},""historical_membership"":{""first"":""2026-07-30"",""last"":""2026-09-11"",""raw_sha256"":""c532c686ff0815475c51da76c5210e1c513cf5448c1703692f44eb9ac455e4da"",""status"":""actual historical response; gated before each signal""},""identity"":{""day_convention"":""zero-padded DD, instructor correction and retained real paired tests"",""fields"":[""underlying"",""cp"",""strike"",""expiry""],""source"":""https://developers.lseg.com/en/article-catalog/article/functions-to-find-option-rics-traded-on-different-exchanges"",""status"":""derived from official RIC rules""},""multiplier"":{""status"":""research assumption; supporting current lot-size metadata when available"",""value"":100},""scheduled_last_trading_date"":{""source"":""https://www.theocc.com/clearance-and-settlement/clearing/equity-options-product-specifications"",""status"":""rule/calendar-derived, not last observed quote""}}"
AAPLI112632750.U^I26,AAPL.O,C,327.5,2026-09-11,2026-09-11,2026-08-24,2026-09-11,2026-09-11,100,100 AAPL shares,False,research assumption,"official RIC-rule derivation, checked against available description/cache","direct historical quotation evidence, gated at each signal","rule/calendar derivation, distinct from final quote",research assumption,research assumption,"Treat ordinary AAPL OPRA calls as unadjusted standard American 100-share contracts, based on OCC specifications, ordinary identifiers, available descriptions and the corporate-action review. Not vendor-confirmed contract-by-contract historical deliverables.","[""https://www.theocc.com/clearance-and-settlement/clearing/equity-options-product-specifications"",""https://www.optionseducation.org/referencelibrary/faq/splits-mergers-spinoffs-bankruptcies"",""https://investor.apple.com/faq./default.aspx"",""https://infomemo.theocc.com/infomemos?number=47369""]",[],"{""candidate_construction"":{""source"":""https://developers.lseg.com/en/article-catalog/article/functions-to-find-option-rics-traded-on-different-exchanges"",""status"":""RIC probe, not listing evidence""},""corporate_actions"":{""apple_split_history"":""Apple public FAQ lists its last split in August 2020, before this sample."",""limitation"":""No detected conflicting corporate-action evidence; absence is not a vendor guarantee of every historical deliverable."",""provider_error"":null,""provider_events"":[],""provider_query_period"":[""2025-09-30"",""2026-09-30""],""sources"":[""https://investor.apple.com/faq./default.aspx"",""https://infomemo.theocc.com/infomemos?number=47369"",""https://www.theocc.com/clearance-and-settlement/clearing/equity-options-product-specifications"",""https://www.optionseducation.org/referencelibrary/faq/splits-mergers-spinoffs-bankruptcies""],""status"":""research screening, not a complete OCC memo search"",""unresolved_adjustment_event"":false},""current_description"":{""checks"":[],""status"":""not available for expired RIC""},""deliverable"":{""status"":""research assumption, not individually historically verified"",""value"":""100 AAPL shares""},""expiry"":{""status"":""RIC-derived; checked against source description/cache when available""},""historical_membership"":{""first"":""2026-08-24"",""last"":""2026-09-11"",""raw_sha256"":""a32d45d1aa858ce3c0d2167c79c239a1ec241d425eedc6136ba5989ab492f080"",""status"":""actual historical response; gated before each signal""},""identity"":{""day_convention"":""zero-padded DD, instructor correction and retained real paired tests"",""fields"":[""underlying"",""cp"",""strike"",""expiry""],""source"":""https://developers.lseg.com/en/article-catalog/article/functions-to-find-option-rics-traded-on-different-exchanges"",""status"":""derived from official RIC rules""},""multiplier"":{""status"":""research assumption; supporting current lot-size metadata when available"",""value"":100},""scheduled_last_trading_date"":{""source"":""https://www.theocc.com/clearance-and-settlement/clearing/equity-options-product-specifications"",""status"":""rule/calendar-derived, not last observed quote""}}"
AAPLI112633000.U^I26,AAPL.O,C,330.0,2026-09-11,2026-09-11,2026-07-30,2026-09-11,2026-09-11,100,100 AAPL shares,False,research assumption,"official RIC-rule derivation, checked against available description/cache","direct historical quotation evidence, gated at each signal","rule/calendar derivation, distinct from final quote",research assumption,research assumption,"Treat ordinary AAPL OPRA calls as unadjusted standard American 100-share contracts, based on OCC specifications, ordinary identifiers, available descriptions and the corporate-action review. Not vendor-confirmed contract-by-contract historical deliverables.","[""https://www.theocc.com/clearance-and-settlement/clearing/equity-options-product-specifications"",""https://www.optionseducation.org/referencelibrary/faq/splits-mergers-spinoffs-bankruptcies"",""https://investor.apple.com/faq./default.aspx"",""https://infomemo.theocc.com/infomemos?number=47369""]",[],"{""candidate_construction"":{""source"":""https://developers.lseg.com/en/article-catalog/article/functions-to-find-option-rics-traded-on-different-exchanges"",""status"":""RIC probe, not listing evidence""},""corporate_actions"":{""apple_split_history"":""Apple public FAQ lists its last split in August 2020, before this sample."",""limitation"":""No detected conflicting corporate-action evidence; absence is not a vendor guarantee of every historical deliverable."",""provider_error"":null,""provider_events"":[],""provider_query_period"":[""2025-09-30"",""2026-09-30""],""sources"":[""https://investor.apple.com/faq./default.aspx"",""https://infomemo.theocc.com/infomemos?number=47369"",""https://www.theocc.com/clearance-and-settlement/clearing/equity-options-product-specifications"",""https://www.optionseducation.org/referencelibrary/faq/splits-mergers-spinoffs-bankruptcies""],""status"":""research screening, not a complete OCC memo search"",""unresolved_adjustment_event"":false},""current_description"":{""checks"":[],""status"":""not available for expired RIC""},""deliverable"":{""status"":""research assumption, not individually historically verified"",""value"":""100 AAPL shares""},""expiry"":{""status"":""RIC-derived; checked against source description/cache when available""},""historical_membership"":{""first"":""2026-07-30"",""last"":""2026-09-11"",""raw_sha256"":""564a6d44041f56fc7955ee8edd658216ed60cdb24f5a08138bbb1bfa204da71f"",""status"":""actual historical response; gated before each signal""},""identity"":{""day_convention"":""zero-padded DD, instructor correction and retained real paired tests"",""fields"":[""underlying"",""cp"",""strike"",""expiry""],""source"":""https://developers.lseg.com/en/article-catalog/article/functions-to-find-option-rics-traded-on-different-exchanges"",""status"":""derived from official RIC rules""},""multiplier"":{""status"":""research assumption; supporting current lot-size metadata when available"",""value"":100},""scheduled_last_trading_date"":{""source"":""https://www.theocc.com/clearance-and-settlement/clearing/equity-options-product-specifications"",""status"":""rule/calendar-derived, not last observed quote""}}"
AAPLI112633250.U^I26,AAPL.O,C,332.5,2026-09-11,2026-09-11,2026-08-24,2026-09-11,2026-09-11,100,100 AAPL shares,False,research assumption,"official RIC-rule derivation, checked against available description/cache","direct historical quotation evidence, gated at each signal","rule/calendar derivation, distinct from final quote",research assumption,research assumption,"Treat ordinary AAPL OPRA calls as unadjusted standard American 100-share contracts, based on OCC specifications, ordinary identifiers, available descriptions and the corporate-action review. Not vendor-confirmed contract-by-contract historical deliverables.","[""https://www.theocc.com/clearance-and-settlement/clearing/equity-options-product-specifications"",""https://www.optionseducation.org/referencelibrary/faq/splits-mergers-spinoffs-bankruptcies"",""https://investor.apple.com/faq./default.aspx"",""https://infomemo.theocc.com/infomemos?number=47369""]",[],"{""candidate_construction"":{""source"":""https://developers.lseg.com/en/article-catalog/article/functions-to-find-option-rics-traded-on-different-exchanges"",""status"":""RIC probe, not listing evidence""},""corporate_actions"":{""apple_split_history"":""Apple public FAQ lists its last split in August 2020, before this sample."",""limitation"":""No detected conflicting corporate-action evidence; absence is not a vendor guarantee of every historical deliverable."",""provider_error"":null,""provider_events"":[],""provider_query_period"":[""2025-09-30"",""2026-09-30""],""sources"":[""https://investor.apple.com/faq./default.aspx"",""https://infomemo.theocc.com/infomemos?number=47369"",""https://www.theocc.com/clearance-and-settlement/clearing/equity-options-product-specifications"",""https://www.optionseducation.org/referencelibrary/faq/splits-mergers-spinoffs-bankruptcies""],""status"":""research screening, not a complete OCC memo search"",""unresolved_adjustment_event"":false},""current_description"":{""checks"":[],""status"":""not available for expired RIC""},""deliverable"":{""status"":""research assumption, not individually historically verified"",""value"":""100 AAPL shares""},""expiry"":{""status"":""RIC-derived; checked against source description/cache when available""},""historical_membership"":{""first"":""2026-08-24"",""last"":""2026-09-11"",""raw_sha256"":""df8e3753d35fddc3680e2ccff2b6bd8bfe38918c69559cdc3fd69eab0b4a6568"",""status"":""actual historical response; gated before each signal""},""identity"":{""day_convention"":""zero-padded DD, instructor correction and retained real paired tests"",""fields"":[""underlying"",""cp"",""strike"",""expiry""],""source"":""https://developers.lseg.com/en/article-catalog/article/functions-to-find-option-rics-traded-on-different-exchanges"",""status"":""derived from official RIC rules""},""multiplier"":{""status"":""research assumption; supporting current lot-size metadata when available"",""value"":100},""scheduled_last_trading_date"":{""source"":""https://www.theocc.com/clearance-and-settlement/clearing/equity-options-product-specifications"",""status"":""rule/calendar-derived, not last observed quote""}}"
AAPLI112633500.U^I26,AAPL.O,C,335.0,2026-09-11,2026-09-11,2026-07-30,2026-09-11,2026-09-11,100,100 AAPL shares,False,research assumption,"official RIC-rule derivation, checked against available description/cache","direct historical quotation evidence, gated at each signal","rule/calendar derivation, distinct from final quote",research assumption,research assumption,"Treat ordinary AAPL OPRA calls as unadjusted standard American 100-share contracts, based on OCC specifications, ordinary identifiers, available descriptions and the corporate-action review. Not vendor-confirmed contract-by-contract historical deliverables.","[""https://www.theocc.com/clearance-and-settlement/clearing/equity-options-product-specifications"",""https://www.optionseducation.org/referencelibrary/faq/splits-mergers-spinoffs-bankruptcies"",""https://investor.apple.com/faq./default.aspx"",""https://infomemo.theocc.com/infomemos?number=47369""]",[],"{""candidate_construction"":{""source"":""https://developers.lseg.com/en/article-catalog/article/functions-to-find-option-rics-traded-on-different-exchanges"",""status"":""RIC probe, not listing evidence""},""corporate_actions"":{""apple_split_history"":""Apple public FAQ lists its last split in August 2020, before this sample."",""limitation"":""No detected conflicting corporate-action evidence; absence is not a vendor guarantee of every historical deliverable."",""provider_error"":null,""provider_events"":[],""provider_query_period"":[""2025-09-30"",""2026-09-30""],""sources"":[""https://investor.apple.com/faq./default.aspx"",""https://infomemo.theocc.com/infomemos?number=47369"",""https://www.theocc.com/clearance-and-settlement/clearing/equity-options-product-specifications"",""https://www.optionseducation.org/referencelibrary/faq/splits-mergers-spinoffs-bankruptcies""],""status"":""research screening, not a complete OCC memo search"",""unresolved_adjustment_event"":false},""current_description"":{""checks"":[],""status"":""not available for expired RIC""},""deliverable"":{""status"":""research assumption, not individually historically verified"",""value"":""100 AAPL shares""},""expiry"":{""status"":""RIC-derived; checked against source description/cache when available""},""historical_membership"":{""first"":""2026-07-30"",""last"":""2026-09-11"",""raw_sha256"":""920d6e4409810f50e338bc6e57aafa7e5d1033a5f9cd1a1592b9adf5d1a95742"",""status"":""actual historical response; gated before each signal""},""identity"":{""day_convention"":""zero-padded DD, instructor correction and retained real paired tests"",""fields"":[""underlying"",""cp"",""strike"",""expiry""],""source"":""https://developers.lseg.com/en/article-catalog/article/functions-to-find-option-rics-traded-on-different-exchanges"",""status"":""derived from official RIC rules""},""multiplier"":{""status"":""research assumption; supporting current lot-size metadata when available"",""value"":100},""scheduled_last_trading_date"":{""source"":""https://www.theocc.com/clearance-and-settlement/clearing/equity-options-product-specifications"",""status"":""rule/calendar-derived, not last observed quote""}}"
AAPLI112633750.U^I26,AAPL.O,C,337.5,2026-09-11,2026-09-11,2026-08-27,2026-09-11,2026-09-11,100,100 AAPL shares,False,research assumption,"official RIC-rule derivation, checked against available description/cache","direct historical quotation evidence, gated at each signal","rule/calendar derivation, distinct from final quote",research assumption,research assumption,"Treat ordinary AAPL OPRA calls as unadjusted standard American 100-share contracts, based on OCC specifications, ordinary identifiers, available descriptions and the corporate-action review. Not vendor-confirmed contract-by-contract historical deliverables.","[""https://www.theocc.com/clearance-and-settlement/clearing/equity-options-product-specifications"",""https://www.optionseducation.org/referencelibrary/faq/splits-mergers-spinoffs-bankruptcies"",""https://investor.apple.com/faq./default.aspx"",""https://infomemo.theocc.com/infomemos?number=47369""]",[],"{""candidate_construction"":{""source"":""https://developers.lseg.com/en/article-catalog/article/functions-to-find-option-rics-traded-on-different-exchanges"",""status"":""RIC probe, not listing evidence""},""corporate_actions"":{""apple_split_history"":""Apple public FAQ lists its last split in August 2020, before this sample."",""limitation"":""No detected conflicting corporate-action evidence; absence is not a vendor guarantee of every historical deliverable."",""provider_error"":null,""provider_events"":[],""provider_query_period"":[""2025-09-30"",""2026-09-30""],""sources"":[""https://investor.apple.com/faq./default.aspx"",""https://infomemo.theocc.com/infomemos?number=47369"",""https://www.theocc.com/clearance-and-settlement/clearing/equity-options-product-specifications"",""https://www.optionseducation.org/referencelibrary/faq/splits-mergers-spinoffs-bankruptcies""],""status"":""research screening, not a complete OCC memo search"",""unresolved_adjustment_event"":false},""current_description"":{""checks"":[],""status"":""not available for expired RIC""},""deliverable"":{""status"":""research assumption, not individually historically verified"",""value"":""100 AAPL shares""},""expiry"":{""status"":""RIC-derived; checked against source description/cache when available""},""historical_membership"":{""first"":""2026-08-27"",""last"":""2026-09-11"",""raw_sha256"":""d6450c8a58a108f9d9ee9fe6d3982de4201f98e2f2c9ae7cde244169c0654140"",""status"":""actual historical response; gated before each signal""},""identity"":{""day_convention"":""zero-padded DD, instructor correction and retained real paired tests"",""fields"":[""underlying"",""cp"",""strike"",""expiry""],""source"":""https://developers.lseg.com/en/article-catalog/article/functions-to-find-option-rics-traded-on-different-exchanges"",""status"":""derived from official RIC rules""},""multiplier"":{""status"":""research assumption; supporting current lot-size metadata when available"",""value"":100},""scheduled_last_trading_date"":{""source"":""https://www.theocc.com/clearance-and-settlement/clearing/equity-options-product-specifications"",""status"":""rule/calendar-derived, not last observed quote""}}"
AAPLI112634000.U^I26,AAPL.O,C,340.0,2026-09-11,2026-09-11,2026-07-30,2026-09-11,2026-09-11,100,100 AAPL shares,False,research assumption,"official RIC-rule derivation, checked against available description/cache","direct historical quotation evidence, gated at each signal","rule/calendar derivation, distinct from final quote",research assumption,research assumption,"Treat ordinary AAPL OPRA calls as unadjusted standard American 100-share contracts, based on OCC specifications, ordinary identifiers, available descriptions and the corporate-action review. Not vendor-confirmed contract-by-contract historical deliverables.","[""https://www.theocc.com/clearance-and-settlement/clearing/equity-options-product-specifications"",""https://www.optionseducation.org/referencelibrary/faq/splits-mergers-spinoffs-bankruptcies"",""https://investor.apple.com/faq./default.aspx"",""https://infomemo.theocc.com/infomemos?number=47369""]",[],"{""candidate_construction"":{""source"":""https://developers.lseg.com/en/article-catalog/article/functions-to-find-option-rics-traded-on-different-exchanges"",""status"":""RIC probe, not listing evidence""},""corporate_actions"":{""apple_split_history"":""Apple public FAQ lists its last split in August 2020, before this sample."",""limitation"":""No detected conflicting corporate-action evidence; absence is not a vendor guarantee of every historical deliverable."",""provider_error"":null,""provider_events"":[],""provider_query_period"":[""2025-09-30"",""2026-09-30""],""sources"":[""https://investor.apple.com/faq./default.aspx"",""https://infomemo.theocc.com/infomemos?number=47369"",""https://www.theocc.com/clearance-and-settlement/clearing/equity-options-product-specifications"",""https://www.optionseducation.org/referencelibrary/faq/splits-mergers-spinoffs-bankruptcies""],""status"":""research screening, not a complete OCC memo search"",""unresolved_adjustment_event"":false},""current_description"":{""checks"":[],""status"":""not available for expired RIC""},""deliverable"":{""status"":""research assumption, not individually historically verified"",""value"":""100 AAPL shares""},""expiry"":{""status"":""RIC-derived; checked against source description/cache when available""},""historical_membership"":{""first"":""2026-07-30"",""last"":""2026-09-11"",""raw_sha256"":""c745a0031ea1c0b45b2c8ca6dccd3d1a0a7dcbf4a52cd3ca7ce41de325724139"",""status"":""actual historical response; gated before each signal""},""identity"":{""day_convention"":""zero-padded DD, instructor correction and retained real paired tests"",""fields"":[""underlying"",""cp"",""strike"",""expiry""],""source"":""https://developers.lseg.com/en/article-catalog/article/functions-to-find-option-rics-traded-on-different-exchanges"",""status"":""derived from official RIC rules""},""multiplier"":{""status"":""research assumption; supporting current lot-size metadata when available"",""value"":100},""scheduled_last_trading_date"":{""source"":""https://www.theocc.com/clearance-and-settlement/clearing/equity-options-product-specifications"",""status"":""rule/calendar-derived, not last observed quote""}}"
AAPLI112634250.U^I26,AAPL.O,C,342.5,2026-09-11,2026-09-11,2026-08-28,2026-09-11,2026-09-11,100,100 AAPL shares,False,research assumption,"official RIC-rule derivation, checked against available description/cache","direct historical quotation evidence, gated at each signal","rule/calendar derivation, distinct from final quote",research assumption,research assumption,"Treat ordinary AAPL OPRA calls as unadjusted standard American 100-share contracts, based on OCC specifications, ordinary identifiers, available descriptions and the corporate-action review. Not vendor-confirmed contract-by-contract historical deliverables.","[""https://www.theocc.com/clearance-and-settlement/clearing/equity-options-product-specifications"",""https://www.optionseducation.org/referencelibrary/faq/splits-mergers-spinoffs-bankruptcies"",""https://investor.apple.com/faq./default.aspx"",""https://infomemo.theocc.com/infomemos?number=47369""]",[],"{""candidate_construction"":{""source"":""https://developers.lseg.com/en/article-catalog/article/functions-to-find-option-rics-traded-on-different-exchanges"",""status"":""RIC probe, not listing evidence""},""corporate_actions"":{""apple_split_history"":""Apple public FAQ lists its last split in August 2020, before this sample."",""limitation"":""No detected conflicting corporate-action evidence; absence is not a vendor guarantee of every historical deliverable."",""provider_error"":null,""provider_events"":[],""provider_query_period"":[""2025-09-30"",""2026-09-30""],""sources"":[""https://investor.apple.com/faq./default.aspx"",""https://infomemo.theocc.com/infomemos?number=47369"",""https://www.theocc.com/clearance-and-settlement/clearing/equity-options-product-specifications"",""https://www.optionseducation.org/referencelibrary/faq/splits-mergers-spinoffs-bankruptcies""],""status"":""research screening, not a complete OCC memo search"",""unresolved_adjustment_event"":false},""current_description"":{""checks"":[],""status"":""not available for expired RIC""},""deliverable"":{""status"":""research assumption, not individually historically verified"",""value"":""100 AAPL shares""},""expiry"":{""status"":""RIC-derived; checked against source description/cache when available""},""historical_membership"":{""first"":""2026-08-28"",""last"":""2026-09-11"",""raw_sha256"":""ad3e5ffad08375c82460a4253a5889c72ae7a79f9ecceb05eef027c74c5f0bb6"",""status"":""actual historical response; gated before each signal""},""identity"":{""day_convention"":""zero-padded DD, instructor correction and retained real paired tests"",""fields"":[""underlying"",""cp"",""strike"",""expiry""],""source"":""https://developers.lseg.com/en/article-catalog/article/functions-to-find-option-rics-traded-on-different-exchanges"",""status"":""derived from official RIC rules""},""multiplier"":{""status"":""research assumption; supporting current lot-size metadata when available"",""value"":100},""scheduled_last_trading_date"":{""source"":""https://www.theocc.com/clearance-and-settlement/clearing/equity-options-product-specifications"",""status"":""rule/calendar-derived, not last observed quote""}}"
AAPLI112634500.U^I26,AAPL.O,C,345.0,2026-09-11,2026-09-11,2026-07-30,2026-09-11,2026-09-11,100,100 AAPL shares,False,research assumption,"official RIC-rule derivation, checked against available description/cache","direct historical quotation evidence, gated at each signal","rule/calendar derivation, distinct from final quote",research assumption,research assumption,"Treat ordinary AAPL OPRA calls as unadjusted standard American 100-share contracts, based on OCC specifications, ordinary identifiers, available descriptions and the corporate-action review. Not vendor-confirmed contract-by-contract historical deliverables.","[""https://www.theocc.com/clearance-and-settlement/clearing/equity-options-product-specifications"",""https://www.optionseducation.org/referencelibrary/faq/splits-mergers-spinoffs-bankruptcies"",""https://investor.apple.com/faq./default.aspx"",""https://infomemo.theocc.com/infomemos?number=47369""]",[],"{""candidate_construction"":{""source"":""https://developers.lseg.com/en/article-catalog/article/functions-to-find-option-rics-traded-on-different-exchanges"",""status"":""RIC probe, not listing evidence""},""corporate_actions"":{""apple_split_history"":""Apple public FAQ lists its last split in August 2020, before this sample."",""limitation"":""No detected conflicting corporate-action evidence; absence is not a vendor guarantee of every historical deliverable."",""provider_error"":null,""provider_events"":[],""provider_query_period"":[""2025-09-30"",""2026-09-30""],""sources"":[""https://investor.apple.com/faq./default.aspx"",""https://infomemo.theocc.com/infomemos?number=47369"",""https://www.theocc.com/clearance-and-settlement/clearing/equity-options-product-specifications"",""https://www.optionseducation.org/referencelibrary/faq/splits-mergers-spinoffs-bankruptcies""],""status"":""research screening, not a complete OCC memo search"",""unresolved_adjustment_event"":false},""current_description"":{""checks"":[],""status"":""not available for expired RIC""},""deliverable"":{""status"":""research assumption, not individually historically verified"",""value"":""100 AAPL shares""},""expiry"":{""status"":""RIC-derived; checked against source description/cache when available""},""historical_membership"":{""first"":""2026-07-30"",""last"":""2026-09-11"",""raw_sha256"":""340015cab4ee1c99790fd839dc84c2f4a3cd0eeb8e3aac2b572963d567be97e6"",""status"":""actual historical response; gated before each signal""},""identity"":{""day_convention"":""zero-padded DD, instructor correction and retained real paired tests"",""fields"":[""underlying"",""cp"",""strike"",""expiry""],""source"":""https://developers.lseg.com/en/article-catalog/article/functions-to-find-option-rics-traded-on-different-exchanges"",""status"":""derived from official RIC rules""},""multiplier"":{""status"":""research assumption; supporting current lot-size metadata when available"",""value"":100},""scheduled_last_trading_date"":{""source"":""https://www.theocc.com/clearance-and-settlement/clearing/equity-options-product-specifications"",""status"":""rule/calendar-derived, not last observed quote""}}"
AAPLI112635000.U^I26,AAPL.O,C,350.0,2026-09-11,2026-09-11,2026-07-30,2026-09-11,2026-09-11,100,100 AAPL shares,False,research assumption,"official RIC-rule derivation, checked against available description/cache","direct historical quotation evidence, gated at each signal","rule/calendar derivation, distinct from final quote",research assumption,research assumption,"Treat ordinary AAPL OPRA calls as unadjusted standard American 100-share contracts, based on OCC specifications, ordinary identifiers, available descriptions and the corporate-action review. Not vendor-confirmed contract-by-contract historical deliverables.","[""https://www.theocc.com/clearance-and-settlement/clearing/equity-options-product-specifications"",""https://www.optionseducation.org/referencelibrary/faq/splits-mergers-spinoffs-bankruptcies"",""https://investor.apple.com/faq./default.aspx"",""https://infomemo.theocc.com/infomemos?number=47369""]",[],"{""candidate_construction"":{""source"":""https://developers.lseg.com/en/article-catalog/article/functions-to-find-option-rics-traded-on-different-exchanges"",""status"":""RIC probe, not listing evidence""},""corporate_actions"":{""apple_split_history"":""Apple public FAQ lists its last split in August 2020, before this sample."",""limitation"":""No detected conflicting corporate-action evidence; absence is not a vendor guarantee of every historical deliverable."",""provider_error"":null,""provider_events"":[],""provider_query_period"":[""2025-09-30"",""2026-09-30""],""sources"":[""https://investor.apple.com/faq./default.aspx"",""https://infomemo.theocc.com/infomemos?number=47369"",""https://www.theocc.com/clearance-and-settlement/clearing/equity-options-product-specifications"",""https://www.optionseducation.org/referencelibrary/faq/splits-mergers-spinoffs-bankruptcies""],""status"":""research screening, not a complete OCC memo search"",""unresolved_adjustment_event"":false},""current_description"":{""checks"":[],""status"":""not available for expired RIC""},""deliverable"":{""status"":""research assumption, not individually historically verified"",""value"":""100 AAPL shares""},""expiry"":{""status"":""RIC-derived; checked against source description/cache when available""},""historical_membership"":{""first"":""2026-07-30"",""last"":""2026-09-11"",""raw_sha256"":""b2fff4a6be926a1abf42f092e76cf3f348cfd15853944c8d3f0909b979aa5d16"",""status"":""actual historical response; gated before each signal""},""identity"":{""day_convention"":""zero-padded DD, instructor correction and retained real paired tests"",""fields"":[""underlying"",""cp"",""strike"",""expiry""],""source"":""https://developers.lseg.com/en/article-catalog/article/functions-to-find-option-rics-traded-on-different-exchanges"",""status"":""derived from official RIC rules""},""multiplier"":{""status"":""research assumption; supporting current lot-size metadata when available"",""value"":100},""scheduled_last_trading_date"":{""source"":""https://www.theocc.com/clearance-and-settlement/clearing/equity-options-product-specifications"",""status"":""rule/calendar-derived, not last observed quote""}}"
AAPLI112635500.U^I26,AAPL.O,C,355.0,2026-09-11,2026-09-11,2026-07-30,2026-09-11,2026-09-11,100,100 AAPL shares,False,research assumption,"official RIC-rule derivation, checked against available description/cache","direct historical quotation evidence, gated at each signal","rule/calendar derivation, distinct from final quote",research assumption,research assumption,"Treat ordinary AAPL OPRA calls as unadjusted standard American 100-share contracts, based on OCC specifications, ordinary identifiers, available descriptions and the corporate-action review. Not vendor-confirmed contract-by-contract historical deliverables.","[""https://www.theocc.com/clearance-and-settlement/clearing/equity-options-product-specifications"",""https://www.optionseducation.org/referencelibrary/faq/splits-mergers-spinoffs-bankruptcies"",""https://investor.apple.com/faq./default.aspx"",""https://infomemo.theocc.com/infomemos?number=47369""]",[],"{""candidate_construction"":{""source"":""https://developers.lseg.com/en/article-catalog/article/functions-to-find-option-rics-traded-on-different-exchanges"",""status"":""RIC probe, not listing evidence""},""corporate_actions"":{""apple_split_history"":""Apple public FAQ lists its last split in August 2020, before this sample."",""limitation"":""No detected conflicting corporate-action evidence; absence is not a vendor guarantee of every historical deliverable."",""provider_error"":null,""provider_events"":[],""provider_query_period"":[""2025-09-30"",""2026-09-30""],""sources"":[""https://investor.apple.com/faq./default.aspx"",""https://infomemo.theocc.com/infomemos?number=47369"",""https://www.theocc.com/clearance-and-settlement/clearing/equity-options-product-specifications"",""https://www.optionseducation.org/referencelibrary/faq/splits-mergers-spinoffs-bankruptcies""],""status"":""research screening, not a complete OCC memo search"",""unresolved_adjustment_event"":false},""current_description"":{""checks"":[],""status"":""not available for expired RIC""},""deliverable"":{""status"":""research assumption, not individually historically verified"",""value"":""100 AAPL shares""},""expiry"":{""status"":""RIC-derived; checked against source description/cache when available""},""historical_membership"":{""first"":""2026-07-30"",""last"":""2026-09-11"",""raw_sha256"":""395e0ed6c19d0ec7bb0c895e3beaef8cabe2cf0f229362bcd78712ff08109df3"",""status"":""actual historical response; gated before each signal""},""identity"":{""day_convention"":""zero-padded DD, instructor correction and retained real paired tests"",""fields"":[""underlying"",""cp"",""strike"",""expiry""],""source"":""https://developers.lseg.com/en/article-catalog/article/functions-to-find-option-rics-traded-on-different-exchanges"",""status"":""derived from official RIC rules""},""multiplier"":{""status"":""research assumption; supporting current lot-size metadata when available"",""value"":100},""scheduled_last_trading_date"":{""source"":""https://www.theocc.com/clearance-and-settlement/clearing/equity-options-product-specifications"",""status"":""rule/calendar-derived, not last observed quote""}}"
AAPLI112636000.U^I26,AAPL.O,C,360.0,2026-09-11,2026-09-11,2026-07-30,2026-09-11,2026-09-11,100,100 AAPL shares,False,research assumption,"official RIC-rule derivation, checked against available description/cache","direct historical quotation evidence, gated at each signal","rule/calendar derivation, distinct from final quote",research assumption,research assumption,"Treat ordinary AAPL OPRA calls as unadjusted standard American 100-share contracts, based on OCC specifications, ordinary identifiers, available descriptions and the corporate-action review. Not vendor-confirmed contract-by-contract historical deliverables.","[""https://www.theocc.com/clearance-and-settlement/clearing/equity-options-product-specifications"",""https://www.optionseducation.org/referencelibrary/faq/splits-mergers-spinoffs-bankruptcies"",""https://investor.apple.com/faq./default.aspx"",""https://infomemo.theocc.com/infomemos?number=47369""]",[],"{""candidate_construction"":{""source"":""https://developers.lseg.com/en/article-catalog/article/functions-to-find-option-rics-traded-on-different-exchanges"",""status"":""RIC probe, not listing evidence""},""corporate_actions"":{""apple_split_history"":""Apple public FAQ lists its last split in August 2020, before this sample."",""limitation"":""No detected conflicting corporate-action evidence; absence is not a vendor guarantee of every historical deliverable."",""provider_error"":null,""provider_events"":[],""provider_query_period"":[""2025-09-30"",""2026-09-30""],""sources"":[""https://investor.apple.com/faq./default.aspx"",""https://infomemo.theocc.com/infomemos?number=47369"",""https://www.theocc.com/clearance-and-settlement/clearing/equity-options-product-specifications"",""https://www.optionseducation.org/referencelibrary/faq/splits-mergers-spinoffs-bankruptcies""],""status"":""research screening, not a complete OCC memo search"",""unresolved_adjustment_event"":false},""current_description"":{""checks"":[],""status"":""not available for expired RIC""},""deliverable"":{""status"":""research assumption, not individually historically verified"",""value"":""100 AAPL shares""},""expiry"":{""status"":""RIC-derived; checked against source description/cache when available""},""historical_membership"":{""first"":""2026-07-30"",""last"":""2026-09-11"",""raw_sha256"":""7eef671cbbca5c556e521c923311ac5dca03178fd5e0ae8fe2d7c52bb9be2494"",""status"":""actual historical response; gated before each signal""},""identity"":{""day_convention"":""zero-padded DD, instructor correction and retained real paired tests"",""fields"":[""underlying"",""cp"",""strike"",""expiry""],""source"":""https://developers.lseg.com/en/article-catalog/article/functions-to-find-option-rics-traded-on-different-exchanges"",""status"":""derived from official RIC rules""},""multiplier"":{""status"":""research assumption; supporting current lot-size metadata when available"",""value"":100},""scheduled_last_trading_date"":{""source"":""https://www.theocc.com/clearance-and-settlement/clearing/equity-options-product-specifications"",""status"":""rule/calendar-derived, not last observed quote""}}"
AAPLI112636500.U^I26,AAPL.O,C,365.0,2026-09-11,2026-09-11,2026-07-30,2026-09-11,2026-09-11,100,100 AAPL shares,False,research assumption,"official RIC-rule derivation, checked against available description/cache","direct historical quotation evidence, gated at each signal","rule/calendar derivation, distinct from final quote",research assumption,research assumption,"Treat ordinary AAPL OPRA calls as unadjusted standard American 100-share contracts, based on OCC specifications, ordinary identifiers, available descriptions and the corporate-action review. Not vendor-confirmed contract-by-contract historical deliverables.","[""https://www.theocc.com/clearance-and-settlement/clearing/equity-options-product-specifications"",""https://www.optionseducation.org/referencelibrary/faq/splits-mergers-spinoffs-bankruptcies"",""https://investor.apple.com/faq./default.aspx"",""https://infomemo.theocc.com/infomemos?number=47369""]",[],"{""candidate_construction"":{""source"":""https://developers.lseg.com/en/article-catalog/article/functions-to-find-option-rics-traded-on-different-exchanges"",""status"":""RIC probe, not listing evidence""},""corporate_actions"":{""apple_split_history"":""Apple public FAQ lists its last split in August 2020, before this sample."",""limitation"":""No detected conflicting corporate-action evidence; absence is not a vendor guarantee of every historical deliverable."",""provider_error"":null,""provider_events"":[],""provider_query_period"":[""2025-09-30"",""2026-09-30""],""sources"":[""https://investor.apple.com/faq./default.aspx"",""https://infomemo.theocc.com/infomemos?number=47369"",""https://www.theocc.com/clearance-and-settlement/clearing/equity-options-product-specifications"",""https://www.optionseducation.org/referencelibrary/faq/splits-mergers-spinoffs-bankruptcies""],""status"":""research screening, not a complete OCC memo search"",""unresolved_adjustment_event"":false},""current_description"":{""checks"":[],""status"":""not available for expired RIC""},""deliverable"":{""status"":""research assumption, not individually historically verified"",""value"":""100 AAPL shares""},""expiry"":{""status"":""RIC-derived; checked against source description/cache when available""},""historical_membership"":{""first"":""2026-07-30"",""last"":""2026-09-11"",""raw_sha256"":""f7e3aa6573a786f7d40b168fc22886f250f59a94b869c718c6394243aef25c6e"",""status"":""actual historical response; gated before each signal""},""identity"":{""day_convention"":""zero-padded DD, instructor correction and retained real paired tests"",""fields"":[""underlying"",""cp"",""strike"",""expiry""],""source"":""https://developers.lseg.com/en/article-catalog/article/functions-to-find-option-rics-traded-on-different-exchanges"",""status"":""derived from official RIC rules""},""multiplier"":{""status"":""research assumption; supporting current lot-size metadata when available"",""value"":100},""scheduled_last_trading_date"":{""source"":""https://www.theocc.com/clearance-and-settlement/clearing/equity-options-product-specifications"",""status"":""rule/calendar-derived, not last observed quote""}}"
AAPLI112637000.U^I26,AAPL.O,C,370.0,2026-09-11,2026-09-11,2026-07-30,2026-09-11,2026-09-11,100,100 AAPL shares,False,research assumption,"official RIC-rule derivation, checked against available description/cache","direct historical quotation evidence, gated at each signal","rule/calendar derivation, distinct from final quote",research assumption,research assumption,"Treat ordinary AAPL OPRA calls as unadjusted standard American 100-share contracts, based on OCC specifications, ordinary identifiers, available descriptions and the corporate-action review. Not vendor-confirmed contract-by-contract historical deliverables.","[""https://www.theocc.com/clearance-and-settlement/clearing/equity-options-product-specifications"",""https://www.optionseducation.org/referencelibrary/faq/splits-mergers-spinoffs-bankruptcies"",""https://investor.apple.com/faq./default.aspx"",""https://infomemo.theocc.com/infomemos?number=47369""]",[],"{""candidate_construction"":{""source"":""https://developers.lseg.com/en/article-catalog/article/functions-to-find-option-rics-traded-on-different-exchanges"",""status"":""RIC probe, not listing evidence""},""corporate_actions"":{""apple_split_history"":""Apple public FAQ lists its last split in August 2020, before this sample."",""limitation"":""No detected conflicting corporate-action evidence; absence is not a vendor guarantee of every historical deliverable."",""provider_error"":null,""provider_events"":[],""provider_query_period"":[""2025-09-30"",""2026-09-30""],""sources"":[""https://investor.apple.com/faq./default.aspx"",""https://infomemo.theocc.com/infomemos?number=47369"",""https://www.theocc.com/clearance-and-settlement/clearing/equity-options-product-specifications"",""https://www.optionseducation.org/referencelibrary/faq/splits-mergers-spinoffs-bankruptcies""],""status"":""research screening, not a complete OCC memo search"",""unresolved_adjustment_event"":false},""current_description"":{""checks"":[],""status"":""not available for expired RIC""},""deliverable"":{""status"":""research assumption, not individually historically verified"",""value"":""100 AAPL shares""},""expiry"":{""status"":""RIC-derived; checked against source description/cache when available""},""historical_membership"":{""first"":""2026-07-30"",""last"":""2026-09-11"",""raw_sha256"":""44563d370ad660f65a976658a349890a5ae53242132b6f4d6396af82a314f797"",""status"":""actual historical response; gated before each signal""},""identity"":{""day_convention"":""zero-padded DD, instructor correction and retained real paired tests"",""fields"":[""underlying"",""cp"",""strike"",""expiry""],""source"":""https://developers.lseg.com/en/article-catalog/article/functions-to-find-option-rics-traded-on-different-exchanges"",""status"":""derived from official RIC rules""},""multiplier"":{""status"":""research assumption; supporting current lot-size metadata when available"",""value"":100},""scheduled_last_trading_date"":{""source"":""https://www.theocc.com/clearance-and-settlement/clearing/equity-options-product-specifications"",""status"":""rule/calendar-derived, not last observed quote""}}"
AAPLI112637500.U^I26,AAPL.O,C,375.0,2026-09-11,2026-09-11,2026-07-30,2026-09-11,2026-09-11,100,100 AAPL shares,False,research assumption,"official RIC-rule derivation, checked against available description/cache","direct historical quotation evidence, gated at each signal","rule/calendar derivation, distinct from final quote",research assumption,research assumption,"Treat ordinary AAPL OPRA calls as unadjusted standard American 100-share contracts, based on OCC specifications, ordinary identifiers, available descriptions and the corporate-action review. Not vendor-confirmed contract-by-contract historical deliverables.","[""https://www.theocc.com/clearance-and-settlement/clearing/equity-options-product-specifications"",""https://www.optionseducation.org/referencelibrary/faq/splits-mergers-spinoffs-bankruptcies"",""https://investor.apple.com/faq./default.aspx"",""https://infomemo.theocc.com/infomemos?number=47369""]",[],"{""candidate_construction"":{""source"":""https://developers.lseg.com/en/article-catalog/article/functions-to-find-option-rics-traded-on-different-exchanges"",""status"":""RIC probe, not listing evidence""},""corporate_actions"":{""apple_split_history"":""Apple public FAQ lists its last split in August 2020, before this sample."",""limitation"":""No detected conflicting corporate-action evidence; absence is not a vendor guarantee of every historical deliverable."",""provider_error"":null,""provider_events"":[],""provider_query_period"":[""2025-09-30"",""2026-09-30""],""sources"":[""https://investor.apple.com/faq./default.aspx"",""https://infomemo.theocc.com/infomemos?number=47369"",""https://www.theocc.com/clearance-and-settlement/clearing/equity-options-product-specifications"",""https://www.optionseducation.org/referencelibrary/faq/splits-mergers-spinoffs-bankruptcies""],""status"":""research screening, not a complete OCC memo search"",""unresolved_adjustment_event"":false},""current_description"":{""checks"":[],""status"":""not available for expired RIC""},""deliverable"":{""status"":""research assumption, not individually historically verified"",""value"":""100 AAPL shares""},""expiry"":{""status"":""RIC-derived; checked against source description/cache when available""},""historical_membership"":{""first"":""2026-07-30"",""last"":""2026-09-11"",""raw_sha256"":""2bfb1cfff5a24aa085ff03335f5155c3874605c26d3a5d43142fc782033d8978"",""status"":""actual historical response; gated before each signal""},""identity"":{""day_convention"":""zero-padded DD, instructor correction and retained real paired tests"",""fields"":[""underlying"",""cp"",""strike"",""expiry""],""source"":""https://developers.lseg.com/en/article-catalog/article/functions-to-find-option-rics-traded-on-different-exchanges"",""status"":""derived from official RIC rules""},""multiplier"":{""status"":""research assumption; supporting current lot-size metadata when available"",""value"":100},""scheduled_last_trading_date"":{""source"":""https://www.theocc.com/clearance-and-settlement/clearing/equity-options-product-specifications"",""status"":""rule/calendar-derived, not last observed quote""}}"
AAPLI112638000.U^I26,AAPL.O,C,380.0,2026-09-11,2026-09-11,2026-07-30,2026-09-11,2026-09-11,100,100 AAPL shares,False,research assumption,"official RIC-rule derivation, checked against available description/cache","direct historical quotation evidence, gated at each signal","rule/calendar derivation, distinct from final quote",research assumption,research assumption,"Treat ordinary AAPL OPRA calls as unadjusted standard American 100-share contracts, based on OCC specifications, ordinary identifiers, available descriptions and the corporate-action review. Not vendor-confirmed contract-by-contract historical deliverables.","[""https://www.theocc.com/clearance-and-settlement/clearing/equity-options-product-specifications"",""https://www.optionseducation.org/referencelibrary/faq/splits-mergers-spinoffs-bankruptcies"",""https://investor.apple.com/faq./default.aspx"",""https://infomemo.theocc.com/infomemos?number=47369""]",[],"{""candidate_construction"":{""source"":""https://developers.lseg.com/en/article-catalog/article/functions-to-find-option-rics-traded-on-different-exchanges"",""status"":""RIC probe, not listing evidence""},""corporate_actions"":{""apple_split_history"":""Apple public FAQ lists its last split in August 2020, before this sample."",""limitation"":""No detected conflicting corporate-action evidence; absence is not a vendor guarantee of every historical deliverable."",""provider_error"":null,""provider_events"":[],""provider_query_period"":[""2025-09-30"",""2026-09-30""],""sources"":[""https://investor.apple.com/faq./default.aspx"",""https://infomemo.theocc.com/infomemos?number=47369"",""https://www.theocc.com/clearance-and-settlement/clearing/equity-options-product-specifications"",""https://www.optionseducation.org/referencelibrary/faq/splits-mergers-spinoffs-bankruptcies""],""status"":""research screening, not a complete OCC memo search"",""unresolved_adjustment_event"":false},""current_description"":{""checks"":[],""status"":""not available for expired RIC""},""deliverable"":{""status"":""research assumption, not individually historically verified"",""value"":""100 AAPL shares""},""expiry"":{""status"":""RIC-derived; checked against source description/cache when available""},""historical_membership"":{""first"":""2026-07-30"",""last"":""2026-09-11"",""raw_sha256"":""ae7247d07be445cf56b23a919935bd0d09847c55c013afa875c03dc0eedc8159"",""status"":""actual historical response; gated before each signal""},""identity"":{""day_convention"":""zero-padded DD, instructor correction and retained real paired tests"",""fields"":[""underlying"",""cp"",""strike"",""expiry""],""source"":""https://developers.lseg.com/en/article-catalog/article/functions-to-find-option-rics-traded-on-different-exchanges"",""status"":""derived from official RIC rules""},""multiplier"":{""status"":""research assumption; supporting current lot-size metadata when available"",""value"":100},""scheduled_last_trading_date"":{""source"":""https://www.theocc.com/clearance-and-settlement/clearing/equity-options-product-specifications"",""status"":""rule/calendar-derived, not last observed quote""}}"
AAPLI172710000.U,AAPL.O,C,100.0,2027-09-17,2027-09-17,2026-06-29,2026-09-30,2027-09-17,100,100 AAPL shares,False,research assumption,"official RIC-rule derivation, checked against available description/cache","direct historical quotation evidence, gated at each signal","rule/calendar derivation, distinct from final quote",research assumption,research assumption,"Treat ordinary AAPL OPRA calls as unadjusted standard American 100-share contracts, based on OCC specifications, ordinary identifiers, available descriptions and the corporate-action review. Not vendor-confirmed contract-by-contract historical deliverables.","[""https://www.theocc.com/clearance-and-settlement/clearing/equity-options-product-specifications"",""https://www.optionseducation.org/referencelibrary/faq/splits-mergers-spinoffs-bankruptcies"",""https://investor.apple.com/faq./default.aspx"",""https://infomemo.theocc.com/infomemos?number=47369""]",[],"{""corporate_actions"":{""apple_split_history"":""Apple public FAQ lists its last split in August 2020, before this sample."",""limitation"":""No detected conflicting corporate-action evidence; absence is not a vendor guarantee of every historical deliverable."",""provider_error"":null,""provider_events"":[],""provider_query_period"":[""2025-09-30"",""2026-09-30""],""sources"":[""https://investor.apple.com/faq./default.aspx"",""https://infomemo.theocc.com/infomemos?number=47369"",""https://www.theocc.com/clearance-and-settlement/clearing/equity-options-product-specifications"",""https://www.optionseducation.org/referencelibrary/faq/splits-mergers-spinoffs-bankruptcies""],""status"":""research screening, not a complete OCC memo search"",""unresolved_adjustment_event"":false},""current_description"":{""status"":""directly retrieved current metadata; not historical listing evidence""},""deliverable"":{""status"":""research assumption, not individually historically verified"",""value"":""100 AAPL shares""},""expiry"":{""status"":""RIC-derived; checked against source description/cache when available""},""historical_membership"":{""first"":""2026-06-29"",""last"":""2026-09-30"",""raw_sha256"":""dc7ac01d1c5952efd9bcfca6e8291f46f930b7430744e049561b1a1d194d3c31"",""status"":""actual historical observations; per-signal availability gating""},""identity"":{""day_convention"":""zero-padded DD, instructor correction and retained real paired tests"",""fields"":[""underlying"",""cp"",""strike"",""expiry""],""source"":""https://developers.lseg.com/en/article-catalog/article/functions-to-find-option-rics-traded-on-different-exchanges"",""status"":""derived from official RIC rules""},""multiplier"":{""status"":""research assumption; supporting current lot-size metadata when available"",""value"":100},""scheduled_last_trading_date"":{""source"":""https://www.theocc.com/clearance-and-settlement/clearing/equity-options-product-specifications"",""status"":""rule/calendar-derived, not last observed quote""}}"
AAPLI172710500.U,AAPL.O,C,105.0,2027-09-17,2027-09-17,2026-06-29,2026-09-30,2027-09-17,100,100 AAPL shares,False,research assumption,"official RIC-rule derivation, checked against available description/cache","direct historical quotation evidence, gated at each signal","rule/calendar derivation, distinct from final quote",research assumption,research assumption,"Treat ordinary AAPL OPRA calls as unadjusted standard American 100-share contracts, based on OCC specifications, ordinary identifiers, available descriptions and the corporate-action review. Not vendor-confirmed contract-by-contract historical deliverables.","[""https://www.theocc.com/clearance-and-settlement/clearing/equity-options-product-specifications"",""https://www.optionseducation.org/referencelibrary/faq/splits-mergers-spinoffs-bankruptcies"",""https://investor.apple.com/faq./default.aspx"",""https://infomemo.theocc.com/infomemos?number=47369""]",[],"{""corporate_actions"":{""apple_split_history"":""Apple public FAQ lists its last split in August 2020, before this sample."",""limitation"":""No detected conflicting corporate-action evidence; absence is not a vendor guarantee of every historical deliverable."",""provider_error"":null,""provider_events"":[],""provider_query_period"":[""2025-09-30"",""2026-09-30""],""sources"":[""https://investor.apple.com/faq./default.aspx"",""https://infomemo.theocc.com/infomemos?number=47369"",""https://www.theocc.com/clearance-and-settlement/clearing/equity-options-product-specifications"",""https://www.optionseducation.org/referencelibrary/faq/splits-mergers-spinoffs-bankruptcies""],""status"":""research screening, not a complete OCC memo search"",""unresolved_adjustment_event"":false},""current_description"":{""status"":""directly retrieved current metadata; not historical listing evidence""},""deliverable"":{""status"":""research assumption, not individually historically verified"",""value"":""100 AAPL shares""},""expiry"":{""status"":""RIC-derived; checked against source description/cache when available""},""historical_membership"":{""first"":""2026-06-29"",""last"":""2026-09-30"",""raw_sha256"":""28626878b602b7223c1f2cb94f5d86200d8c2c49d67d08dbca91fa3cbb9f4312"",""status"":""actual historical observations; per-signal availability gating""},""identity"":{""day_convention"":""zero-padded DD, instructor correction and retained real paired tests"",""fields"":[""underlying"",""cp"",""strike"",""expiry""],""source"":""https://developers.lseg.com/en/article-catalog/article/functions-to-find-option-rics-traded-on-different-exchanges"",""status"":""derived from official RIC rules""},""multiplier"":{""status"":""research assumption; supporting current lot-size metadata when available"",""value"":100},""scheduled_last_trading_date"":{""source"":""https://www.theocc.com/clearance-and-settlement/clearing/equity-options-product-specifications"",""status"":""rule/calendar-derived, not last observed quote""}}"
AAPLI172711000.U,AAPL.O,C,110.0,2027-09-17,2027-09-17,2026-06-29,2026-09-30,2027-09-17,100,100 AAPL shares,False,research assumption,"official RIC-rule derivation, checked against available description/cache","direct historical quotation evidence, gated at each signal","rule/calendar derivation, distinct from final quote",research assumption,research assumption,"Treat ordinary AAPL OPRA calls as unadjusted standard American 100-share contracts, based on OCC specifications, ordinary identifiers, available descriptions and the corporate-action review. Not vendor-confirmed contract-by-contract historical deliverables.","[""https://www.theocc.com/clearance-and-settlement/clearing/equity-options-product-specifications"",""https://www.optionseducation.org/referencelibrary/faq/splits-mergers-spinoffs-bankruptcies"",""https://investor.apple.com/faq./default.aspx"",""https://infomemo.theocc.com/infomemos?number=47369""]",[],"{""corporate_actions"":{""apple_split_history"":""Apple public FAQ lists its last split in August 2020, before this sample."",""limitation"":""No detected conflicting corporate-action evidence; absence is not a vendor guarantee of every historical deliverable."",""provider_error"":null,""provider_events"":[],""provider_query_period"":[""2025-09-30"",""2026-09-30""],""sources"":[""https://investor.apple.com/faq./default.aspx"",""https://infomemo.theocc.com/infomemos?number=47369"",""https://www.theocc.com/clearance-and-settlement/clearing/equity-options-product-specifications"",""https://www.optionseducation.org/referencelibrary/faq/splits-mergers-spinoffs-bankruptcies""],""status"":""research screening, not a complete OCC memo search"",""unresolved_adjustment_event"":false},""current_description"":{""status"":""directly retrieved current metadata; not historical listing evidence""},""deliverable"":{""status"":""research assumption, not individually historically verified"",""value"":""100 AAPL shares""},""expiry"":{""status"":""RIC-derived; checked against source description/cache when available""},""historical_membership"":{""first"":""2026-06-29"",""last"":""2026-09-30"",""raw_sha256"":""3cd7edc7f5a61d3c7f122a57bfba0f372c75a914e17e6dcad3535cbb3eb459fd"",""status"":""actual historical observations; per-signal availability gating""},""identity"":{""day_convention"":""zero-padded DD, instructor correction and retained real paired tests"",""fields"":[""underlying"",""cp"",""strike"",""expiry""],""source"":""https://developers.lseg.com/en/article-catalog/article/functions-to-find-option-rics-traded-on-different-exchanges"",""status"":""derived from official RIC rules""},""multiplier"":{""status"":""research assumption; supporting current lot-size metadata when available"",""value"":100},""scheduled_last_trading_date"":{""source"":""https://www.theocc.com/clearance-and-settlement/clearing/equity-options-product-specifications"",""status"":""rule/calendar-derived, not last observed quote""}}"
AAPLI172711500.U,AAPL.O,C,115.0,2027-09-17,2027-09-17,2026-06-29,2026-09-30,2027-09-17,100,100 AAPL shares,False,research assumption,"official RIC-rule derivation, checked against available description/cache","direct historical quotation evidence, gated at each signal","rule/calendar derivation, distinct from final quote",research assumption,research assumption,"Treat ordinary AAPL OPRA calls as unadjusted standard American 100-share contracts, based on OCC specifications, ordinary identifiers, available descriptions and the corporate-action review. Not vendor-confirmed contract-by-contract historical deliverables.","[""https://www.theocc.com/clearance-and-settlement/clearing/equity-options-product-specifications"",""https://www.optionseducation.org/referencelibrary/faq/splits-mergers-spinoffs-bankruptcies"",""https://investor.apple.com/faq./default.aspx"",""https://infomemo.theocc.com/infomemos?number=47369""]",[],"{""corporate_actions"":{""apple_split_history"":""Apple public FAQ lists its last split in August 2020, before this sample."",""limitation"":""No detected conflicting corporate-action evidence; absence is not a vendor guarantee of every historical deliverable."",""provider_error"":null,""provider_events"":[],""provider_query_period"":[""2025-09-30"",""2026-09-30""],""sources"":[""https://investor.apple.com/faq./default.aspx"",""https://infomemo.theocc.com/infomemos?number=47369"",""https://www.theocc.com/clearance-and-settlement/clearing/equity-options-product-specifications"",""https://www.optionseducation.org/referencelibrary/faq/splits-mergers-spinoffs-bankruptcies""],""status"":""research screening, not a complete OCC memo search"",""unresolved_adjustment_event"":false},""current_description"":{""status"":""directly retrieved current metadata; not historical listing evidence""},""deliverable"":{""status"":""research assumption, not individually historically verified"",""value"":""100 AAPL shares""},""expiry"":{""status"":""RIC-derived; checked against source description/cache when available""},""historical_membership"":{""first"":""2026-06-29"",""last"":""2026-09-30"",""raw_sha256"":""12bd2fcc595737bd6a4c29352093c6a347218798589a09dc0990e00d7258df8e"",""status"":""actual historical observations; per-signal availability gating""},""identity"":{""day_convention"":""zero-padded DD, instructor correction and retained real paired tests"",""fields"":[""underlying"",""cp"",""strike"",""expiry""],""source"":""https://developers.lseg.com/en/article-catalog/article/functions-to-find-option-rics-traded-on-different-exchanges"",""status"":""derived from official RIC rules""},""multiplier"":{""status"":""research assumption; supporting current lot-size metadata when available"",""value"":100},""scheduled_last_trading_date"":{""source"":""https://www.theocc.com/clearance-and-settlement/clearing/equity-options-product-specifications"",""status"":""rule/calendar-derived, not last observed quote""}}"
AAPLI172712000.U,AAPL.O,C,120.0,2027-09-17,2027-09-17,2026-06-29,2026-09-30,2027-09-17,100,100 AAPL shares,False,research assumption,"official RIC-rule derivation, checked against available description/cache","direct historical quotation evidence, gated at each signal","rule/calendar derivation, distinct from final quote",research assumption,research assumption,"Treat ordinary AAPL OPRA calls as unadjusted standard American 100-share contracts, based on OCC specifications, ordinary identifiers, available descriptions and the corporate-action review. Not vendor-confirmed contract-by-contract historical deliverables.","[""https://www.theocc.com/clearance-and-settlement/clearing/equity-options-product-specifications"",""https://www.optionseducation.org/referencelibrary/faq/splits-mergers-spinoffs-bankruptcies"",""https://investor.apple.com/faq./default.aspx"",""https://infomemo.theocc.com/infomemos?number=47369""]",[],"{""corporate_actions"":{""apple_split_history"":""Apple public FAQ lists its last split in August 2020, before this sample."",""limitation"":""No detected conflicting corporate-action evidence; absence is not a vendor guarantee of every historical deliverable."",""provider_error"":null,""provider_events"":[],""provider_query_period"":[""2025-09-30"",""2026-09-30""],""sources"":[""https://investor.apple.com/faq./default.aspx"",""https://infomemo.theocc.com/infomemos?number=47369"",""https://www.theocc.com/clearance-and-settlement/clearing/equity-options-product-specifications"",""https://www.optionseducation.org/referencelibrary/faq/splits-mergers-spinoffs-bankruptcies""],""status"":""research screening, not a complete OCC memo search"",""unresolved_adjustment_event"":false},""current_description"":{""status"":""directly retrieved current metadata; not historical listing evidence""},""deliverable"":{""status"":""research assumption, not individually historically verified"",""value"":""100 AAPL shares""},""expiry"":{""status"":""RIC-derived; checked against source description/cache when available""},""historical_membership"":{""first"":""2026-06-29"",""last"":""2026-09-30"",""raw_sha256"":""5ea391d9bcb37d23e617f3ebf707cf94d7375e02ed1eff294ee7282dc0c7ddab"",""status"":""actual historical observations; per-signal availability gating""},""identity"":{""day_convention"":""zero-padded DD, instructor correction and retained real paired tests"",""fields"":[""underlying"",""cp"",""strike"",""expiry""],""source"":""https://developers.lseg.com/en/article-catalog/article/functions-to-find-option-rics-traded-on-different-exchanges"",""status"":""derived from official RIC rules""},""multiplier"":{""status"":""research assumption; supporting current lot-size metadata when available"",""value"":100},""scheduled_last_trading_date"":{""source"":""https://www.theocc.com/clearance-and-settlement/clearing/equity-options-product-specifications"",""status"":""rule/calendar-derived, not last observed quote""}}"
AAPLI172712500.U,AAPL.O,C,125.0,2027-09-17,2027-09-17,2026-06-29,2026-09-30,2027-09-17,100,100 AAPL shares,False,research assumption,"official RIC-rule derivation, checked against available description/cache","direct historical quotation evidence, gated at each signal","rule/calendar derivation, distinct from final quote",research assumption,research assumption,"Treat ordinary AAPL OPRA calls as unadjusted standard American 100-share contracts, based on OCC specifications, ordinary identifiers, available descriptions and the corporate-action review. Not vendor-confirmed contract-by-contract historical deliverables.","[""https://www.theocc.com/clearance-and-settlement/clearing/equity-options-product-specifications"",""https://www.optionseducation.org/referencelibrary/faq/splits-mergers-spinoffs-bankruptcies"",""https://investor.apple.com/faq./default.aspx"",""https://infomemo.theocc.com/infomemos?number=47369""]",[],"{""corporate_actions"":{""apple_split_history"":""Apple public FAQ lists its last split in August 2020, before this sample."",""limitation"":""No detected conflicting corporate-action evidence; absence is not a vendor guarantee of every historical deliverable."",""provider_error"":null,""provider_events"":[],""provider_query_period"":[""2025-09-30"",""2026-09-30""],""sources"":[""https://investor.apple.com/faq./default.aspx"",""https://infomemo.theocc.com/infomemos?number=47369"",""https://www.theocc.com/clearance-and-settlement/clearing/equity-options-product-specifications"",""https://www.optionseducation.org/referencelibrary/faq/splits-mergers-spinoffs-bankruptcies""],""status"":""research screening, not a complete OCC memo search"",""unresolved_adjustment_event"":false},""current_description"":{""status"":""directly retrieved current metadata; not historical listing evidence""},""deliverable"":{""status"":""research assumption, not individually historically verified"",""value"":""100 AAPL shares""},""expiry"":{""status"":""RIC-derived; checked against source description/cache when available""},""historical_membership"":{""first"":""2026-06-29"",""last"":""2026-09-30"",""raw_sha256"":""bd828b73bf5d5eca31b90d05ac6cfc26accb5a41aa000cfacaab0fad0daa569e"",""status"":""actual historical observations; per-signal availability gating""},""identity"":{""day_convention"":""zero-padded DD, instructor correction and retained real paired tests"",""fields"":[""underlying"",""cp"",""strike"",""expiry""],""source"":""https://developers.lseg.com/en/article-catalog/article/functions-to-find-option-rics-traded-on-different-exchanges"",""status"":""derived from official RIC rules""},""multiplier"":{""status"":""research assumption; supporting current lot-size metadata when available"",""value"":100},""scheduled_last_trading_date"":{""source"":""https://www.theocc.com/clearance-and-settlement/clearing/equity-options-product-specifications"",""status"":""rule/calendar-derived, not last observed quote""}}"
AAPLI172713000.U,AAPL.O,C,130.0,2027-09-17,2027-09-17,2026-06-29,2026-09-30,2027-09-17,100,100 AAPL shares,False,research assumption,"official RIC-rule derivation, checked against available description/cache","direct historical quotation evidence, gated at each signal","rule/calendar derivation, distinct from final quote",research assumption,research assumption,"Treat ordinary AAPL OPRA calls as unadjusted standard American 100-share contracts, based on OCC specifications, ordinary identifiers, available descriptions and the corporate-action review. Not vendor-confirmed contract-by-contract historical deliverables.","[""https://www.theocc.com/clearance-and-settlement/clearing/equity-options-product-specifications"",""https://www.optionseducation.org/referencelibrary/faq/splits-mergers-spinoffs-bankruptcies"",""https://investor.apple.com/faq./default.aspx"",""https://infomemo.theocc.com/infomemos?number=47369""]",[],"{""corporate_actions"":{""apple_split_history"":""Apple public FAQ lists its last split in August 2020, before this sample."",""limitation"":""No detected conflicting corporate-action evidence; absence is not a vendor guarantee of every historical deliverable."",""provider_error"":null,""provider_events"":[],""provider_query_period"":[""2025-09-30"",""2026-09-30""],""sources"":[""https://investor.apple.com/faq./default.aspx"",""https://infomemo.theocc.com/infomemos?number=47369"",""https://www.theocc.com/clearance-and-settlement/clearing/equity-options-product-specifications"",""https://www.optionseducation.org/referencelibrary/faq/splits-mergers-spinoffs-bankruptcies""],""status"":""research screening, not a complete OCC memo search"",""unresolved_adjustment_event"":false},""current_description"":{""status"":""directly retrieved current metadata; not historical listing evidence""},""deliverable"":{""status"":""research assumption, not individually historically verified"",""value"":""100 AAPL shares""},""expiry"":{""status"":""RIC-derived; checked against source description/cache when available""},""historical_membership"":{""first"":""2026-06-29"",""last"":""2026-09-30"",""raw_sha256"":""bcb701e18bedf4eb7a6795c72e4fb90588654a89f294cf91ba642bc7e4bdb540"",""status"":""actual historical observations; per-signal availability gating""},""identity"":{""day_convention"":""zero-padded DD, instructor correction and retained real paired tests"",""fields"":[""underlying"",""cp"",""strike"",""expiry""],""source"":""https://developers.lseg.com/en/article-catalog/article/functions-to-find-option-rics-traded-on-different-exchanges"",""status"":""derived from official RIC rules""},""multiplier"":{""status"":""research assumption; supporting current lot-size metadata when available"",""value"":100},""scheduled_last_trading_date"":{""source"":""https://www.theocc.com/clearance-and-settlement/clearing/equity-options-product-specifications"",""status"":""rule/calendar-derived, not last observed quote""}}"
AAPLI172713500.U,AAPL.O,C,135.0,2027-09-17,2027-09-17,2026-06-29,2026-09-30,2027-09-17,100,100 AAPL shares,False,research assumption,"official RIC-rule derivation, checked against available description/cache","direct historical quotation evidence, gated at each signal","rule/calendar derivation, distinct from final quote",research assumption,research assumption,"Treat ordinary AAPL OPRA calls as unadjusted standard American 100-share contracts, based on OCC specifications, ordinary identifiers, available descriptions and the corporate-action review. Not vendor-confirmed contract-by-contract historical deliverables.","[""https://www.theocc.com/clearance-and-settlement/clearing/equity-options-product-specifications"",""https://www.optionseducation.org/referencelibrary/faq/splits-mergers-spinoffs-bankruptcies"",""https://investor.apple.com/faq./default.aspx"",""https://infomemo.theocc.com/infomemos?number=47369""]",[],"{""corporate_actions"":{""apple_split_history"":""Apple public FAQ lists its last split in August 2020, before this sample."",""limitation"":""No detected conflicting corporate-action evidence; absence is not a vendor guarantee of every historical deliverable."",""provider_error"":null,""provider_events"":[],""provider_query_period"":[""2025-09-30"",""2026-09-30""],""sources"":[""https://investor.apple.com/faq./default.aspx"",""https://infomemo.theocc.com/infomemos?number=47369"",""https://www.theocc.com/clearance-and-settlement/clearing/equity-options-product-specifications"",""https://www.optionseducation.org/referencelibrary/faq/splits-mergers-spinoffs-bankruptcies""],""status"":""research screening, not a complete OCC memo search"",""unresolved_adjustment_event"":false},""current_description"":{""status"":""directly retrieved current metadata; not historical listing evidence""},""deliverable"":{""status"":""research assumption, not individually historically verified"",""value"":""100 AAPL shares""},""expiry"":{""status"":""RIC-derived; checked against source description/cache when available""},""historical_membership"":{""first"":""2026-06-29"",""last"":""2026-09-30"",""raw_sha256"":""14c5c61e2df90abe6d3088f4e0d3edcbbac913659087f9b28adcea1b48bc544b"",""status"":""actual historical observations; per-signal availability gating""},""identity"":{""day_convention"":""zero-padded DD, instructor correction and retained real paired tests"",""fields"":[""underlying"",""cp"",""strike"",""expiry""],""source"":""https://developers.lseg.com/en/article-catalog/article/functions-to-find-option-rics-traded-on-different-exchanges"",""status"":""derived from official RIC rules""},""multiplier"":{""status"":""research assumption; supporting current lot-size metadata when available"",""value"":100},""scheduled_last_trading_date"":{""source"":""https://www.theocc.com/clearance-and-settlement/clearing/equity-options-product-specifications"",""status"":""rule/calendar-derived, not last observed quote""}}"
AAPLI172714000.U,AAPL.O,C,140.0,2027-09-17,2027-09-17,2026-06-29,2026-09-30,2027-09-17,100,100 AAPL shares,False,research assumption,"official RIC-rule derivation, checked against available description/cache","direct historical quotation evidence, gated at each signal","rule/calendar derivation, distinct from final quote",research assumption,research assumption,"Treat ordinary AAPL OPRA calls as unadjusted standard American 100-share contracts, based on OCC specifications, ordinary identifiers, available descriptions and the corporate-action review. Not vendor-confirmed contract-by-contract historical deliverables.","[""https://www.theocc.com/clearance-and-settlement/clearing/equity-options-product-specifications"",""https://www.optionseducation.org/referencelibrary/faq/splits-mergers-spinoffs-bankruptcies"",""https://investor.apple.com/faq./default.aspx"",""https://infomemo.theocc.com/infomemos?number=47369""]",[],"{""corporate_actions"":{""apple_split_history"":""Apple public FAQ lists its last split in August 2020, before this sample."",""limitation"":""No detected conflicting corporate-action evidence; absence is not a vendor guarantee of every historical deliverable."",""provider_error"":null,""provider_events"":[],""provider_query_period"":[""2025-09-30"",""2026-09-30""],""sources"":[""https://investor.apple.com/faq./default.aspx"",""https://infomemo.theocc.com/infomemos?number=47369"",""https://www.theocc.com/clearance-and-settlement/clearing/equity-options-product-specifications"",""https://www.optionseducation.org/referencelibrary/faq/splits-mergers-spinoffs-bankruptcies""],""status"":""research screening, not a complete OCC memo search"",""unresolved_adjustment_event"":false},""current_description"":{""status"":""directly retrieved current metadata; not historical listing evidence""},""deliverable"":{""status"":""research assumption, not individually historically verified"",""value"":""100 AAPL shares""},""expiry"":{""status"":""RIC-derived; checked against source description/cache when available""},""historical_membership"":{""first"":""2026-06-29"",""last"":""2026-09-30"",""raw_sha256"":""9fe650a330eb21e4cacd7f5d12c4b0c22f307c963e4586ccbbf61e23b7e53002"",""status"":""actual historical observations; per-signal availability gating""},""identity"":{""day_convention"":""zero-padded DD, instructor correction and retained real paired tests"",""fields"":[""underlying"",""cp"",""strike"",""expiry""],""source"":""https://developers.lseg.com/en/article-catalog/article/functions-to-find-option-rics-traded-on-different-exchanges"",""status"":""derived from official RIC rules""},""multiplier"":{""status"":""research assumption; supporting current lot-size metadata when available"",""value"":100},""scheduled_last_trading_date"":{""source"":""https://www.theocc.com/clearance-and-settlement/clearing/equity-options-product-specifications"",""status"":""rule/calendar-derived, not last observed quote""}}"
AAPLI172714500.U,AAPL.O,C,145.0,2027-09-17,2027-09-17,2026-06-29,2026-09-30,2027-09-17,100,100 AAPL shares,False,research assumption,"official RIC-rule derivation, checked against available description/cache","direct historical quotation evidence, gated at each signal","rule/calendar derivation, distinct from final quote",research assumption,research assumption,"Treat ordinary AAPL OPRA calls as unadjusted standard American 100-share contracts, based on OCC specifications, ordinary identifiers, available descriptions and the corporate-action review. Not vendor-confirmed contract-by-contract historical deliverables.","[""https://www.theocc.com/clearance-and-settlement/clearing/equity-options-product-specifications"",""https://www.optionseducation.org/referencelibrary/faq/splits-mergers-spinoffs-bankruptcies"",""https://investor.apple.com/faq./default.aspx"",""https://infomemo.theocc.com/infomemos?number=47369""]",[],"{""corporate_actions"":{""apple_split_history"":""Apple public FAQ lists its last split in August 2020, before this sample."",""limitation"":""No detected conflicting corporate-action evidence; absence is not a vendor guarantee of every historical deliverable."",""provider_error"":null,""provider_events"":[],""provider_query_period"":[""2025-09-30"",""2026-09-30""],""sources"":[""https://investor.apple.com/faq./default.aspx"",""https://infomemo.theocc.com/infomemos?number=47369"",""https://www.theocc.com/clearance-and-settlement/clearing/equity-options-product-specifications"",""https://www.optionseducation.org/referencelibrary/faq/splits-mergers-spinoffs-bankruptcies""],""status"":""research screening, not a complete OCC memo search"",""unresolved_adjustment_event"":false},""current_description"":{""status"":""directly retrieved current metadata; not historical listing evidence""},""deliverable"":{""status"":""research assumption, not individually historically verified"",""value"":""100 AAPL shares""},""expiry"":{""status"":""RIC-derived; checked against source description/cache when available""},""historical_membership"":{""first"":""2026-06-29"",""last"":""2026-09-30"",""raw_sha256"":""fa0b28a87bc326bb2fe10bf47ff2ae9e6eea9fb7f76228527ecf3643eaf9089e"",""status"":""actual historical observations; per-signal availability gating""},""identity"":{""day_convention"":""zero-padded DD, instructor correction and retained real paired tests"",""fields"":[""underlying"",""cp"",""strike"",""expiry""],""source"":""https://developers.lseg.com/en/article-catalog/article/functions-to-find-option-rics-traded-on-different-exchanges"",""status"":""derived from official RIC rules""},""multiplier"":{""status"":""research assumption; supporting current lot-size metadata when available"",""value"":100},""scheduled_last_trading_date"":{""source"":""https://www.theocc.com/clearance-and-settlement/clearing/equity-options-product-specifications"",""status"":""rule/calendar-derived, not last observed quote""}}"
AAPLI172715000.U,AAPL.O,C,150.0,2027-09-17,2027-09-17,2026-06-29,2026-09-30,2027-09-17,100,100 AAPL shares,False,research assumption,"official RIC-rule derivation, checked against available description/cache","direct historical quotation evidence, gated at each signal","rule/calendar derivation, distinct from final quote",research assumption,research assumption,"Treat ordinary AAPL OPRA calls as unadjusted standard American 100-share contracts, based on OCC specifications, ordinary identifiers, available descriptions and the corporate-action review. Not vendor-confirmed contract-by-contract historical deliverables.","[""https://www.theocc.com/clearance-and-settlement/clearing/equity-options-product-specifications"",""https://www.optionseducation.org/referencelibrary/faq/splits-mergers-spinoffs-bankruptcies"",""https://investor.apple.com/faq./default.aspx"",""https://infomemo.theocc.com/infomemos?number=47369""]",[],"{""corporate_actions"":{""apple_split_history"":""Apple public FAQ lists its last split in August 2020, before this sample."",""limitation"":""No detected conflicting corporate-action evidence; absence is not a vendor guarantee of every historical deliverable."",""provider_error"":null,""provider_events"":[],""provider_query_period"":[""2025-09-30"",""2026-09-30""],""sources"":[""https://investor.apple.com/faq./default.aspx"",""https://infomemo.theocc.com/infomemos?number=47369"",""https://www.theocc.com/clearance-and-settlement/clearing/equity-options-product-specifications"",""https://www.optionseducation.org/referencelibrary/faq/splits-mergers-spinoffs-bankruptcies""],""status"":""research screening, not a complete OCC memo search"",""unresolved_adjustment_event"":false},""current_description"":{""status"":""directly retrieved current metadata; not historical listing evidence""},""deliverable"":{""status"":""research assumption, not individually historically verified"",""value"":""100 AAPL shares""},""expiry"":{""status"":""RIC-derived; checked against source description/cache when available""},""historical_membership"":{""first"":""2026-06-29"",""last"":""2026-09-30"",""raw_sha256"":""1773711552efd2bc264faa3c8ccabbe1cb543598858bf9e5ffce657b6a735d19"",""status"":""actual historical observations; per-signal availability gating""},""identity"":{""day_convention"":""zero-padded DD, instructor correction and retained real paired tests"",""fields"":[""underlying"",""cp"",""strike"",""expiry""],""source"":""https://developers.lseg.com/en/article-catalog/article/functions-to-find-option-rics-traded-on-different-exchanges"",""status"":""derived from official RIC rules""},""multiplier"":{""status"":""research assumption; supporting current lot-size metadata when available"",""value"":100},""scheduled_last_trading_date"":{""source"":""https://www.theocc.com/clearance-and-settlement/clearing/equity-options-product-specifications"",""status"":""rule/calendar-derived, not last observed quote""}}"
AAPLI172715500.U,AAPL.O,C,155.0,2027-09-17,2027-09-17,2026-06-29,2026-09-30,2027-09-17,100,100 AAPL shares,False,research assumption,"official RIC-rule derivation, checked against available description/cache","direct historical quotation evidence, gated at each signal","rule/calendar derivation, distinct from final quote",research assumption,research assumption,"Treat ordinary AAPL OPRA calls as unadjusted standard American 100-share contracts, based on OCC specifications, ordinary identifiers, available descriptions and the corporate-action review. Not vendor-confirmed contract-by-contract historical deliverables.","[""https://www.theocc.com/clearance-and-settlement/clearing/equity-options-product-specifications"",""https://www.optionseducation.org/referencelibrary/faq/splits-mergers-spinoffs-bankruptcies"",""https://investor.apple.com/faq./default.aspx"",""https://infomemo.theocc.com/infomemos?number=47369""]",[],"{""corporate_actions"":{""apple_split_history"":""Apple public FAQ lists its last split in August 2020, before this sample."",""limitation"":""No detected conflicting corporate-action evidence; absence is not a vendor guarantee of every historical deliverable."",""provider_error"":null,""provider_events"":[],""provider_query_period"":[""2025-09-30"",""2026-09-30""],""sources"":[""https://investor.apple.com/faq./default.aspx"",""https://infomemo.theocc.com/infomemos?number=47369"",""https://www.theocc.com/clearance-and-settlement/clearing/equity-options-product-specifications"",""https://www.optionseducation.org/referencelibrary/faq/splits-mergers-spinoffs-bankruptcies""],""status"":""research screening, not a complete OCC memo search"",""unresolved_adjustment_event"":false},""current_description"":{""status"":""directly retrieved current metadata; not historical listing evidence""},""deliverable"":{""status"":""research assumption, not individually historically verified"",""value"":""100 AAPL shares""},""expiry"":{""status"":""RIC-derived; checked against source description/cache when available""},""historical_membership"":{""first"":""2026-06-29"",""last"":""2026-09-30"",""raw_sha256"":""a017e74be12cbafa6f9c95f4a5c91b20b0571fd7d7154b75ea80127f8de0daaa"",""status"":""actual historical observations; per-signal availability gating""},""identity"":{""day_convention"":""zero-padded DD, instructor correction and retained real paired tests"",""fields"":[""underlying"",""cp"",""strike"",""expiry""],""source"":""https://developers.lseg.com/en/article-catalog/article/functions-to-find-option-rics-traded-on-different-exchanges"",""status"":""derived from official RIC rules""},""multiplier"":{""status"":""research assumption; supporting current lot-size metadata when available"",""value"":100},""scheduled_last_trading_date"":{""source"":""https://www.theocc.com/clearance-and-settlement/clearing/equity-options-product-specifications"",""status"":""rule/calendar-derived, not last observed quote""}}"
AAPLI172716000.U,AAPL.O,C,160.0,2027-09-17,2027-09-17,2026-06-29,2026-09-30,2027-09-17,100,100 AAPL shares,False,research assumption,"official RIC-rule derivation, checked against available description/cache","direct historical quotation evidence, gated at each signal","rule/calendar derivation, distinct from final quote",research assumption,research assumption,"Treat ordinary AAPL OPRA calls as unadjusted standard American 100-share contracts, based on OCC specifications, ordinary identifiers, available descriptions and the corporate-action review. Not vendor-confirmed contract-by-contract historical deliverables.","[""https://www.theocc.com/clearance-and-settlement/clearing/equity-options-product-specifications"",""https://www.optionseducation.org/referencelibrary/faq/splits-mergers-spinoffs-bankruptcies"",""https://investor.apple.com/faq./default.aspx"",""https://infomemo.theocc.com/infomemos?number=47369""]",[],"{""corporate_actions"":{""apple_split_history"":""Apple public FAQ lists its last split in August 2020, before this sample."",""limitation"":""No detected conflicting corporate-action evidence; absence is not a vendor guarantee of every historical deliverable."",""provider_error"":null,""provider_events"":[],""provider_query_period"":[""2025-09-30"",""2026-09-30""],""sources"":[""https://investor.apple.com/faq./default.aspx"",""https://infomemo.theocc.com/infomemos?number=47369"",""https://www.theocc.com/clearance-and-settlement/clearing/equity-options-product-specifications"",""https://www.optionseducation.org/referencelibrary/faq/splits-mergers-spinoffs-bankruptcies""],""status"":""research screening, not a complete OCC memo search"",""unresolved_adjustment_event"":false},""current_description"":{""status"":""directly retrieved current metadata; not historical listing evidence""},""deliverable"":{""status"":""research assumption, not individually historically verified"",""value"":""100 AAPL shares""},""expiry"":{""status"":""RIC-derived; checked against source description/cache when available""},""historical_membership"":{""first"":""2026-06-29"",""last"":""2026-09-30"",""raw_sha256"":""982c5536ab929b2d307dfa4bfcd02baec63cfe9c0652efd1a33408d7e831cc66"",""status"":""actual historical observations; per-signal availability gating""},""identity"":{""day_convention"":""zero-padded DD, instructor correction and retained real paired tests"",""fields"":[""underlying"",""cp"",""strike"",""expiry""],""source"":""https://developers.lseg.com/en/article-catalog/article/functions-to-find-option-rics-traded-on-different-exchanges"",""status"":""derived from official RIC rules""},""multiplier"":{""status"":""research assumption; supporting current lot-size metadata when available"",""value"":100},""scheduled_last_trading_date"":{""source"":""https://www.theocc.com/clearance-and-settlement/clearing/equity-options-product-specifications"",""status"":""rule/calendar-derived, not last observed quote""}}"
AAPLI172716500.U,AAPL.O,C,165.0,2027-09-17,2027-09-17,2026-06-29,2026-09-30,2027-09-17,100,100 AAPL shares,False,research assumption,"official RIC-rule derivation, checked against available description/cache","direct historical quotation evidence, gated at each signal","rule/calendar derivation, distinct from final quote",research assumption,research assumption,"Treat ordinary AAPL OPRA calls as unadjusted standard American 100-share contracts, based on OCC specifications, ordinary identifiers, available descriptions and the corporate-action review. Not vendor-confirmed contract-by-contract historical deliverables.","[""https://www.theocc.com/clearance-and-settlement/clearing/equity-options-product-specifications"",""https://www.optionseducation.org/referencelibrary/faq/splits-mergers-spinoffs-bankruptcies"",""https://investor.apple.com/faq./default.aspx"",""https://infomemo.theocc.com/infomemos?number=47369""]",[],"{""corporate_actions"":{""apple_split_history"":""Apple public FAQ lists its last split in August 2020, before this sample."",""limitation"":""No detected conflicting corporate-action evidence; absence is not a vendor guarantee of every historical deliverable."",""provider_error"":null,""provider_events"":[],""provider_query_period"":[""2025-09-30"",""2026-09-30""],""sources"":[""https://investor.apple.com/faq./default.aspx"",""https://infomemo.theocc.com/infomemos?number=47369"",""https://www.theocc.com/clearance-and-settlement/clearing/equity-options-product-specifications"",""https://www.optionseducation.org/referencelibrary/faq/splits-mergers-spinoffs-bankruptcies""],""status"":""research screening, not a complete OCC memo search"",""unresolved_adjustment_event"":false},""current_description"":{""status"":""directly retrieved current metadata; not historical listing evidence""},""deliverable"":{""status"":""research assumption, not individually historically verified"",""value"":""100 AAPL shares""},""expiry"":{""status"":""RIC-derived; checked against source description/cache when available""},""historical_membership"":{""first"":""2026-06-29"",""last"":""2026-09-30"",""raw_sha256"":""eeae456d59c0e91fdbfb3815370eb9c24af6098329b1f84dda56b64060e30c0b"",""status"":""actual historical observations; per-signal availability gating""},""identity"":{""day_convention"":""zero-padded DD, instructor correction and retained real paired tests"",""fields"":[""underlying"",""cp"",""strike"",""expiry""],""source"":""https://developers.lseg.com/en/article-catalog/article/functions-to-find-option-rics-traded-on-different-exchanges"",""status"":""derived from official RIC rules""},""multiplier"":{""status"":""research assumption; supporting current lot-size metadata when available"",""value"":100},""scheduled_last_trading_date"":{""source"":""https://www.theocc.com/clearance-and-settlement/clearing/equity-options-product-specifications"",""status"":""rule/calendar-derived, not last observed quote""}}"
AAPLI172717000.U,AAPL.O,C,170.0,2027-09-17,2027-09-17,2026-06-29,2026-09-30,2027-09-17,100,100 AAPL shares,False,research assumption,"official RIC-rule derivation, checked against available description/cache","direct historical quotation evidence, gated at each signal","rule/calendar derivation, distinct from final quote",research assumption,research assumption,"Treat ordinary AAPL OPRA calls as unadjusted standard American 100-share contracts, based on OCC specifications, ordinary identifiers, available descriptions and the corporate-action review. Not vendor-confirmed contract-by-contract historical deliverables.","[""https://www.theocc.com/clearance-and-settlement/clearing/equity-options-product-specifications"",""https://www.optionseducation.org/referencelibrary/faq/splits-mergers-spinoffs-bankruptcies"",""https://investor.apple.com/faq./default.aspx"",""https://infomemo.theocc.com/infomemos?number=47369""]",[],"{""corporate_actions"":{""apple_split_history"":""Apple public FAQ lists its last split in August 2020, before this sample."",""limitation"":""No detected conflicting corporate-action evidence; absence is not a vendor guarantee of every historical deliverable."",""provider_error"":null,""provider_events"":[],""provider_query_period"":[""2025-09-30"",""2026-09-30""],""sources"":[""https://investor.apple.com/faq./default.aspx"",""https://infomemo.theocc.com/infomemos?number=47369"",""https://www.theocc.com/clearance-and-settlement/clearing/equity-options-product-specifications"",""https://www.optionseducation.org/referencelibrary/faq/splits-mergers-spinoffs-bankruptcies""],""status"":""research screening, not a complete OCC memo search"",""unresolved_adjustment_event"":false},""current_description"":{""status"":""directly retrieved current metadata; not historical listing evidence""},""deliverable"":{""status"":""research assumption, not individually historically verified"",""value"":""100 AAPL shares""},""expiry"":{""status"":""RIC-derived; checked against source description/cache when available""},""historical_membership"":{""first"":""2026-06-29"",""last"":""2026-09-30"",""raw_sha256"":""d38fa8caa64b10467945afe0c92783daa3196f4f85f0a4aa748fc87031dd7ec6"",""status"":""actual historical observations; per-signal availability gating""},""identity"":{""day_convention"":""zero-padded DD, instructor correction and retained real paired tests"",""fields"":[""underlying"",""cp"",""strike"",""expiry""],""source"":""https://developers.lseg.com/en/article-catalog/article/functions-to-find-option-rics-traded-on-different-exchanges"",""status"":""derived from official RIC rules""},""multiplier"":{""status"":""research assumption; supporting current lot-size metadata when available"",""value"":100},""scheduled_last_trading_date"":{""source"":""https://www.theocc.com/clearance-and-settlement/clearing/equity-options-product-specifications"",""status"":""rule/calendar-derived, not last observed quote""}}"
AAPLI172717500.U,AAPL.O,C,175.0,2027-09-17,2027-09-17,2026-06-29,2026-09-30,2027-09-17,100,100 AAPL shares,False,research assumption,"official RIC-rule derivation, checked against available description/cache","direct historical quotation evidence, gated at each signal","rule/calendar derivation, distinct from final quote",research assumption,research assumption,"Treat ordinary AAPL OPRA calls as unadjusted standard American 100-share contracts, based on OCC specifications, ordinary identifiers, available descriptions and the corporate-action review. Not vendor-confirmed contract-by-contract historical deliverables.","[""https://www.theocc.com/clearance-and-settlement/clearing/equity-options-product-specifications"",""https://www.optionseducation.org/referencelibrary/faq/splits-mergers-spinoffs-bankruptcies"",""https://investor.apple.com/faq./default.aspx"",""https://infomemo.theocc.com/infomemos?number=47369""]",[],"{""corporate_actions"":{""apple_split_history"":""Apple public FAQ lists its last split in August 2020, before this sample."",""limitation"":""No detected conflicting corporate-action evidence; absence is not a vendor guarantee of every historical deliverable."",""provider_error"":null,""provider_events"":[],""provider_query_period"":[""2025-09-30"",""2026-09-30""],""sources"":[""https://investor.apple.com/faq./default.aspx"",""https://infomemo.theocc.com/infomemos?number=47369"",""https://www.theocc.com/clearance-and-settlement/clearing/equity-options-product-specifications"",""https://www.optionseducation.org/referencelibrary/faq/splits-mergers-spinoffs-bankruptcies""],""status"":""research screening, not a complete OCC memo search"",""unresolved_adjustment_event"":false},""current_description"":{""status"":""directly retrieved current metadata; not historical listing evidence""},""deliverable"":{""status"":""research assumption, not individually historically verified"",""value"":""100 AAPL shares""},""expiry"":{""status"":""RIC-derived; checked against source description/cache when available""},""historical_membership"":{""first"":""2026-06-29"",""last"":""2026-09-30"",""raw_sha256"":""23d8c42013702d9aef805355c1d93aa9313d15839abb55ae0027bc24c2a7438e"",""status"":""actual historical observations; per-signal availability gating""},""identity"":{""day_convention"":""zero-padded DD, instructor correction and retained real paired tests"",""fields"":[""underlying"",""cp"",""strike"",""expiry""],""source"":""https://developers.lseg.com/en/article-catalog/article/functions-to-find-option-rics-traded-on-different-exchanges"",""status"":""derived from official RIC rules""},""multiplier"":{""status"":""research assumption; supporting current lot-size metadata when available"",""value"":100},""scheduled_last_trading_date"":{""source"":""https://www.theocc.com/clearance-and-settlement/clearing/equity-options-product-specifications"",""status"":""rule/calendar-derived, not last observed quote""}}"
AAPLI172718000.U,AAPL.O,C,180.0,2027-09-17,2027-09-17,2026-06-29,2026-09-30,2027-09-17,100,100 AAPL shares,False,research assumption,"official RIC-rule derivation, checked against available description/cache","direct historical quotation evidence, gated at each signal","rule/calendar derivation, distinct from final quote",research assumption,research assumption,"Treat ordinary AAPL OPRA calls as unadjusted standard American 100-share contracts, based on OCC specifications, ordinary identifiers, available descriptions and the corporate-action review. Not vendor-confirmed contract-by-contract historical deliverables.","[""https://www.theocc.com/clearance-and-settlement/clearing/equity-options-product-specifications"",""https://www.optionseducation.org/referencelibrary/faq/splits-mergers-spinoffs-bankruptcies"",""https://investor.apple.com/faq./default.aspx"",""https://infomemo.theocc.com/infomemos?number=47369""]",[],"{""corporate_actions"":{""apple_split_history"":""Apple public FAQ lists its last split in August 2020, before this sample."",""limitation"":""No detected conflicting corporate-action evidence; absence is not a vendor guarantee of every historical deliverable."",""provider_error"":null,""provider_events"":[],""provider_query_period"":[""2025-09-30"",""2026-09-30""],""sources"":[""https://investor.apple.com/faq./default.aspx"",""https://infomemo.theocc.com/infomemos?number=47369"",""https://www.theocc.com/clearance-and-settlement/clearing/equity-options-product-specifications"",""https://www.optionseducation.org/referencelibrary/faq/splits-mergers-spinoffs-bankruptcies""],""status"":""research screening, not a complete OCC memo search"",""unresolved_adjustment_event"":false},""current_description"":{""status"":""directly retrieved current metadata; not historical listing evidence""},""deliverable"":{""status"":""research assumption, not individually historically verified"",""value"":""100 AAPL shares""},""expiry"":{""status"":""RIC-derived; checked against source description/cache when available""},""historical_membership"":{""first"":""2026-06-29"",""last"":""2026-09-30"",""raw_sha256"":""b95790a2c0f5398fb39bd7ddba02be323149698000dcda4f0de2238d0fecd3a4"",""status"":""actual historical observations; per-signal availability gating""},""identity"":{""day_convention"":""zero-padded DD, instructor correction and retained real paired tests"",""fields"":[""underlying"",""cp"",""strike"",""expiry""],""source"":""https://developers.lseg.com/en/article-catalog/article/functions-to-find-option-rics-traded-on-different-exchanges"",""status"":""derived from official RIC rules""},""multiplier"":{""status"":""research assumption; supporting current lot-size metadata when available"",""value"":100},""scheduled_last_trading_date"":{""source"":""https://www.theocc.com/clearance-and-settlement/clearing/equity-options-product-specifications"",""status"":""rule/calendar-derived, not last observed quote""}}"
AAPLI172718500.U,AAPL.O,C,185.0,2027-09-17,2027-09-17,2026-06-29,2026-09-30,2027-09-17,100,100 AAPL shares,False,research assumption,"official RIC-rule derivation, checked against available description/cache","direct historical quotation evidence, gated at each signal","rule/calendar derivation, distinct from final quote",research assumption,research assumption,"Treat ordinary AAPL OPRA calls as unadjusted standard American 100-share contracts, based on OCC specifications, ordinary identifiers, available descriptions and the corporate-action review. Not vendor-confirmed contract-by-contract historical deliverables.","[""https://www.theocc.com/clearance-and-settlement/clearing/equity-options-product-specifications"",""https://www.optionseducation.org/referencelibrary/faq/splits-mergers-spinoffs-bankruptcies"",""https://investor.apple.com/faq./default.aspx"",""https://infomemo.theocc.com/infomemos?number=47369""]",[],"{""corporate_actions"":{""apple_split_history"":""Apple public FAQ lists its last split in August 2020, before this sample."",""limitation"":""No detected conflicting corporate-action evidence; absence is not a vendor guarantee of every historical deliverable."",""provider_error"":null,""provider_events"":[],""provider_query_period"":[""2025-09-30"",""2026-09-30""],""sources"":[""https://investor.apple.com/faq./default.aspx"",""https://infomemo.theocc.com/infomemos?number=47369"",""https://www.theocc.com/clearance-and-settlement/clearing/equity-options-product-specifications"",""https://www.optionseducation.org/referencelibrary/faq/splits-mergers-spinoffs-bankruptcies""],""status"":""research screening, not a complete OCC memo search"",""unresolved_adjustment_event"":false},""current_description"":{""status"":""directly retrieved current metadata; not historical listing evidence""},""deliverable"":{""status"":""research assumption, not individually historically verified"",""value"":""100 AAPL shares""},""expiry"":{""status"":""RIC-derived; checked against source description/cache when available""},""historical_membership"":{""first"":""2026-06-29"",""last"":""2026-09-30"",""raw_sha256"":""8425743448f1a5d1b08205f93af12934c349b36ec111651c2b1e9817559b2a52"",""status"":""actual historical observations; per-signal availability gating""},""identity"":{""day_convention"":""zero-padded DD, instructor correction and retained real paired tests"",""fields"":[""underlying"",""cp"",""strike"",""expiry""],""source"":""https://developers.lseg.com/en/article-catalog/article/functions-to-find-option-rics-traded-on-different-exchanges"",""status"":""derived from official RIC rules""},""multiplier"":{""status"":""research assumption; supporting current lot-size metadata when available"",""value"":100},""scheduled_last_trading_date"":{""source"":""https://www.theocc.com/clearance-and-settlement/clearing/equity-options-product-specifications"",""status"":""rule/calendar-derived, not last observed quote""}}"
AAPLI172719000.U,AAPL.O,C,190.0,2027-09-17,2027-09-17,2026-06-29,2026-09-30,2027-09-17,100,100 AAPL shares,False,research assumption,"official RIC-rule derivation, checked against available description/cache","direct historical quotation evidence, gated at each signal","rule/calendar derivation, distinct from final quote",research assumption,research assumption,"Treat ordinary AAPL OPRA calls as unadjusted standard American 100-share contracts, based on OCC specifications, ordinary identifiers, available descriptions and the corporate-action review. Not vendor-confirmed contract-by-contract historical deliverables.","[""https://www.theocc.com/clearance-and-settlement/clearing/equity-options-product-specifications"",""https://www.optionseducation.org/referencelibrary/faq/splits-mergers-spinoffs-bankruptcies"",""https://investor.apple.com/faq./default.aspx"",""https://infomemo.theocc.com/infomemos?number=47369""]",[],"{""corporate_actions"":{""apple_split_history"":""Apple public FAQ lists its last split in August 2020, before this sample."",""limitation"":""No detected conflicting corporate-action evidence; absence is not a vendor guarantee of every historical deliverable."",""provider_error"":null,""provider_events"":[],""provider_query_period"":[""2025-09-30"",""2026-09-30""],""sources"":[""https://investor.apple.com/faq./default.aspx"",""https://infomemo.theocc.com/infomemos?number=47369"",""https://www.theocc.com/clearance-and-settlement/clearing/equity-options-product-specifications"",""https://www.optionseducation.org/referencelibrary/faq/splits-mergers-spinoffs-bankruptcies""],""status"":""research screening, not a complete OCC memo search"",""unresolved_adjustment_event"":false},""current_description"":{""status"":""directly retrieved current metadata; not historical listing evidence""},""deliverable"":{""status"":""research assumption, not individually historically verified"",""value"":""100 AAPL shares""},""expiry"":{""status"":""RIC-derived; checked against source description/cache when available""},""historical_membership"":{""first"":""2026-06-29"",""last"":""2026-09-30"",""raw_sha256"":""851bbef31a9ac64c37a77350d1a54b7ad74e27f884f312180ad553dd3fd6eba8"",""status"":""actual historical observations; per-signal availability gating""},""identity"":{""day_convention"":""zero-padded DD, instructor correction and retained real paired tests"",""fields"":[""underlying"",""cp"",""strike"",""expiry""],""source"":""https://developers.lseg.com/en/article-catalog/article/functions-to-find-option-rics-traded-on-different-exchanges"",""status"":""derived from official RIC rules""},""multiplier"":{""status"":""research assumption; supporting current lot-size metadata when available"",""value"":100},""scheduled_last_trading_date"":{""source"":""https://www.theocc.com/clearance-and-settlement/clearing/equity-options-product-specifications"",""status"":""rule/calendar-derived, not last observed quote""}}"
AAPLI172719500.U,AAPL.O,C,195.0,2027-09-17,2027-09-17,2026-06-29,2026-09-30,2027-09-17,100,100 AAPL shares,False,research assumption,"official RIC-rule derivation, checked against available description/cache","direct historical quotation evidence, gated at each signal","rule/calendar derivation, distinct from final quote",research assumption,research assumption,"Treat ordinary AAPL OPRA calls as unadjusted standard American 100-share contracts, based on OCC specifications, ordinary identifiers, available descriptions and the corporate-action review. Not vendor-confirmed contract-by-contract historical deliverables.","[""https://www.theocc.com/clearance-and-settlement/clearing/equity-options-product-specifications"",""https://www.optionseducation.org/referencelibrary/faq/splits-mergers-spinoffs-bankruptcies"",""https://investor.apple.com/faq./default.aspx"",""https://infomemo.theocc.com/infomemos?number=47369""]",[],"{""corporate_actions"":{""apple_split_history"":""Apple public FAQ lists its last split in August 2020, before this sample."",""limitation"":""No detected conflicting corporate-action evidence; absence is not a vendor guarantee of every historical deliverable."",""provider_error"":null,""provider_events"":[],""provider_query_period"":[""2025-09-30"",""2026-09-30""],""sources"":[""https://investor.apple.com/faq./default.aspx"",""https://infomemo.theocc.com/infomemos?number=47369"",""https://www.theocc.com/clearance-and-settlement/clearing/equity-options-product-specifications"",""https://www.optionseducation.org/referencelibrary/faq/splits-mergers-spinoffs-bankruptcies""],""status"":""research screening, not a complete OCC memo search"",""unresolved_adjustment_event"":false},""current_description"":{""status"":""directly retrieved current metadata; not historical listing evidence""},""deliverable"":{""status"":""research assumption, not individually historically verified"",""value"":""100 AAPL shares""},""expiry"":{""status"":""RIC-derived; checked against source description/cache when available""},""historical_membership"":{""first"":""2026-06-29"",""last"":""2026-09-30"",""raw_sha256"":""c97ee7da9d1158b50e6e1bfa8ae2c2f6f294775c73894f93fd6d4ea5fcdbf1cf"",""status"":""actual historical observations; per-signal availability gating""},""identity"":{""day_convention"":""zero-padded DD, instructor correction and retained real paired tests"",""fields"":[""underlying"",""cp"",""strike"",""expiry""],""source"":""https://developers.lseg.com/en/article-catalog/article/functions-to-find-option-rics-traded-on-different-exchanges"",""status"":""derived from official RIC rules""},""multiplier"":{""status"":""research assumption; supporting current lot-size metadata when available"",""value"":100},""scheduled_last_trading_date"":{""source"":""https://www.theocc.com/clearance-and-settlement/clearing/equity-options-product-specifications"",""status"":""rule/calendar-derived, not last observed quote""}}"
AAPLI172720000.U,AAPL.O,C,200.0,2027-09-17,2027-09-17,2026-06-29,2026-09-30,2027-09-17,100,100 AAPL shares,False,research assumption,"official RIC-rule derivation, checked against available description/cache","direct historical quotation evidence, gated at each signal","rule/calendar derivation, distinct from final quote",research assumption,research assumption,"Treat ordinary AAPL OPRA calls as unadjusted standard American 100-share contracts, based on OCC specifications, ordinary identifiers, available descriptions and the corporate-action review. Not vendor-confirmed contract-by-contract historical deliverables.","[""https://www.theocc.com/clearance-and-settlement/clearing/equity-options-product-specifications"",""https://www.optionseducation.org/referencelibrary/faq/splits-mergers-spinoffs-bankruptcies"",""https://investor.apple.com/faq./default.aspx"",""https://infomemo.theocc.com/infomemos?number=47369""]",[],"{""corporate_actions"":{""apple_split_history"":""Apple public FAQ lists its last split in August 2020, before this sample."",""limitation"":""No detected conflicting corporate-action evidence; absence is not a vendor guarantee of every historical deliverable."",""provider_error"":null,""provider_events"":[],""provider_query_period"":[""2025-09-30"",""2026-09-30""],""sources"":[""https://investor.apple.com/faq./default.aspx"",""https://infomemo.theocc.com/infomemos?number=47369"",""https://www.theocc.com/clearance-and-settlement/clearing/equity-options-product-specifications"",""https://www.optionseducation.org/referencelibrary/faq/splits-mergers-spinoffs-bankruptcies""],""status"":""research screening, not a complete OCC memo search"",""unresolved_adjustment_event"":false},""current_description"":{""status"":""directly retrieved current metadata; not historical listing evidence""},""deliverable"":{""status"":""research assumption, not individually historically verified"",""value"":""100 AAPL shares""},""expiry"":{""status"":""RIC-derived; checked against source description/cache when available""},""historical_membership"":{""first"":""2026-06-29"",""last"":""2026-09-30"",""raw_sha256"":""f81d5212da704165a3a0ad8fd91b21ebea23896cfa806ca43144691df4eb5106"",""status"":""actual historical observations; per-signal availability gating""},""identity"":{""day_convention"":""zero-padded DD, instructor correction and retained real paired tests"",""fields"":[""underlying"",""cp"",""strike"",""expiry""],""source"":""https://developers.lseg.com/en/article-catalog/article/functions-to-find-option-rics-traded-on-different-exchanges"",""status"":""derived from official RIC rules""},""multiplier"":{""status"":""research assumption; supporting current lot-size metadata when available"",""value"":100},""scheduled_last_trading_date"":{""source"":""https://www.theocc.com/clearance-and-settlement/clearing/equity-options-product-specifications"",""status"":""rule/calendar-derived, not last observed quote""}}"
AAPLI172720500.U,AAPL.O,C,205.0,2027-09-17,2027-09-17,2026-06-29,2026-09-30,2027-09-17,100,100 AAPL shares,False,research assumption,"official RIC-rule derivation, checked against available description/cache","direct historical quotation evidence, gated at each signal","rule/calendar derivation, distinct from final quote",research assumption,research assumption,"Treat ordinary AAPL OPRA calls as unadjusted standard American 100-share contracts, based on OCC specifications, ordinary identifiers, available descriptions and the corporate-action review. Not vendor-confirmed contract-by-contract historical deliverables.","[""https://www.theocc.com/clearance-and-settlement/clearing/equity-options-product-specifications"",""https://www.optionseducation.org/referencelibrary/faq/splits-mergers-spinoffs-bankruptcies"",""https://investor.apple.com/faq./default.aspx"",""https://infomemo.theocc.com/infomemos?number=47369""]",[],"{""corporate_actions"":{""apple_split_history"":""Apple public FAQ lists its last split in August 2020, before this sample."",""limitation"":""No detected conflicting corporate-action evidence; absence is not a vendor guarantee of every historical deliverable."",""provider_error"":null,""provider_events"":[],""provider_query_period"":[""2025-09-30"",""2026-09-30""],""sources"":[""https://investor.apple.com/faq./default.aspx"",""https://infomemo.theocc.com/infomemos?number=47369"",""https://www.theocc.com/clearance-and-settlement/clearing/equity-options-product-specifications"",""https://www.optionseducation.org/referencelibrary/faq/splits-mergers-spinoffs-bankruptcies""],""status"":""research screening, not a complete OCC memo search"",""unresolved_adjustment_event"":false},""current_description"":{""status"":""directly retrieved current metadata; not historical listing evidence""},""deliverable"":{""status"":""research assumption, not individually historically verified"",""value"":""100 AAPL shares""},""expiry"":{""status"":""RIC-derived; checked against source description/cache when available""},""historical_membership"":{""first"":""2026-06-29"",""last"":""2026-09-30"",""raw_sha256"":""544c3bf6597f072feae991defe4637456db8120f1d570a8671531011c2ecfaee"",""status"":""actual historical observations; per-signal availability gating""},""identity"":{""day_convention"":""zero-padded DD, instructor correction and retained real paired tests"",""fields"":[""underlying"",""cp"",""strike"",""expiry""],""source"":""https://developers.lseg.com/en/article-catalog/article/functions-to-find-option-rics-traded-on-different-exchanges"",""status"":""derived from official RIC rules""},""multiplier"":{""status"":""research assumption; supporting current lot-size metadata when available"",""value"":100},""scheduled_last_trading_date"":{""source"":""https://www.theocc.com/clearance-and-settlement/clearing/equity-options-product-specifications"",""status"":""rule/calendar-derived, not last observed quote""}}"
AAPLI172721000.U,AAPL.O,C,210.0,2027-09-17,2027-09-17,2026-06-29,2026-09-30,2027-09-17,100,100 AAPL shares,False,research assumption,"official RIC-rule derivation, checked against available description/cache","direct historical quotation evidence, gated at each signal","rule/calendar derivation, distinct from final quote",research assumption,research assumption,"Treat ordinary AAPL OPRA calls as unadjusted standard American 100-share contracts, based on OCC specifications, ordinary identifiers, available descriptions and the corporate-action review. Not vendor-confirmed contract-by-contract historical deliverables.","[""https://www.theocc.com/clearance-and-settlement/clearing/equity-options-product-specifications"",""https://www.optionseducation.org/referencelibrary/faq/splits-mergers-spinoffs-bankruptcies"",""https://investor.apple.com/faq./default.aspx"",""https://infomemo.theocc.com/infomemos?number=47369""]",[],"{""corporate_actions"":{""apple_split_history"":""Apple public FAQ lists its last split in August 2020, before this sample."",""limitation"":""No detected conflicting corporate-action evidence; absence is not a vendor guarantee of every historical deliverable."",""provider_error"":null,""provider_events"":[],""provider_query_period"":[""2025-09-30"",""2026-09-30""],""sources"":[""https://investor.apple.com/faq./default.aspx"",""https://infomemo.theocc.com/infomemos?number=47369"",""https://www.theocc.com/clearance-and-settlement/clearing/equity-options-product-specifications"",""https://www.optionseducation.org/referencelibrary/faq/splits-mergers-spinoffs-bankruptcies""],""status"":""research screening, not a complete OCC memo search"",""unresolved_adjustment_event"":false},""current_description"":{""status"":""directly retrieved current metadata; not historical listing evidence""},""deliverable"":{""status"":""research assumption, not individually historically verified"",""value"":""100 AAPL shares""},""expiry"":{""status"":""RIC-derived; checked against source description/cache when available""},""historical_membership"":{""first"":""2026-06-29"",""last"":""2026-09-30"",""raw_sha256"":""a748231883d3e859eee605fad0253bcdd88235bd680a06ad5e3bc6aba2920fb7"",""status"":""actual historical observations; per-signal availability gating""},""identity"":{""day_convention"":""zero-padded DD, instructor correction and retained real paired tests"",""fields"":[""underlying"",""cp"",""strike"",""expiry""],""source"":""https://developers.lseg.com/en/article-catalog/article/functions-to-find-option-rics-traded-on-different-exchanges"",""status"":""derived from official RIC rules""},""multiplier"":{""status"":""research assumption; supporting current lot-size metadata when available"",""value"":100},""scheduled_last_trading_date"":{""source"":""https://www.theocc.com/clearance-and-settlement/clearing/equity-options-product-specifications"",""status"":""rule/calendar-derived, not last observed quote""}}"
AAPLI172721500.U,AAPL.O,C,215.0,2027-09-17,2027-09-17,2026-06-29,2026-09-30,2027-09-17,100,100 AAPL shares,False,research assumption,"official RIC-rule derivation, checked against available description/cache","direct historical quotation evidence, gated at each signal","rule/calendar derivation, distinct from final quote",research assumption,research assumption,"Treat ordinary AAPL OPRA calls as unadjusted standard American 100-share contracts, based on OCC specifications, ordinary identifiers, available descriptions and the corporate-action review. Not vendor-confirmed contract-by-contract historical deliverables.","[""https://www.theocc.com/clearance-and-settlement/clearing/equity-options-product-specifications"",""https://www.optionseducation.org/referencelibrary/faq/splits-mergers-spinoffs-bankruptcies"",""https://investor.apple.com/faq./default.aspx"",""https://infomemo.theocc.com/infomemos?number=47369""]",[],"{""corporate_actions"":{""apple_split_history"":""Apple public FAQ lists its last split in August 2020, before this sample."",""limitation"":""No detected conflicting corporate-action evidence; absence is not a vendor guarantee of every historical deliverable."",""provider_error"":null,""provider_events"":[],""provider_query_period"":[""2025-09-30"",""2026-09-30""],""sources"":[""https://investor.apple.com/faq./default.aspx"",""https://infomemo.theocc.com/infomemos?number=47369"",""https://www.theocc.com/clearance-and-settlement/clearing/equity-options-product-specifications"",""https://www.optionseducation.org/referencelibrary/faq/splits-mergers-spinoffs-bankruptcies""],""status"":""research screening, not a complete OCC memo search"",""unresolved_adjustment_event"":false},""current_description"":{""status"":""directly retrieved current metadata; not historical listing evidence""},""deliverable"":{""status"":""research assumption, not individually historically verified"",""value"":""100 AAPL shares""},""expiry"":{""status"":""RIC-derived; checked against source description/cache when available""},""historical_membership"":{""first"":""2026-06-29"",""last"":""2026-09-30"",""raw_sha256"":""0283938896315bc92d79143329483f7726add99172a0ae145c6d2c70b5acb678"",""status"":""actual historical observations; per-signal availability gating""},""identity"":{""day_convention"":""zero-padded DD, instructor correction and retained real paired tests"",""fields"":[""underlying"",""cp"",""strike"",""expiry""],""source"":""https://developers.lseg.com/en/article-catalog/article/functions-to-find-option-rics-traded-on-different-exchanges"",""status"":""derived from official RIC rules""},""multiplier"":{""status"":""research assumption; supporting current lot-size metadata when available"",""value"":100},""scheduled_last_trading_date"":{""source"":""https://www.theocc.com/clearance-and-settlement/clearing/equity-options-product-specifications"",""status"":""rule/calendar-derived, not last observed quote""}}"
AAPLI172722000.U,AAPL.O,C,220.0,2027-09-17,2027-09-17,2026-06-29,2026-09-30,2027-09-17,100,100 AAPL shares,False,research assumption,"official RIC-rule derivation, checked against available description/cache","direct historical quotation evidence, gated at each signal","rule/calendar derivation, distinct from final quote",research assumption,research assumption,"Treat ordinary AAPL OPRA calls as unadjusted standard American 100-share contracts, based on OCC specifications, ordinary identifiers, available descriptions and the corporate-action review. Not vendor-confirmed contract-by-contract historical deliverables.","[""https://www.theocc.com/clearance-and-settlement/clearing/equity-options-product-specifications"",""https://www.optionseducation.org/referencelibrary/faq/splits-mergers-spinoffs-bankruptcies"",""https://investor.apple.com/faq./default.aspx"",""https://infomemo.theocc.com/infomemos?number=47369""]",[],"{""corporate_actions"":{""apple_split_history"":""Apple public FAQ lists its last split in August 2020, before this sample."",""limitation"":""No detected conflicting corporate-action evidence; absence is not a vendor guarantee of every historical deliverable."",""provider_error"":null,""provider_events"":[],""provider_query_period"":[""2025-09-30"",""2026-09-30""],""sources"":[""https://investor.apple.com/faq./default.aspx"",""https://infomemo.theocc.com/infomemos?number=47369"",""https://www.theocc.com/clearance-and-settlement/clearing/equity-options-product-specifications"",""https://www.optionseducation.org/referencelibrary/faq/splits-mergers-spinoffs-bankruptcies""],""status"":""research screening, not a complete OCC memo search"",""unresolved_adjustment_event"":false},""current_description"":{""status"":""directly retrieved current metadata; not historical listing evidence""},""deliverable"":{""status"":""research assumption, not individually historically verified"",""value"":""100 AAPL shares""},""expiry"":{""status"":""RIC-derived; checked against source description/cache when available""},""historical_membership"":{""first"":""2026-06-29"",""last"":""2026-09-30"",""raw_sha256"":""cbffe5b3dce8143bd88184ba935046c8633dad5c4f52445c2ee9f996025c4fc3"",""status"":""actual historical observations; per-signal availability gating""},""identity"":{""day_convention"":""zero-padded DD, instructor correction and retained real paired tests"",""fields"":[""underlying"",""cp"",""strike"",""expiry""],""source"":""https://developers.lseg.com/en/article-catalog/article/functions-to-find-option-rics-traded-on-different-exchanges"",""status"":""derived from official RIC rules""},""multiplier"":{""status"":""research assumption; supporting current lot-size metadata when available"",""value"":100},""scheduled_last_trading_date"":{""source"":""https://www.theocc.com/clearance-and-settlement/clearing/equity-options-product-specifications"",""status"":""rule/calendar-derived, not last observed quote""}}"
AAPLI172722500.U,AAPL.O,C,225.0,2027-09-17,2027-09-17,2026-06-29,2026-09-30,2027-09-17,100,100 AAPL shares,False,research assumption,"official RIC-rule derivation, checked against available description/cache","direct historical quotation evidence, gated at each signal","rule/calendar derivation, distinct from final quote",research assumption,research assumption,"Treat ordinary AAPL OPRA calls as unadjusted standard American 100-share contracts, based on OCC specifications, ordinary identifiers, available descriptions and the corporate-action review. Not vendor-confirmed contract-by-contract historical deliverables.","[""https://www.theocc.com/clearance-and-settlement/clearing/equity-options-product-specifications"",""https://www.optionseducation.org/referencelibrary/faq/splits-mergers-spinoffs-bankruptcies"",""https://investor.apple.com/faq./default.aspx"",""https://infomemo.theocc.com/infomemos?number=47369""]",[],"{""corporate_actions"":{""apple_split_history"":""Apple public FAQ lists its last split in August 2020, before this sample."",""limitation"":""No detected conflicting corporate-action evidence; absence is not a vendor guarantee of every historical deliverable."",""provider_error"":null,""provider_events"":[],""provider_query_period"":[""2025-09-30"",""2026-09-30""],""sources"":[""https://investor.apple.com/faq./default.aspx"",""https://infomemo.theocc.com/infomemos?number=47369"",""https://www.theocc.com/clearance-and-settlement/clearing/equity-options-product-specifications"",""https://www.optionseducation.org/referencelibrary/faq/splits-mergers-spinoffs-bankruptcies""],""status"":""research screening, not a complete OCC memo search"",""unresolved_adjustment_event"":false},""current_description"":{""status"":""directly retrieved current metadata; not historical listing evidence""},""deliverable"":{""status"":""research assumption, not individually historically verified"",""value"":""100 AAPL shares""},""expiry"":{""status"":""RIC-derived; checked against source description/cache when available""},""historical_membership"":{""first"":""2026-06-29"",""last"":""2026-09-30"",""raw_sha256"":""f2fbbd5497dc6143ae5873a7757c96093e4afc075f6404c617b898489fd26443"",""status"":""actual historical observations; per-signal availability gating""},""identity"":{""day_convention"":""zero-padded DD, instructor correction and retained real paired tests"",""fields"":[""underlying"",""cp"",""strike"",""expiry""],""source"":""https://developers.lseg.com/en/article-catalog/article/functions-to-find-option-rics-traded-on-different-exchanges"",""status"":""derived from official RIC rules""},""multiplier"":{""status"":""research assumption; supporting current lot-size metadata when available"",""value"":100},""scheduled_last_trading_date"":{""source"":""https://www.theocc.com/clearance-and-settlement/clearing/equity-options-product-specifications"",""status"":""rule/calendar-derived, not last observed quote""}}"
AAPLI172723000.U,AAPL.O,C,230.0,2027-09-17,2027-09-17,2026-06-29,2026-09-30,2027-09-17,100,100 AAPL shares,False,research assumption,"official RIC-rule derivation, checked against available description/cache","direct historical quotation evidence, gated at each signal","rule/calendar derivation, distinct from final quote",research assumption,research assumption,"Treat ordinary AAPL OPRA calls as unadjusted standard American 100-share contracts, based on OCC specifications, ordinary identifiers, available descriptions and the corporate-action review. Not vendor-confirmed contract-by-contract historical deliverables.","[""https://www.theocc.com/clearance-and-settlement/clearing/equity-options-product-specifications"",""https://www.optionseducation.org/referencelibrary/faq/splits-mergers-spinoffs-bankruptcies"",""https://investor.apple.com/faq./default.aspx"",""https://infomemo.theocc.com/infomemos?number=47369""]",[],"{""corporate_actions"":{""apple_split_history"":""Apple public FAQ lists its last split in August 2020, before this sample."",""limitation"":""No detected conflicting corporate-action evidence; absence is not a vendor guarantee of every historical deliverable."",""provider_error"":null,""provider_events"":[],""provider_query_period"":[""2025-09-30"",""2026-09-30""],""sources"":[""https://investor.apple.com/faq./default.aspx"",""https://infomemo.theocc.com/infomemos?number=47369"",""https://www.theocc.com/clearance-and-settlement/clearing/equity-options-product-specifications"",""https://www.optionseducation.org/referencelibrary/faq/splits-mergers-spinoffs-bankruptcies""],""status"":""research screening, not a complete OCC memo search"",""unresolved_adjustment_event"":false},""current_description"":{""status"":""directly retrieved current metadata; not historical listing evidence""},""deliverable"":{""status"":""research assumption, not individually historically verified"",""value"":""100 AAPL shares""},""expiry"":{""status"":""RIC-derived; checked against source description/cache when available""},""historical_membership"":{""first"":""2026-06-29"",""last"":""2026-09-30"",""raw_sha256"":""5b2494b1ac3874c9bb4395937db7379af4c1f75aee4b279fb1f90944908d38f3"",""status"":""actual historical observations; per-signal availability gating""},""identity"":{""day_convention"":""zero-padded DD, instructor correction and retained real paired tests"",""fields"":[""underlying"",""cp"",""strike"",""expiry""],""source"":""https://developers.lseg.com/en/article-catalog/article/functions-to-find-option-rics-traded-on-different-exchanges"",""status"":""derived from official RIC rules""},""multiplier"":{""status"":""research assumption; supporting current lot-size metadata when available"",""value"":100},""scheduled_last_trading_date"":{""source"":""https://www.theocc.com/clearance-and-settlement/clearing/equity-options-product-specifications"",""status"":""rule/calendar-derived, not last observed quote""}}"
AAPLI172723500.U,AAPL.O,C,235.0,2027-09-17,2027-09-17,2026-06-29,2026-09-30,2027-09-17,100,100 AAPL shares,False,research assumption,"official RIC-rule derivation, checked against available description/cache","direct historical quotation evidence, gated at each signal","rule/calendar derivation, distinct from final quote",research assumption,research assumption,"Treat ordinary AAPL OPRA calls as unadjusted standard American 100-share contracts, based on OCC specifications, ordinary identifiers, available descriptions and the corporate-action review. Not vendor-confirmed contract-by-contract historical deliverables.","[""https://www.theocc.com/clearance-and-settlement/clearing/equity-options-product-specifications"",""https://www.optionseducation.org/referencelibrary/faq/splits-mergers-spinoffs-bankruptcies"",""https://investor.apple.com/faq./default.aspx"",""https://infomemo.theocc.com/infomemos?number=47369""]",[],"{""corporate_actions"":{""apple_split_history"":""Apple public FAQ lists its last split in August 2020, before this sample."",""limitation"":""No detected conflicting corporate-action evidence; absence is not a vendor guarantee of every historical deliverable."",""provider_error"":null,""provider_events"":[],""provider_query_period"":[""2025-09-30"",""2026-09-30""],""sources"":[""https://investor.apple.com/faq./default.aspx"",""https://infomemo.theocc.com/infomemos?number=47369"",""https://www.theocc.com/clearance-and-settlement/clearing/equity-options-product-specifications"",""https://www.optionseducation.org/referencelibrary/faq/splits-mergers-spinoffs-bankruptcies""],""status"":""research screening, not a complete OCC memo search"",""unresolved_adjustment_event"":false},""current_description"":{""status"":""directly retrieved current metadata; not historical listing evidence""},""deliverable"":{""status"":""research assumption, not individually historically verified"",""value"":""100 AAPL shares""},""expiry"":{""status"":""RIC-derived; checked against source description/cache when available""},""historical_membership"":{""first"":""2026-06-29"",""last"":""2026-09-30"",""raw_sha256"":""9551075f3efae89c28af1a3b0072ef6d72ce0156c45b8fce603f355491ed2269"",""status"":""actual historical observations; per-signal availability gating""},""identity"":{""day_convention"":""zero-padded DD, instructor correction and retained real paired tests"",""fields"":[""underlying"",""cp"",""strike"",""expiry""],""source"":""https://developers.lseg.com/en/article-catalog/article/functions-to-find-option-rics-traded-on-different-exchanges"",""status"":""derived from official RIC rules""},""multiplier"":{""status"":""research assumption; supporting current lot-size metadata when available"",""value"":100},""scheduled_last_trading_date"":{""source"":""https://www.theocc.com/clearance-and-settlement/clearing/equity-options-product-specifications"",""status"":""rule/calendar-derived, not last observed quote""}}"
AAPLI172724000.U,AAPL.O,C,240.0,2027-09-17,2027-09-17,2026-06-29,2026-09-30,2027-09-17,100,100 AAPL shares,False,research assumption,"official RIC-rule derivation, checked against available description/cache","direct historical quotation evidence, gated at each signal","rule/calendar derivation, distinct from final quote",research assumption,research assumption,"Treat ordinary AAPL OPRA calls as unadjusted standard American 100-share contracts, based on OCC specifications, ordinary identifiers, available descriptions and the corporate-action review. Not vendor-confirmed contract-by-contract historical deliverables.","[""https://www.theocc.com/clearance-and-settlement/clearing/equity-options-product-specifications"",""https://www.optionseducation.org/referencelibrary/faq/splits-mergers-spinoffs-bankruptcies"",""https://investor.apple.com/faq./default.aspx"",""https://infomemo.theocc.com/infomemos?number=47369""]",[],"{""corporate_actions"":{""apple_split_history"":""Apple public FAQ lists its last split in August 2020, before this sample."",""limitation"":""No detected conflicting corporate-action evidence; absence is not a vendor guarantee of every historical deliverable."",""provider_error"":null,""provider_events"":[],""provider_query_period"":[""2025-09-30"",""2026-09-30""],""sources"":[""https://investor.apple.com/faq./default.aspx"",""https://infomemo.theocc.com/infomemos?number=47369"",""https://www.theocc.com/clearance-and-settlement/clearing/equity-options-product-specifications"",""https://www.optionseducation.org/referencelibrary/faq/splits-mergers-spinoffs-bankruptcies""],""status"":""research screening, not a complete OCC memo search"",""unresolved_adjustment_event"":false},""current_description"":{""status"":""directly retrieved current metadata; not historical listing evidence""},""deliverable"":{""status"":""research assumption, not individually historically verified"",""value"":""100 AAPL shares""},""expiry"":{""status"":""RIC-derived; checked against source description/cache when available""},""historical_membership"":{""first"":""2026-06-29"",""last"":""2026-09-30"",""raw_sha256"":""fd0dadb58fd238291e6377cbe2f037aa774a38e4b7b75626a9ba76ff1504990d"",""status"":""actual historical observations; per-signal availability gating""},""identity"":{""day_convention"":""zero-padded DD, instructor correction and retained real paired tests"",""fields"":[""underlying"",""cp"",""strike"",""expiry""],""source"":""https://developers.lseg.com/en/article-catalog/article/functions-to-find-option-rics-traded-on-different-exchanges"",""status"":""derived from official RIC rules""},""multiplier"":{""status"":""research assumption; supporting current lot-size metadata when available"",""value"":100},""scheduled_last_trading_date"":{""source"":""https://www.theocc.com/clearance-and-settlement/clearing/equity-options-product-specifications"",""status"":""rule/calendar-derived, not last observed quote""}}"
AAPLI172724500.U,AAPL.O,C,245.0,2027-09-17,2027-09-17,2026-06-29,2026-09-30,2027-09-17,100,100 AAPL shares,False,research assumption,"official RIC-rule derivation, checked against available description/cache","direct historical quotation evidence, gated at each signal","rule/calendar derivation, distinct from final quote",research assumption,research assumption,"Treat ordinary AAPL OPRA calls as unadjusted standard American 100-share contracts, based on OCC specifications, ordinary identifiers, available descriptions and the corporate-action review. Not vendor-confirmed contract-by-contract historical deliverables.","[""https://www.theocc.com/clearance-and-settlement/clearing/equity-options-product-specifications"",""https://www.optionseducation.org/referencelibrary/faq/splits-mergers-spinoffs-bankruptcies"",""https://investor.apple.com/faq./default.aspx"",""https://infomemo.theocc.com/infomemos?number=47369""]",[],"{""corporate_actions"":{""apple_split_history"":""Apple public FAQ lists its last split in August 2020, before this sample."",""limitation"":""No detected conflicting corporate-action evidence; absence is not a vendor guarantee of every historical deliverable."",""provider_error"":null,""provider_events"":[],""provider_query_period"":[""2025-09-30"",""2026-09-30""],""sources"":[""https://investor.apple.com/faq./default.aspx"",""https://infomemo.theocc.com/infomemos?number=47369"",""https://www.theocc.com/clearance-and-settlement/clearing/equity-options-product-specifications"",""https://www.optionseducation.org/referencelibrary/faq/splits-mergers-spinoffs-bankruptcies""],""status"":""research screening, not a complete OCC memo search"",""unresolved_adjustment_event"":false},""current_description"":{""status"":""directly retrieved current metadata; not historical listing evidence""},""deliverable"":{""status"":""research assumption, not individually historically verified"",""value"":""100 AAPL shares""},""expiry"":{""status"":""RIC-derived; checked against source description/cache when available""},""historical_membership"":{""first"":""2026-06-29"",""last"":""2026-09-30"",""raw_sha256"":""bc9ca3f583e2e4444d67ec97b843b6967556496bd8d61cea2f3912ae0752f864"",""status"":""actual historical observations; per-signal availability gating""},""identity"":{""day_convention"":""zero-padded DD, instructor correction and retained real paired tests"",""fields"":[""underlying"",""cp"",""strike"",""expiry""],""source"":""https://developers.lseg.com/en/article-catalog/article/functions-to-find-option-rics-traded-on-different-exchanges"",""status"":""derived from official RIC rules""},""multiplier"":{""status"":""research assumption; supporting current lot-size metadata when available"",""value"":100},""scheduled_last_trading_date"":{""source"":""https://www.theocc.com/clearance-and-settlement/clearing/equity-options-product-specifications"",""status"":""rule/calendar-derived, not last observed quote""}}"
AAPLI172725000.U,AAPL.O,C,250.0,2027-09-17,2027-09-17,2026-06-29,2026-09-30,2027-09-17,100,100 AAPL shares,False,research assumption,"official RIC-rule derivation, checked against available description/cache","direct historical quotation evidence, gated at each signal","rule/calendar derivation, distinct from final quote",research assumption,research assumption,"Treat ordinary AAPL OPRA calls as unadjusted standard American 100-share contracts, based on OCC specifications, ordinary identifiers, available descriptions and the corporate-action review. Not vendor-confirmed contract-by-contract historical deliverables.","[""https://www.theocc.com/clearance-and-settlement/clearing/equity-options-product-specifications"",""https://www.optionseducation.org/referencelibrary/faq/splits-mergers-spinoffs-bankruptcies"",""https://investor.apple.com/faq./default.aspx"",""https://infomemo.theocc.com/infomemos?number=47369""]",[],"{""corporate_actions"":{""apple_split_history"":""Apple public FAQ lists its last split in August 2020, before this sample."",""limitation"":""No detected conflicting corporate-action evidence; absence is not a vendor guarantee of every historical deliverable."",""provider_error"":null,""provider_events"":[],""provider_query_period"":[""2025-09-30"",""2026-09-30""],""sources"":[""https://investor.apple.com/faq./default.aspx"",""https://infomemo.theocc.com/infomemos?number=47369"",""https://www.theocc.com/clearance-and-settlement/clearing/equity-options-product-specifications"",""https://www.optionseducation.org/referencelibrary/faq/splits-mergers-spinoffs-bankruptcies""],""status"":""research screening, not a complete OCC memo search"",""unresolved_adjustment_event"":false},""current_description"":{""status"":""directly retrieved current metadata; not historical listing evidence""},""deliverable"":{""status"":""research assumption, not individually historically verified"",""value"":""100 AAPL shares""},""expiry"":{""status"":""RIC-derived; checked against source description/cache when available""},""historical_membership"":{""first"":""2026-06-29"",""last"":""2026-09-30"",""raw_sha256"":""cfe1b838574c5408588afc82c37d0ebd611420b913b4d0211dd60fca00cea145"",""status"":""actual historical observations; per-signal availability gating""},""identity"":{""day_convention"":""zero-padded DD, instructor correction and retained real paired tests"",""fields"":[""underlying"",""cp"",""strike"",""expiry""],""source"":""https://developers.lseg.com/en/article-catalog/article/functions-to-find-option-rics-traded-on-different-exchanges"",""status"":""derived from official RIC rules""},""multiplier"":{""status"":""research assumption; supporting current lot-size metadata when available"",""value"":100},""scheduled_last_trading_date"":{""source"":""https://www.theocc.com/clearance-and-settlement/clearing/equity-options-product-specifications"",""status"":""rule/calendar-derived, not last observed quote""}}"
AAPLI172725500.U,AAPL.O,C,255.0,2027-09-17,2027-09-17,2026-06-29,2026-09-30,2027-09-17,100,100 AAPL shares,False,research assumption,"official RIC-rule derivation, checked against available description/cache","direct historical quotation evidence, gated at each signal","rule/calendar derivation, distinct from final quote",research assumption,research assumption,"Treat ordinary AAPL OPRA calls as unadjusted standard American 100-share contracts, based on OCC specifications, ordinary identifiers, available descriptions and the corporate-action review. Not vendor-confirmed contract-by-contract historical deliverables.","[""https://www.theocc.com/clearance-and-settlement/clearing/equity-options-product-specifications"",""https://www.optionseducation.org/referencelibrary/faq/splits-mergers-spinoffs-bankruptcies"",""https://investor.apple.com/faq./default.aspx"",""https://infomemo.theocc.com/infomemos?number=47369""]",[],"{""corporate_actions"":{""apple_split_history"":""Apple public FAQ lists its last split in August 2020, before this sample."",""limitation"":""No detected conflicting corporate-action evidence; absence is not a vendor guarantee of every historical deliverable."",""provider_error"":null,""provider_events"":[],""provider_query_period"":[""2025-09-30"",""2026-09-30""],""sources"":[""https://investor.apple.com/faq./default.aspx"",""https://infomemo.theocc.com/infomemos?number=47369"",""https://www.theocc.com/clearance-and-settlement/clearing/equity-options-product-specifications"",""https://www.optionseducation.org/referencelibrary/faq/splits-mergers-spinoffs-bankruptcies""],""status"":""research screening, not a complete OCC memo search"",""unresolved_adjustment_event"":false},""current_description"":{""status"":""directly retrieved current metadata; not historical listing evidence""},""deliverable"":{""status"":""research assumption, not individually historically verified"",""value"":""100 AAPL shares""},""expiry"":{""status"":""RIC-derived; checked against source description/cache when available""},""historical_membership"":{""first"":""2026-06-29"",""last"":""2026-09-30"",""raw_sha256"":""4cf1ba4e4cf24aa1fdf25673d88d842885f75818c61a78943f1e61823fbd28f1"",""status"":""actual historical observations; per-signal availability gating""},""identity"":{""day_convention"":""zero-padded DD, instructor correction and retained real paired tests"",""fields"":[""underlying"",""cp"",""strike"",""expiry""],""source"":""https://developers.lseg.com/en/article-catalog/article/functions-to-find-option-rics-traded-on-different-exchanges"",""status"":""derived from official RIC rules""},""multiplier"":{""status"":""research assumption; supporting current lot-size metadata when available"",""value"":100},""scheduled_last_trading_date"":{""source"":""https://www.theocc.com/clearance-and-settlement/clearing/equity-options-product-specifications"",""status"":""rule/calendar-derived, not last observed quote""}}"
AAPLI182631750.U^I26,AAPL.O,C,317.5,2026-09-18,2026-09-18,2026-08-24,2026-09-18,2026-09-18,100,100 AAPL shares,False,research assumption,"official RIC-rule derivation, checked against available description/cache","direct historical quotation evidence, gated at each signal","rule/calendar derivation, distinct from final quote",research assumption,research assumption,"Treat ordinary AAPL OPRA calls as unadjusted standard American 100-share contracts, based on OCC specifications, ordinary identifiers, available descriptions and the corporate-action review. Not vendor-confirmed contract-by-contract historical deliverables.","[""https://www.theocc.com/clearance-and-settlement/clearing/equity-options-product-specifications"",""https://www.optionseducation.org/referencelibrary/faq/splits-mergers-spinoffs-bankruptcies"",""https://investor.apple.com/faq./default.aspx"",""https://infomemo.theocc.com/infomemos?number=47369""]",[],"{""candidate_construction"":{""source"":""https://developers.lseg.com/en/article-catalog/article/functions-to-find-option-rics-traded-on-different-exchanges"",""status"":""RIC probe, not listing evidence""},""corporate_actions"":{""apple_split_history"":""Apple public FAQ lists its last split in August 2020, before this sample."",""limitation"":""No detected conflicting corporate-action evidence; absence is not a vendor guarantee of every historical deliverable."",""provider_error"":null,""provider_events"":[],""provider_query_period"":[""2025-09-30"",""2026-09-30""],""sources"":[""https://investor.apple.com/faq./default.aspx"",""https://infomemo.theocc.com/infomemos?number=47369"",""https://www.theocc.com/clearance-and-settlement/clearing/equity-options-product-specifications"",""https://www.optionseducation.org/referencelibrary/faq/splits-mergers-spinoffs-bankruptcies""],""status"":""research screening, not a complete OCC memo search"",""unresolved_adjustment_event"":false},""current_description"":{""checks"":[],""status"":""not available for expired RIC""},""deliverable"":{""status"":""research assumption, not individually historically verified"",""value"":""100 AAPL shares""},""expiry"":{""status"":""RIC-derived; checked against source description/cache when available""},""historical_membership"":{""first"":""2026-08-24"",""last"":""2026-09-18"",""raw_sha256"":""f3f8fd1f48a2d169679c72b344d553229a80e15f51c8a8e5808355363ecd73f5"",""status"":""actual historical response; gated before each signal""},""identity"":{""day_convention"":""zero-padded DD, instructor correction and retained real paired tests"",""fields"":[""underlying"",""cp"",""strike"",""expiry""],""source"":""https://developers.lseg.com/en/article-catalog/article/functions-to-find-option-rics-traded-on-different-exchanges"",""status"":""derived from official RIC rules""},""multiplier"":{""status"":""research assumption; supporting current lot-size metadata when available"",""value"":100},""scheduled_last_trading_date"":{""source"":""https://www.theocc.com/clearance-and-settlement/clearing/equity-options-product-specifications"",""status"":""rule/calendar-derived, not last observed quote""}}"
AAPLI182632000.U^I26,AAPL.O,C,320.0,2026-09-18,2026-09-18,2026-06-29,2026-09-18,2026-09-18,100,100 AAPL shares,False,research assumption,"official RIC-rule derivation, checked against available description/cache","direct historical quotation evidence, gated at each signal","rule/calendar derivation, distinct from final quote",research assumption,research assumption,"Treat ordinary AAPL OPRA calls as unadjusted standard American 100-share contracts, based on OCC specifications, ordinary identifiers, available descriptions and the corporate-action review. Not vendor-confirmed contract-by-contract historical deliverables.","[""https://www.theocc.com/clearance-and-settlement/clearing/equity-options-product-specifications"",""https://www.optionseducation.org/referencelibrary/faq/splits-mergers-spinoffs-bankruptcies"",""https://investor.apple.com/faq./default.aspx"",""https://infomemo.theocc.com/infomemos?number=47369""]",[],"{""candidate_construction"":{""source"":""https://developers.lseg.com/en/article-catalog/article/functions-to-find-option-rics-traded-on-different-exchanges"",""status"":""RIC probe, not listing evidence""},""corporate_actions"":{""apple_split_history"":""Apple public FAQ lists its last split in August 2020, before this sample."",""limitation"":""No detected conflicting corporate-action evidence; absence is not a vendor guarantee of every historical deliverable."",""provider_error"":null,""provider_events"":[],""provider_query_period"":[""2025-09-30"",""2026-09-30""],""sources"":[""https://investor.apple.com/faq./default.aspx"",""https://infomemo.theocc.com/infomemos?number=47369"",""https://www.theocc.com/clearance-and-settlement/clearing/equity-options-product-specifications"",""https://www.optionseducation.org/referencelibrary/faq/splits-mergers-spinoffs-bankruptcies""],""status"":""research screening, not a complete OCC memo search"",""unresolved_adjustment_event"":false},""current_description"":{""checks"":[],""status"":""not available for expired RIC""},""deliverable"":{""status"":""research assumption, not individually historically verified"",""value"":""100 AAPL shares""},""expiry"":{""status"":""RIC-derived; checked against source description/cache when available""},""historical_membership"":{""first"":""2026-06-29"",""last"":""2026-09-18"",""raw_sha256"":""ffea1416baff5f1f81591edc324cd9da52ae41497597fa064cbc51429241eabc"",""status"":""actual historical response; gated before each signal""},""identity"":{""day_convention"":""zero-padded DD, instructor correction and retained real paired tests"",""fields"":[""underlying"",""cp"",""strike"",""expiry""],""source"":""https://developers.lseg.com/en/article-catalog/article/functions-to-find-option-rics-traded-on-different-exchanges"",""status"":""derived from official RIC rules""},""multiplier"":{""status"":""research assumption; supporting current lot-size metadata when available"",""value"":100},""scheduled_last_trading_date"":{""source"":""https://www.theocc.com/clearance-and-settlement/clearing/equity-options-product-specifications"",""status"":""rule/calendar-derived, not last observed quote""}}"
AAPLI182632250.U^I26,AAPL.O,C,322.5,2026-09-18,2026-09-18,2026-08-24,2026-09-18,2026-09-18,100,100 AAPL shares,False,research assumption,"official RIC-rule derivation, checked against available description/cache","direct historical quotation evidence, gated at each signal","rule/calendar derivation, distinct from final quote",research assumption,research assumption,"Treat ordinary AAPL OPRA calls as unadjusted standard American 100-share contracts, based on OCC specifications, ordinary identifiers, available descriptions and the corporate-action review. Not vendor-confirmed contract-by-contract historical deliverables.","[""https://www.theocc.com/clearance-and-settlement/clearing/equity-options-product-specifications"",""https://www.optionseducation.org/referencelibrary/faq/splits-mergers-spinoffs-bankruptcies"",""https://investor.apple.com/faq./default.aspx"",""https://infomemo.theocc.com/infomemos?number=47369""]",[],"{""candidate_construction"":{""source"":""https://developers.lseg.com/en/article-catalog/article/functions-to-find-option-rics-traded-on-different-exchanges"",""status"":""RIC probe, not listing evidence""},""corporate_actions"":{""apple_split_history"":""Apple public FAQ lists its last split in August 2020, before this sample."",""limitation"":""No detected conflicting corporate-action evidence; absence is not a vendor guarantee of every historical deliverable."",""provider_error"":null,""provider_events"":[],""provider_query_period"":[""2025-09-30"",""2026-09-30""],""sources"":[""https://investor.apple.com/faq./default.aspx"",""https://infomemo.theocc.com/infomemos?number=47369"",""https://www.theocc.com/clearance-and-settlement/clearing/equity-options-product-specifications"",""https://www.optionseducation.org/referencelibrary/faq/splits-mergers-spinoffs-bankruptcies""],""status"":""research screening, not a complete OCC memo search"",""unresolved_adjustment_event"":false},""current_description"":{""checks"":[],""status"":""not available for expired RIC""},""deliverable"":{""status"":""research assumption, not individually historically verified"",""value"":""100 AAPL shares""},""expiry"":{""status"":""RIC-derived; checked against source description/cache when available""},""historical_membership"":{""first"":""2026-08-24"",""last"":""2026-09-18"",""raw_sha256"":""9c0b980891309a0f314f5f5044400508c31b18a04e332e26ab4b7d488cb7d3aa"",""status"":""actual historical response; gated before each signal""},""identity"":{""day_convention"":""zero-padded DD, instructor correction and retained real paired tests"",""fields"":[""underlying"",""cp"",""strike"",""expiry""],""source"":""https://developers.lseg.com/en/article-catalog/article/functions-to-find-option-rics-traded-on-different-exchanges"",""status"":""derived from official RIC rules""},""multiplier"":{""status"":""research assumption; supporting current lot-size metadata when available"",""value"":100},""scheduled_last_trading_date"":{""source"":""https://www.theocc.com/clearance-and-settlement/clearing/equity-options-product-specifications"",""status"":""rule/calendar-derived, not last observed quote""}}"
AAPLI182632500.U^I26,AAPL.O,C,325.0,2026-09-18,2026-09-18,2026-06-29,2026-09-18,2026-09-18,100,100 AAPL shares,False,research assumption,"official RIC-rule derivation, checked against available description/cache","direct historical quotation evidence, gated at each signal","rule/calendar derivation, distinct from final quote",research assumption,research assumption,"Treat ordinary AAPL OPRA calls as unadjusted standard American 100-share contracts, based on OCC specifications, ordinary identifiers, available descriptions and the corporate-action review. Not vendor-confirmed contract-by-contract historical deliverables.","[""https://www.theocc.com/clearance-and-settlement/clearing/equity-options-product-specifications"",""https://www.optionseducation.org/referencelibrary/faq/splits-mergers-spinoffs-bankruptcies"",""https://investor.apple.com/faq./default.aspx"",""https://infomemo.theocc.com/infomemos?number=47369""]",[],"{""candidate_construction"":{""source"":""https://developers.lseg.com/en/article-catalog/article/functions-to-find-option-rics-traded-on-different-exchanges"",""status"":""RIC probe, not listing evidence""},""corporate_actions"":{""apple_split_history"":""Apple public FAQ lists its last split in August 2020, before this sample."",""limitation"":""No detected conflicting corporate-action evidence; absence is not a vendor guarantee of every historical deliverable."",""provider_error"":null,""provider_events"":[],""provider_query_period"":[""2025-09-30"",""2026-09-30""],""sources"":[""https://investor.apple.com/faq./default.aspx"",""https://infomemo.theocc.com/infomemos?number=47369"",""https://www.theocc.com/clearance-and-settlement/clearing/equity-options-product-specifications"",""https://www.optionseducation.org/referencelibrary/faq/splits-mergers-spinoffs-bankruptcies""],""status"":""research screening, not a complete OCC memo search"",""unresolved_adjustment_event"":false},""current_description"":{""checks"":[],""status"":""not available for expired RIC""},""deliverable"":{""status"":""research assumption, not individually historically verified"",""value"":""100 AAPL shares""},""expiry"":{""status"":""RIC-derived; checked against source description/cache when available""},""historical_membership"":{""first"":""2026-06-29"",""last"":""2026-09-18"",""raw_sha256"":""9c7ae76bfa158288b0da4cb7f9f1a23bffb971d2063995d888ee803449d41afb"",""status"":""actual historical response; gated before each signal""},""identity"":{""day_convention"":""zero-padded DD, instructor correction and retained real paired tests"",""fields"":[""underlying"",""cp"",""strike"",""expiry""],""source"":""https://developers.lseg.com/en/article-catalog/article/functions-to-find-option-rics-traded-on-different-exchanges"",""status"":""derived from official RIC rules""},""multiplier"":{""status"":""research assumption; supporting current lot-size metadata when available"",""value"":100},""scheduled_last_trading_date"":{""source"":""https://www.theocc.com/clearance-and-settlement/clearing/equity-options-product-specifications"",""status"":""rule/calendar-derived, not last observed quote""}}"
AAPLI182632750.U^I26,AAPL.O,C,327.5,2026-09-18,2026-09-18,2026-08-24,2026-09-18,2026-09-18,100,100 AAPL shares,False,research assumption,"official RIC-rule derivation, checked against available description/cache","direct historical quotation evidence, gated at each signal","rule/calendar derivation, distinct from final quote",research assumption,research assumption,"Treat ordinary AAPL OPRA calls as unadjusted standard American 100-share contracts, based on OCC specifications, ordinary identifiers, available descriptions and the corporate-action review. Not vendor-confirmed contract-by-contract historical deliverables.","[""https://www.theocc.com/clearance-and-settlement/clearing/equity-options-product-specifications"",""https://www.optionseducation.org/referencelibrary/faq/splits-mergers-spinoffs-bankruptcies"",""https://investor.apple.com/faq./default.aspx"",""https://infomemo.theocc.com/infomemos?number=47369""]",[],"{""candidate_construction"":{""source"":""https://developers.lseg.com/en/article-catalog/article/functions-to-find-option-rics-traded-on-different-exchanges"",""status"":""RIC probe, not listing evidence""},""corporate_actions"":{""apple_split_history"":""Apple public FAQ lists its last split in August 2020, before this sample."",""limitation"":""No detected conflicting corporate-action evidence; absence is not a vendor guarantee of every historical deliverable."",""provider_error"":null,""provider_events"":[],""provider_query_period"":[""2025-09-30"",""2026-09-30""],""sources"":[""https://investor.apple.com/faq./default.aspx"",""https://infomemo.theocc.com/infomemos?number=47369"",""https://www.theocc.com/clearance-and-settlement/clearing/equity-options-product-specifications"",""https://www.optionseducation.org/referencelibrary/faq/splits-mergers-spinoffs-bankruptcies""],""status"":""research screening, not a complete OCC memo search"",""unresolved_adjustment_event"":false},""current_description"":{""checks"":[],""status"":""not available for expired RIC""},""deliverable"":{""status"":""research assumption, not individually historically verified"",""value"":""100 AAPL shares""},""expiry"":{""status"":""RIC-derived; checked against source description/cache when available""},""historical_membership"":{""first"":""2026-08-24"",""last"":""2026-09-18"",""raw_sha256"":""e9772411ab069e7fd5dbb544ae54a53d8fed6dfacdea11bd496b19faefa4a7e1"",""status"":""actual historical response; gated before each signal""},""identity"":{""day_convention"":""zero-padded DD, instructor correction and retained real paired tests"",""fields"":[""underlying"",""cp"",""strike"",""expiry""],""source"":""https://developers.lseg.com/en/article-catalog/article/functions-to-find-option-rics-traded-on-different-exchanges"",""status"":""derived from official RIC rules""},""multiplier"":{""status"":""research assumption; supporting current lot-size metadata when available"",""value"":100},""scheduled_last_trading_date"":{""source"":""https://www.theocc.com/clearance-and-settlement/clearing/equity-options-product-specifications"",""status"":""rule/calendar-derived, not last observed quote""}}"
AAPLI182633000.U^I26,AAPL.O,C,330.0,2026-09-18,2026-09-18,2026-06-29,2026-09-18,2026-09-18,100,100 AAPL shares,False,research assumption,"official RIC-rule derivation, checked against available description/cache","direct historical quotation evidence, gated at each signal","rule/calendar derivation, distinct from final quote",research assumption,research assumption,"Treat ordinary AAPL OPRA calls as unadjusted standard American 100-share contracts, based on OCC specifications, ordinary identifiers, available descriptions and the corporate-action review. Not vendor-confirmed contract-by-contract historical deliverables.","[""https://www.theocc.com/clearance-and-settlement/clearing/equity-options-product-specifications"",""https://www.optionseducation.org/referencelibrary/faq/splits-mergers-spinoffs-bankruptcies"",""https://investor.apple.com/faq./default.aspx"",""https://infomemo.theocc.com/infomemos?number=47369""]",[],"{""candidate_construction"":{""source"":""https://developers.lseg.com/en/article-catalog/article/functions-to-find-option-rics-traded-on-different-exchanges"",""status"":""RIC probe, not listing evidence""},""corporate_actions"":{""apple_split_history"":""Apple public FAQ lists its last split in August 2020, before this sample."",""limitation"":""No detected conflicting corporate-action evidence; absence is not a vendor guarantee of every historical deliverable."",""provider_error"":null,""provider_events"":[],""provider_query_period"":[""2025-09-30"",""2026-09-30""],""sources"":[""https://investor.apple.com/faq./default.aspx"",""https://infomemo.theocc.com/infomemos?number=47369"",""https://www.theocc.com/clearance-and-settlement/clearing/equity-options-product-specifications"",""https://www.optionseducation.org/referencelibrary/faq/splits-mergers-spinoffs-bankruptcies""],""status"":""research screening, not a complete OCC memo search"",""unresolved_adjustment_event"":false},""current_description"":{""checks"":[],""status"":""not available for expired RIC""},""deliverable"":{""status"":""research assumption, not individually historically verified"",""value"":""100 AAPL shares""},""expiry"":{""status"":""RIC-derived; checked against source description/cache when available""},""historical_membership"":{""first"":""2026-06-29"",""last"":""2026-09-18"",""raw_sha256"":""f81735d4437d3dd09abf012a3c911c6362a1e0ebd27d6e177afebc77759f2715"",""status"":""actual historical response; gated before each signal""},""identity"":{""day_convention"":""zero-padded DD, instructor correction and retained real paired tests"",""fields"":[""underlying"",""cp"",""strike"",""expiry""],""source"":""https://developers.lseg.com/en/article-catalog/article/functions-to-find-option-rics-traded-on-different-exchanges"",""status"":""derived from official RIC rules""},""multiplier"":{""status"":""research assumption; supporting current lot-size metadata when available"",""value"":100},""scheduled_last_trading_date"":{""source"":""https://www.theocc.com/clearance-and-settlement/clearing/equity-options-product-specifications"",""status"":""rule/calendar-derived, not last observed quote""}}"
AAPLI182633250.U^I26,AAPL.O,C,332.5,2026-09-18,2026-09-18,2026-08-24,2026-09-18,2026-09-18,100,100 AAPL shares,False,research assumption,"official RIC-rule derivation, checked against available description/cache","direct historical quotation evidence, gated at each signal","rule/calendar derivation, distinct from final quote",research assumption,research assumption,"Treat ordinary AAPL OPRA calls as unadjusted standard American 100-share contracts, based on OCC specifications, ordinary identifiers, available descriptions and the corporate-action review. Not vendor-confirmed contract-by-contract historical deliverables.","[""https://www.theocc.com/clearance-and-settlement/clearing/equity-options-product-specifications"",""https://www.optionseducation.org/referencelibrary/faq/splits-mergers-spinoffs-bankruptcies"",""https://investor.apple.com/faq./default.aspx"",""https://infomemo.theocc.com/infomemos?number=47369""]",[],"{""candidate_construction"":{""source"":""https://developers.lseg.com/en/article-catalog/article/functions-to-find-option-rics-traded-on-different-exchanges"",""status"":""RIC probe, not listing evidence""},""corporate_actions"":{""apple_split_history"":""Apple public FAQ lists its last split in August 2020, before this sample."",""limitation"":""No detected conflicting corporate-action evidence; absence is not a vendor guarantee of every historical deliverable."",""provider_error"":null,""provider_events"":[],""provider_query_period"":[""2025-09-30"",""2026-09-30""],""sources"":[""https://investor.apple.com/faq./default.aspx"",""https://infomemo.theocc.com/infomemos?number=47369"",""https://www.theocc.com/clearance-and-settlement/clearing/equity-options-product-specifications"",""https://www.optionseducation.org/referencelibrary/faq/splits-mergers-spinoffs-bankruptcies""],""status"":""research screening, not a complete OCC memo search"",""unresolved_adjustment_event"":false},""current_description"":{""checks"":[],""status"":""not available for expired RIC""},""deliverable"":{""status"":""research assumption, not individually historically verified"",""value"":""100 AAPL shares""},""expiry"":{""status"":""RIC-derived; checked against source description/cache when available""},""historical_membership"":{""first"":""2026-08-24"",""last"":""2026-09-18"",""raw_sha256"":""eda1dd042bd7c5519614ffca3a201eedec17d3ab953eb012f4582863ab5bac3b"",""status"":""actual historical response; gated before each signal""},""identity"":{""day_convention"":""zero-padded DD, instructor correction and retained real paired tests"",""fields"":[""underlying"",""cp"",""strike"",""expiry""],""source"":""https://developers.lseg.com/en/article-catalog/article/functions-to-find-option-rics-traded-on-different-exchanges"",""status"":""derived from official RIC rules""},""multiplier"":{""status"":""research assumption; supporting current lot-size metadata when available"",""value"":100},""scheduled_last_trading_date"":{""source"":""https://www.theocc.com/clearance-and-settlement/clearing/equity-options-product-specifications"",""status"":""rule/calendar-derived, not last observed quote""}}"
AAPLI182633500.U^I26,AAPL.O,C,335.0,2026-09-18,2026-09-18,2026-06-29,2026-09-18,2026-09-18,100,100 AAPL shares,False,research assumption,"official RIC-rule derivation, checked against available description/cache","direct historical quotation evidence, gated at each signal","rule/calendar derivation, distinct from final quote",research assumption,research assumption,"Treat ordinary AAPL OPRA calls as unadjusted standard American 100-share contracts, based on OCC specifications, ordinary identifiers, available descriptions and the corporate-action review. Not vendor-confirmed contract-by-contract historical deliverables.","[""https://www.theocc.com/clearance-and-settlement/clearing/equity-options-product-specifications"",""https://www.optionseducation.org/referencelibrary/faq/splits-mergers-spinoffs-bankruptcies"",""https://investor.apple.com/faq./default.aspx"",""https://infomemo.theocc.com/infomemos?number=47369""]",[],"{""candidate_construction"":{""source"":""https://developers.lseg.com/en/article-catalog/article/functions-to-find-option-rics-traded-on-different-exchanges"",""status"":""RIC probe, not listing evidence""},""corporate_actions"":{""apple_split_history"":""Apple public FAQ lists its last split in August 2020, before this sample."",""limitation"":""No detected conflicting corporate-action evidence; absence is not a vendor guarantee of every historical deliverable."",""provider_error"":null,""provider_events"":[],""provider_query_period"":[""2025-09-30"",""2026-09-30""],""sources"":[""https://investor.apple.com/faq./default.aspx"",""https://infomemo.theocc.com/infomemos?number=47369"",""https://www.theocc.com/clearance-and-settlement/clearing/equity-options-product-specifications"",""https://www.optionseducation.org/referencelibrary/faq/splits-mergers-spinoffs-bankruptcies""],""status"":""research screening, not a complete OCC memo search"",""unresolved_adjustment_event"":false},""current_description"":{""checks"":[],""status"":""not available for expired RIC""},""deliverable"":{""status"":""research assumption, not individually historically verified"",""value"":""100 AAPL shares""},""expiry"":{""status"":""RIC-derived; checked against source description/cache when available""},""historical_membership"":{""first"":""2026-06-29"",""last"":""2026-09-18"",""raw_sha256"":""ee6cb164ef529bb089be6fc468364bad65de82cd345d69d43c4584e640818534"",""status"":""actual historical response; gated before each signal""},""identity"":{""day_convention"":""zero-padded DD, instructor correction and retained real paired tests"",""fields"":[""underlying"",""cp"",""strike"",""expiry""],""source"":""https://developers.lseg.com/en/article-catalog/article/functions-to-find-option-rics-traded-on-different-exchanges"",""status"":""derived from official RIC rules""},""multiplier"":{""status"":""research assumption; supporting current lot-size metadata when available"",""value"":100},""scheduled_last_trading_date"":{""source"":""https://www.theocc.com/clearance-and-settlement/clearing/equity-options-product-specifications"",""status"":""rule/calendar-derived, not last observed quote""}}"
AAPLI182633750.U^I26,AAPL.O,C,337.5,2026-09-18,2026-09-18,2026-08-27,2026-09-18,2026-09-18,100,100 AAPL shares,False,research assumption,"official RIC-rule derivation, checked against available description/cache","direct historical quotation evidence, gated at each signal","rule/calendar derivation, distinct from final quote",research assumption,research assumption,"Treat ordinary AAPL OPRA calls as unadjusted standard American 100-share contracts, based on OCC specifications, ordinary identifiers, available descriptions and the corporate-action review. Not vendor-confirmed contract-by-contract historical deliverables.","[""https://www.theocc.com/clearance-and-settlement/clearing/equity-options-product-specifications"",""https://www.optionseducation.org/referencelibrary/faq/splits-mergers-spinoffs-bankruptcies"",""https://investor.apple.com/faq./default.aspx"",""https://infomemo.theocc.com/infomemos?number=47369""]",[],"{""candidate_construction"":{""source"":""https://developers.lseg.com/en/article-catalog/article/functions-to-find-option-rics-traded-on-different-exchanges"",""status"":""RIC probe, not listing evidence""},""corporate_actions"":{""apple_split_history"":""Apple public FAQ lists its last split in August 2020, before this sample."",""limitation"":""No detected conflicting corporate-action evidence; absence is not a vendor guarantee of every historical deliverable."",""provider_error"":null,""provider_events"":[],""provider_query_period"":[""2025-09-30"",""2026-09-30""],""sources"":[""https://investor.apple.com/faq./default.aspx"",""https://infomemo.theocc.com/infomemos?number=47369"",""https://www.theocc.com/clearance-and-settlement/clearing/equity-options-product-specifications"",""https://www.optionseducation.org/referencelibrary/faq/splits-mergers-spinoffs-bankruptcies""],""status"":""research screening, not a complete OCC memo search"",""unresolved_adjustment_event"":false},""current_description"":{""checks"":[],""status"":""not available for expired RIC""},""deliverable"":{""status"":""research assumption, not individually historically verified"",""value"":""100 AAPL shares""},""expiry"":{""status"":""RIC-derived; checked against source description/cache when available""},""historical_membership"":{""first"":""2026-08-27"",""last"":""2026-09-18"",""raw_sha256"":""aca97535110a0a4e3085ed05c2becd31a0b3f1936b78a34aee4f522b420efc46"",""status"":""actual historical response; gated before each signal""},""identity"":{""day_convention"":""zero-padded DD, instructor correction and retained real paired tests"",""fields"":[""underlying"",""cp"",""strike"",""expiry""],""source"":""https://developers.lseg.com/en/article-catalog/article/functions-to-find-option-rics-traded-on-different-exchanges"",""status"":""derived from official RIC rules""},""multiplier"":{""status"":""research assumption; supporting current lot-size metadata when available"",""value"":100},""scheduled_last_trading_date"":{""source"":""https://www.theocc.com/clearance-and-settlement/clearing/equity-options-product-specifications"",""status"":""rule/calendar-derived, not last observed quote""}}"
AAPLI182634000.U^I26,AAPL.O,C,340.0,2026-09-18,2026-09-18,2026-06-29,2026-09-18,2026-09-18,100,100 AAPL shares,False,research assumption,"official RIC-rule derivation, checked against available description/cache","direct historical quotation evidence, gated at each signal","rule/calendar derivation, distinct from final quote",research assumption,research assumption,"Treat ordinary AAPL OPRA calls as unadjusted standard American 100-share contracts, based on OCC specifications, ordinary identifiers, available descriptions and the corporate-action review. Not vendor-confirmed contract-by-contract historical deliverables.","[""https://www.theocc.com/clearance-and-settlement/clearing/equity-options-product-specifications"",""https://www.optionseducation.org/referencelibrary/faq/splits-mergers-spinoffs-bankruptcies"",""https://investor.apple.com/faq./default.aspx"",""https://infomemo.theocc.com/infomemos?number=47369""]",[],"{""candidate_construction"":{""source"":""https://developers.lseg.com/en/article-catalog/article/functions-to-find-option-rics-traded-on-different-exchanges"",""status"":""RIC probe, not listing evidence""},""corporate_actions"":{""apple_split_history"":""Apple public FAQ lists its last split in August 2020, before this sample."",""limitation"":""No detected conflicting corporate-action evidence; absence is not a vendor guarantee of every historical deliverable."",""provider_error"":null,""provider_events"":[],""provider_query_period"":[""2025-09-30"",""2026-09-30""],""sources"":[""https://investor.apple.com/faq./default.aspx"",""https://infomemo.theocc.com/infomemos?number=47369"",""https://www.theocc.com/clearance-and-settlement/clearing/equity-options-product-specifications"",""https://www.optionseducation.org/referencelibrary/faq/splits-mergers-spinoffs-bankruptcies""],""status"":""research screening, not a complete OCC memo search"",""unresolved_adjustment_event"":false},""current_description"":{""checks"":[],""status"":""not available for expired RIC""},""deliverable"":{""status"":""research assumption, not individually historically verified"",""value"":""100 AAPL shares""},""expiry"":{""status"":""RIC-derived; checked against source description/cache when available""},""historical_membership"":{""first"":""2026-06-29"",""last"":""2026-09-18"",""raw_sha256"":""1fd42770a433782904f16333162df5eab405a53aafad706542e921ef98202fb6"",""status"":""actual historical response; gated before each signal""},""identity"":{""day_convention"":""zero-padded DD, instructor correction and retained real paired tests"",""fields"":[""underlying"",""cp"",""strike"",""expiry""],""source"":""https://developers.lseg.com/en/article-catalog/article/functions-to-find-option-rics-traded-on-different-exchanges"",""status"":""derived from official RIC rules""},""multiplier"":{""status"":""research assumption; supporting current lot-size metadata when available"",""value"":100},""scheduled_last_trading_date"":{""source"":""https://www.theocc.com/clearance-and-settlement/clearing/equity-options-product-specifications"",""status"":""rule/calendar-derived, not last observed quote""}}"
AAPLI182634250.U^I26,AAPL.O,C,342.5,2026-09-18,2026-09-18,2026-09-10,2026-09-18,2026-09-18,100,100 AAPL shares,False,research assumption,"official RIC-rule derivation, checked against available description/cache","direct historical quotation evidence, gated at each signal","rule/calendar derivation, distinct from final quote",research assumption,research assumption,"Treat ordinary AAPL OPRA calls as unadjusted standard American 100-share contracts, based on OCC specifications, ordinary identifiers, available descriptions and the corporate-action review. Not vendor-confirmed contract-by-contract historical deliverables.","[""https://www.theocc.com/clearance-and-settlement/clearing/equity-options-product-specifications"",""https://www.optionseducation.org/referencelibrary/faq/splits-mergers-spinoffs-bankruptcies"",""https://investor.apple.com/faq./default.aspx"",""https://infomemo.theocc.com/infomemos?number=47369""]",[],"{""candidate_construction"":{""source"":""https://developers.lseg.com/en/article-catalog/article/functions-to-find-option-rics-traded-on-different-exchanges"",""status"":""RIC probe, not listing evidence""},""corporate_actions"":{""apple_split_history"":""Apple public FAQ lists its last split in August 2020, before this sample."",""limitation"":""No detected conflicting corporate-action evidence; absence is not a vendor guarantee of every historical deliverable."",""provider_error"":null,""provider_events"":[],""provider_query_period"":[""2025-09-30"",""2026-09-30""],""sources"":[""https://investor.apple.com/faq./default.aspx"",""https://infomemo.theocc.com/infomemos?number=47369"",""https://www.theocc.com/clearance-and-settlement/clearing/equity-options-product-specifications"",""https://www.optionseducation.org/referencelibrary/faq/splits-mergers-spinoffs-bankruptcies""],""status"":""research screening, not a complete OCC memo search"",""unresolved_adjustment_event"":false},""current_description"":{""checks"":[],""status"":""not available for expired RIC""},""deliverable"":{""status"":""research assumption, not individually historically verified"",""value"":""100 AAPL shares""},""expiry"":{""status"":""RIC-derived; checked against source description/cache when available""},""historical_membership"":{""first"":""2026-09-10"",""last"":""2026-09-18"",""raw_sha256"":""42b43ea00a2e8f31bbee715f3db4d077d031a8f149d7bd1ca400eef91cbe8f33"",""status"":""actual historical response; gated before each signal""},""identity"":{""day_convention"":""zero-padded DD, instructor correction and retained real paired tests"",""fields"":[""underlying"",""cp"",""strike"",""expiry""],""source"":""https://developers.lseg.com/en/article-catalog/article/functions-to-find-option-rics-traded-on-different-exchanges"",""status"":""derived from official RIC rules""},""multiplier"":{""status"":""research assumption; supporting current lot-size metadata when available"",""value"":100},""scheduled_last_trading_date"":{""source"":""https://www.theocc.com/clearance-and-settlement/clearing/equity-options-product-specifications"",""status"":""rule/calendar-derived, not last observed quote""}}"
AAPLI182634500.U^I26,AAPL.O,C,345.0,2026-09-18,2026-09-18,2026-06-29,2026-09-18,2026-09-18,100,100 AAPL shares,False,research assumption,"official RIC-rule derivation, checked against available description/cache","direct historical quotation evidence, gated at each signal","rule/calendar derivation, distinct from final quote",research assumption,research assumption,"Treat ordinary AAPL OPRA calls as unadjusted standard American 100-share contracts, based on OCC specifications, ordinary identifiers, available descriptions and the corporate-action review. Not vendor-confirmed contract-by-contract historical deliverables.","[""https://www.theocc.com/clearance-and-settlement/clearing/equity-options-product-specifications"",""https://www.optionseducation.org/referencelibrary/faq/splits-mergers-spinoffs-bankruptcies"",""https://investor.apple.com/faq./default.aspx"",""https://infomemo.theocc.com/infomemos?number=47369""]",[],"{""candidate_construction"":{""source"":""https://developers.lseg.com/en/article-catalog/article/functions-to-find-option-rics-traded-on-different-exchanges"",""status"":""RIC probe, not listing evidence""},""corporate_actions"":{""apple_split_history"":""Apple public FAQ lists its last split in August 2020, before this sample."",""limitation"":""No detected conflicting corporate-action evidence; absence is not a vendor guarantee of every historical deliverable."",""provider_error"":null,""provider_events"":[],""provider_query_period"":[""2025-09-30"",""2026-09-30""],""sources"":[""https://investor.apple.com/faq./default.aspx"",""https://infomemo.theocc.com/infomemos?number=47369"",""https://www.theocc.com/clearance-and-settlement/clearing/equity-options-product-specifications"",""https://www.optionseducation.org/referencelibrary/faq/splits-mergers-spinoffs-bankruptcies""],""status"":""research screening, not a complete OCC memo search"",""unresolved_adjustment_event"":false},""current_description"":{""checks"":[],""status"":""not available for expired RIC""},""deliverable"":{""status"":""research assumption, not individually historically verified"",""value"":""100 AAPL shares""},""expiry"":{""status"":""RIC-derived; checked against source description/cache when available""},""historical_membership"":{""first"":""2026-06-29"",""last"":""2026-09-18"",""raw_sha256"":""6a63f86b92faf10dc0949e3cb48ff572f3fd67191d6895e0bda4ef0fc1d43a46"",""status"":""actual historical response; gated before each signal""},""identity"":{""day_convention"":""zero-padded DD, instructor correction and retained real paired tests"",""fields"":[""underlying"",""cp"",""strike"",""expiry""],""source"":""https://developers.lseg.com/en/article-catalog/article/functions-to-find-option-rics-traded-on-different-exchanges"",""status"":""derived from official RIC rules""},""multiplier"":{""status"":""research assumption; supporting current lot-size metadata when available"",""value"":100},""scheduled_last_trading_date"":{""source"":""https://www.theocc.com/clearance-and-settlement/clearing/equity-options-product-specifications"",""status"":""rule/calendar-derived, not last observed quote""}}"
AAPLI182634750.U^I26,AAPL.O,C,347.5,2026-09-18,2026-09-18,2026-09-10,2026-09-18,2026-09-18,100,100 AAPL shares,False,research assumption,"official RIC-rule derivation, checked against available description/cache","direct historical quotation evidence, gated at each signal","rule/calendar derivation, distinct from final quote",research assumption,research assumption,"Treat ordinary AAPL OPRA calls as unadjusted standard American 100-share contracts, based on OCC specifications, ordinary identifiers, available descriptions and the corporate-action review. Not vendor-confirmed contract-by-contract historical deliverables.","[""https://www.theocc.com/clearance-and-settlement/clearing/equity-options-product-specifications"",""https://www.optionseducation.org/referencelibrary/faq/splits-mergers-spinoffs-bankruptcies"",""https://investor.apple.com/faq./default.aspx"",""https://infomemo.theocc.com/infomemos?number=47369""]",[],"{""candidate_construction"":{""source"":""https://developers.lseg.com/en/article-catalog/article/functions-to-find-option-rics-traded-on-different-exchanges"",""status"":""RIC probe, not listing evidence""},""corporate_actions"":{""apple_split_history"":""Apple public FAQ lists its last split in August 2020, before this sample."",""limitation"":""No detected conflicting corporate-action evidence; absence is not a vendor guarantee of every historical deliverable."",""provider_error"":null,""provider_events"":[],""provider_query_period"":[""2025-09-30"",""2026-09-30""],""sources"":[""https://investor.apple.com/faq./default.aspx"",""https://infomemo.theocc.com/infomemos?number=47369"",""https://www.theocc.com/clearance-and-settlement/clearing/equity-options-product-specifications"",""https://www.optionseducation.org/referencelibrary/faq/splits-mergers-spinoffs-bankruptcies""],""status"":""research screening, not a complete OCC memo search"",""unresolved_adjustment_event"":false},""current_description"":{""checks"":[],""status"":""not available for expired RIC""},""deliverable"":{""status"":""research assumption, not individually historically verified"",""value"":""100 AAPL shares""},""expiry"":{""status"":""RIC-derived; checked against source description/cache when available""},""historical_membership"":{""first"":""2026-09-10"",""last"":""2026-09-18"",""raw_sha256"":""6dcf5356ed55a4ac03a571888b00095bdb1934992185ae249978a686c9f0bddc"",""status"":""actual historical response; gated before each signal""},""identity"":{""day_convention"":""zero-padded DD, instructor correction and retained real paired tests"",""fields"":[""underlying"",""cp"",""strike"",""expiry""],""source"":""https://developers.lseg.com/en/article-catalog/article/functions-to-find-option-rics-traded-on-different-exchanges"",""status"":""derived from official RIC rules""},""multiplier"":{""status"":""research assumption; supporting current lot-size metadata when available"",""value"":100},""scheduled_last_trading_date"":{""source"":""https://www.theocc.com/clearance-and-settlement/clearing/equity-options-product-specifications"",""status"":""rule/calendar-derived, not last observed quote""}}"
AAPLI182635000.U^I26,AAPL.O,C,350.0,2026-09-18,2026-09-18,2026-06-29,2026-09-18,2026-09-18,100,100 AAPL shares,False,research assumption,"official RIC-rule derivation, checked against available description/cache","direct historical quotation evidence, gated at each signal","rule/calendar derivation, distinct from final quote",research assumption,research assumption,"Treat ordinary AAPL OPRA calls as unadjusted standard American 100-share contracts, based on OCC specifications, ordinary identifiers, available descriptions and the corporate-action review. Not vendor-confirmed contract-by-contract historical deliverables.","[""https://www.theocc.com/clearance-and-settlement/clearing/equity-options-product-specifications"",""https://www.optionseducation.org/referencelibrary/faq/splits-mergers-spinoffs-bankruptcies"",""https://investor.apple.com/faq./default.aspx"",""https://infomemo.theocc.com/infomemos?number=47369""]",[],"{""candidate_construction"":{""source"":""https://developers.lseg.com/en/article-catalog/article/functions-to-find-option-rics-traded-on-different-exchanges"",""status"":""RIC probe, not listing evidence""},""corporate_actions"":{""apple_split_history"":""Apple public FAQ lists its last split in August 2020, before this sample."",""limitation"":""No detected conflicting corporate-action evidence; absence is not a vendor guarantee of every historical deliverable."",""provider_error"":null,""provider_events"":[],""provider_query_period"":[""2025-09-30"",""2026-09-30""],""sources"":[""https://investor.apple.com/faq./default.aspx"",""https://infomemo.theocc.com/infomemos?number=47369"",""https://www.theocc.com/clearance-and-settlement/clearing/equity-options-product-specifications"",""https://www.optionseducation.org/referencelibrary/faq/splits-mergers-spinoffs-bankruptcies""],""status"":""research screening, not a complete OCC memo search"",""unresolved_adjustment_event"":false},""current_description"":{""checks"":[],""status"":""not available for expired RIC""},""deliverable"":{""status"":""research assumption, not individually historically verified"",""value"":""100 AAPL shares""},""expiry"":{""status"":""RIC-derived; checked against source description/cache when available""},""historical_membership"":{""first"":""2026-06-29"",""last"":""2026-09-18"",""raw_sha256"":""4cb5dc0908383484d646feb091e41dff1fc15bce4c3fea1f4b49d077842d3bf7"",""status"":""actual historical response; gated before each signal""},""identity"":{""day_convention"":""zero-padded DD, instructor correction and retained real paired tests"",""fields"":[""underlying"",""cp"",""strike"",""expiry""],""source"":""https://developers.lseg.com/en/article-catalog/article/functions-to-find-option-rics-traded-on-different-exchanges"",""status"":""derived from official RIC rules""},""multiplier"":{""status"":""research assumption; supporting current lot-size metadata when available"",""value"":100},""scheduled_last_trading_date"":{""source"":""https://www.theocc.com/clearance-and-settlement/clearing/equity-options-product-specifications"",""status"":""rule/calendar-derived, not last observed quote""}}"
AAPLI182635500.U^I26,AAPL.O,C,355.0,2026-09-18,2026-09-18,2026-06-29,2026-09-18,2026-09-18,100,100 AAPL shares,False,research assumption,"official RIC-rule derivation, checked against available description/cache","direct historical quotation evidence, gated at each signal","rule/calendar derivation, distinct from final quote",research assumption,research assumption,"Treat ordinary AAPL OPRA calls as unadjusted standard American 100-share contracts, based on OCC specifications, ordinary identifiers, available descriptions and the corporate-action review. Not vendor-confirmed contract-by-contract historical deliverables.","[""https://www.theocc.com/clearance-and-settlement/clearing/equity-options-product-specifications"",""https://www.optionseducation.org/referencelibrary/faq/splits-mergers-spinoffs-bankruptcies"",""https://investor.apple.com/faq./default.aspx"",""https://infomemo.theocc.com/infomemos?number=47369""]",[],"{""candidate_construction"":{""source"":""https://developers.lseg.com/en/article-catalog/article/functions-to-find-option-rics-traded-on-different-exchanges"",""status"":""RIC probe, not listing evidence""},""corporate_actions"":{""apple_split_history"":""Apple public FAQ lists its last split in August 2020, before this sample."",""limitation"":""No detected conflicting corporate-action evidence; absence is not a vendor guarantee of every historical deliverable."",""provider_error"":null,""provider_events"":[],""provider_query_period"":[""2025-09-30"",""2026-09-30""],""sources"":[""https://investor.apple.com/faq./default.aspx"",""https://infomemo.theocc.com/infomemos?number=47369"",""https://www.theocc.com/clearance-and-settlement/clearing/equity-options-product-specifications"",""https://www.optionseducation.org/referencelibrary/faq/splits-mergers-spinoffs-bankruptcies""],""status"":""research screening, not a complete OCC memo search"",""unresolved_adjustment_event"":false},""current_description"":{""checks"":[],""status"":""not available for expired RIC""},""deliverable"":{""status"":""research assumption, not individually historically verified"",""value"":""100 AAPL shares""},""expiry"":{""status"":""RIC-derived; checked against source description/cache when available""},""historical_membership"":{""first"":""2026-06-29"",""last"":""2026-09-18"",""raw_sha256"":""47b98844983a1ee9e2a58978d8416adde9c4628d248b9889700268aaa2a98efa"",""status"":""actual historical response; gated before each signal""},""identity"":{""day_convention"":""zero-padded DD, instructor correction and retained real paired tests"",""fields"":[""underlying"",""cp"",""strike"",""expiry""],""source"":""https://developers.lseg.com/en/article-catalog/article/functions-to-find-option-rics-traded-on-different-exchanges"",""status"":""derived from official RIC rules""},""multiplier"":{""status"":""research assumption; supporting current lot-size metadata when available"",""value"":100},""scheduled_last_trading_date"":{""source"":""https://www.theocc.com/clearance-and-settlement/clearing/equity-options-product-specifications"",""status"":""rule/calendar-derived, not last observed quote""}}"
AAPLI182636000.U^I26,AAPL.O,C,360.0,2026-09-18,2026-09-18,2026-06-29,2026-09-18,2026-09-18,100,100 AAPL shares,False,research assumption,"official RIC-rule derivation, checked against available description/cache","direct historical quotation evidence, gated at each signal","rule/calendar derivation, distinct from final quote",research assumption,research assumption,"Treat ordinary AAPL OPRA calls as unadjusted standard American 100-share contracts, based on OCC specifications, ordinary identifiers, available descriptions and the corporate-action review. Not vendor-confirmed contract-by-contract historical deliverables.","[""https://www.theocc.com/clearance-and-settlement/clearing/equity-options-product-specifications"",""https://www.optionseducation.org/referencelibrary/faq/splits-mergers-spinoffs-bankruptcies"",""https://investor.apple.com/faq./default.aspx"",""https://infomemo.theocc.com/infomemos?number=47369""]",[],"{""candidate_construction"":{""source"":""https://developers.lseg.com/en/article-catalog/article/functions-to-find-option-rics-traded-on-different-exchanges"",""status"":""RIC probe, not listing evidence""},""corporate_actions"":{""apple_split_history"":""Apple public FAQ lists its last split in August 2020, before this sample."",""limitation"":""No detected conflicting corporate-action evidence; absence is not a vendor guarantee of every historical deliverable."",""provider_error"":null,""provider_events"":[],""provider_query_period"":[""2025-09-30"",""2026-09-30""],""sources"":[""https://investor.apple.com/faq./default.aspx"",""https://infomemo.theocc.com/infomemos?number=47369"",""https://www.theocc.com/clearance-and-settlement/clearing/equity-options-product-specifications"",""https://www.optionseducation.org/referencelibrary/faq/splits-mergers-spinoffs-bankruptcies""],""status"":""research screening, not a complete OCC memo search"",""unresolved_adjustment_event"":false},""current_description"":{""checks"":[],""status"":""not available for expired RIC""},""deliverable"":{""status"":""research assumption, not individually historically verified"",""value"":""100 AAPL shares""},""expiry"":{""status"":""RIC-derived; checked against source description/cache when available""},""historical_membership"":{""first"":""2026-06-29"",""last"":""2026-09-18"",""raw_sha256"":""0c1fff56ee51c7c83cff6a4403985e4b932307c55804855f53c4f9dadf6091d4"",""status"":""actual historical response; gated before each signal""},""identity"":{""day_convention"":""zero-padded DD, instructor correction and retained real paired tests"",""fields"":[""underlying"",""cp"",""strike"",""expiry""],""source"":""https://developers.lseg.com/en/article-catalog/article/functions-to-find-option-rics-traded-on-different-exchanges"",""status"":""derived from official RIC rules""},""multiplier"":{""status"":""research assumption; supporting current lot-size metadata when available"",""value"":100},""scheduled_last_trading_date"":{""source"":""https://www.theocc.com/clearance-and-settlement/clearing/equity-options-product-specifications"",""status"":""rule/calendar-derived, not last observed quote""}}"
AAPLI182636500.U^I26,AAPL.O,C,365.0,2026-09-18,2026-09-18,2026-06-29,2026-09-18,2026-09-18,100,100 AAPL shares,False,research assumption,"official RIC-rule derivation, checked against available description/cache","direct historical quotation evidence, gated at each signal","rule/calendar derivation, distinct from final quote",research assumption,research assumption,"Treat ordinary AAPL OPRA calls as unadjusted standard American 100-share contracts, based on OCC specifications, ordinary identifiers, available descriptions and the corporate-action review. Not vendor-confirmed contract-by-contract historical deliverables.","[""https://www.theocc.com/clearance-and-settlement/clearing/equity-options-product-specifications"",""https://www.optionseducation.org/referencelibrary/faq/splits-mergers-spinoffs-bankruptcies"",""https://investor.apple.com/faq./default.aspx"",""https://infomemo.theocc.com/infomemos?number=47369""]",[],"{""candidate_construction"":{""source"":""https://developers.lseg.com/en/article-catalog/article/functions-to-find-option-rics-traded-on-different-exchanges"",""status"":""RIC probe, not listing evidence""},""corporate_actions"":{""apple_split_history"":""Apple public FAQ lists its last split in August 2020, before this sample."",""limitation"":""No detected conflicting corporate-action evidence; absence is not a vendor guarantee of every historical deliverable."",""provider_error"":null,""provider_events"":[],""provider_query_period"":[""2025-09-30"",""2026-09-30""],""sources"":[""https://investor.apple.com/faq./default.aspx"",""https://infomemo.theocc.com/infomemos?number=47369"",""https://www.theocc.com/clearance-and-settlement/clearing/equity-options-product-specifications"",""https://www.optionseducation.org/referencelibrary/faq/splits-mergers-spinoffs-bankruptcies""],""status"":""research screening, not a complete OCC memo search"",""unresolved_adjustment_event"":false},""current_description"":{""checks"":[],""status"":""not available for expired RIC""},""deliverable"":{""status"":""research assumption, not individually historically verified"",""value"":""100 AAPL shares""},""expiry"":{""status"":""RIC-derived; checked against source description/cache when available""},""historical_membership"":{""first"":""2026-06-29"",""last"":""2026-09-18"",""raw_sha256"":""0db12ff45addb0ba8b4b92c5366f9cee05fe0b64f94c3fee0fee0103ce52cd22"",""status"":""actual historical response; gated before each signal""},""identity"":{""day_convention"":""zero-padded DD, instructor correction and retained real paired tests"",""fields"":[""underlying"",""cp"",""strike"",""expiry""],""source"":""https://developers.lseg.com/en/article-catalog/article/functions-to-find-option-rics-traded-on-different-exchanges"",""status"":""derived from official RIC rules""},""multiplier"":{""status"":""research assumption; supporting current lot-size metadata when available"",""value"":100},""scheduled_last_trading_date"":{""source"":""https://www.theocc.com/clearance-and-settlement/clearing/equity-options-product-specifications"",""status"":""rule/calendar-derived, not last observed quote""}}"
AAPLI182637000.U^I26,AAPL.O,C,370.0,2026-09-18,2026-09-18,2026-06-29,2026-09-18,2026-09-18,100,100 AAPL shares,False,research assumption,"official RIC-rule derivation, checked against available description/cache","direct historical quotation evidence, gated at each signal","rule/calendar derivation, distinct from final quote",research assumption,research assumption,"Treat ordinary AAPL OPRA calls as unadjusted standard American 100-share contracts, based on OCC specifications, ordinary identifiers, available descriptions and the corporate-action review. Not vendor-confirmed contract-by-contract historical deliverables.","[""https://www.theocc.com/clearance-and-settlement/clearing/equity-options-product-specifications"",""https://www.optionseducation.org/referencelibrary/faq/splits-mergers-spinoffs-bankruptcies"",""https://investor.apple.com/faq./default.aspx"",""https://infomemo.theocc.com/infomemos?number=47369""]",[],"{""candidate_construction"":{""source"":""https://developers.lseg.com/en/article-catalog/article/functions-to-find-option-rics-traded-on-different-exchanges"",""status"":""RIC probe, not listing evidence""},""corporate_actions"":{""apple_split_history"":""Apple public FAQ lists its last split in August 2020, before this sample."",""limitation"":""No detected conflicting corporate-action evidence; absence is not a vendor guarantee of every historical deliverable."",""provider_error"":null,""provider_events"":[],""provider_query_period"":[""2025-09-30"",""2026-09-30""],""sources"":[""https://investor.apple.com/faq./default.aspx"",""https://infomemo.theocc.com/infomemos?number=47369"",""https://www.theocc.com/clearance-and-settlement/clearing/equity-options-product-specifications"",""https://www.optionseducation.org/referencelibrary/faq/splits-mergers-spinoffs-bankruptcies""],""status"":""research screening, not a complete OCC memo search"",""unresolved_adjustment_event"":false},""current_description"":{""checks"":[],""status"":""not available for expired RIC""},""deliverable"":{""status"":""research assumption, not individually historically verified"",""value"":""100 AAPL shares""},""expiry"":{""status"":""RIC-derived; checked against source description/cache when available""},""historical_membership"":{""first"":""2026-06-29"",""last"":""2026-09-18"",""raw_sha256"":""fa6b54255e38fed9180d35b08da06a3783a5a1f5868ebaedf0a44ac0a5062444"",""status"":""actual historical response; gated before each signal""},""identity"":{""day_convention"":""zero-padded DD, instructor correction and retained real paired tests"",""fields"":[""underlying"",""cp"",""strike"",""expiry""],""source"":""https://developers.lseg.com/en/article-catalog/article/functions-to-find-option-rics-traded-on-different-exchanges"",""status"":""derived from official RIC rules""},""multiplier"":{""status"":""research assumption; supporting current lot-size metadata when available"",""value"":100},""scheduled_last_trading_date"":{""source"":""https://www.theocc.com/clearance-and-settlement/clearing/equity-options-product-specifications"",""status"":""rule/calendar-derived, not last observed quote""}}"
AAPLI182637500.U^I26,AAPL.O,C,375.0,2026-09-18,2026-09-18,2026-07-07,2026-09-18,2026-09-18,100,100 AAPL shares,False,research assumption,"official RIC-rule derivation, checked against available description/cache","direct historical quotation evidence, gated at each signal","rule/calendar derivation, distinct from final quote",research assumption,research assumption,"Treat ordinary AAPL OPRA calls as unadjusted standard American 100-share contracts, based on OCC specifications, ordinary identifiers, available descriptions and the corporate-action review. Not vendor-confirmed contract-by-contract historical deliverables.","[""https://www.theocc.com/clearance-and-settlement/clearing/equity-options-product-specifications"",""https://www.optionseducation.org/referencelibrary/faq/splits-mergers-spinoffs-bankruptcies"",""https://investor.apple.com/faq./default.aspx"",""https://infomemo.theocc.com/infomemos?number=47369""]",[],"{""candidate_construction"":{""source"":""https://developers.lseg.com/en/article-catalog/article/functions-to-find-option-rics-traded-on-different-exchanges"",""status"":""RIC probe, not listing evidence""},""corporate_actions"":{""apple_split_history"":""Apple public FAQ lists its last split in August 2020, before this sample."",""limitation"":""No detected conflicting corporate-action evidence; absence is not a vendor guarantee of every historical deliverable."",""provider_error"":null,""provider_events"":[],""provider_query_period"":[""2025-09-30"",""2026-09-30""],""sources"":[""https://investor.apple.com/faq./default.aspx"",""https://infomemo.theocc.com/infomemos?number=47369"",""https://www.theocc.com/clearance-and-settlement/clearing/equity-options-product-specifications"",""https://www.optionseducation.org/referencelibrary/faq/splits-mergers-spinoffs-bankruptcies""],""status"":""research screening, not a complete OCC memo search"",""unresolved_adjustment_event"":false},""current_description"":{""checks"":[],""status"":""not available for expired RIC""},""deliverable"":{""status"":""research assumption, not individually historically verified"",""value"":""100 AAPL shares""},""expiry"":{""status"":""RIC-derived; checked against source description/cache when available""},""historical_membership"":{""first"":""2026-07-07"",""last"":""2026-09-18"",""raw_sha256"":""2c629c81004316809203221a36306e2cbe34867b66bf27dc2df92efec0a2489e"",""status"":""actual historical response; gated before each signal""},""identity"":{""day_convention"":""zero-padded DD, instructor correction and retained real paired tests"",""fields"":[""underlying"",""cp"",""strike"",""expiry""],""source"":""https://developers.lseg.com/en/article-catalog/article/functions-to-find-option-rics-traded-on-different-exchanges"",""status"":""derived from official RIC rules""},""multiplier"":{""status"":""research assumption; supporting current lot-size metadata when available"",""value"":100},""scheduled_last_trading_date"":{""source"":""https://www.theocc.com/clearance-and-settlement/clearing/equity-options-product-specifications"",""status"":""rule/calendar-derived, not last observed quote""}}"
AAPLI182638000.U^I26,AAPL.O,C,380.0,2026-09-18,2026-09-18,2026-06-29,2026-09-18,2026-09-18,100,100 AAPL shares,False,research assumption,"official RIC-rule derivation, checked against available description/cache","direct historical quotation evidence, gated at each signal","rule/calendar derivation, distinct from final quote",research assumption,research assumption,"Treat ordinary AAPL OPRA calls as unadjusted standard American 100-share contracts, based on OCC specifications, ordinary identifiers, available descriptions and the corporate-action review. Not vendor-confirmed contract-by-contract historical deliverables.","[""https://www.theocc.com/clearance-and-settlement/clearing/equity-options-product-specifications"",""https://www.optionseducation.org/referencelibrary/faq/splits-mergers-spinoffs-bankruptcies"",""https://investor.apple.com/faq./default.aspx"",""https://infomemo.theocc.com/infomemos?number=47369""]",[],"{""candidate_construction"":{""source"":""https://developers.lseg.com/en/article-catalog/article/functions-to-find-option-rics-traded-on-different-exchanges"",""status"":""RIC probe, not listing evidence""},""corporate_actions"":{""apple_split_history"":""Apple public FAQ lists its last split in August 2020, before this sample."",""limitation"":""No detected conflicting corporate-action evidence; absence is not a vendor guarantee of every historical deliverable."",""provider_error"":null,""provider_events"":[],""provider_query_period"":[""2025-09-30"",""2026-09-30""],""sources"":[""https://investor.apple.com/faq./default.aspx"",""https://infomemo.theocc.com/infomemos?number=47369"",""https://www.theocc.com/clearance-and-settlement/clearing/equity-options-product-specifications"",""https://www.optionseducation.org/referencelibrary/faq/splits-mergers-spinoffs-bankruptcies""],""status"":""research screening, not a complete OCC memo search"",""unresolved_adjustment_event"":false},""current_description"":{""checks"":[],""status"":""not available for expired RIC""},""deliverable"":{""status"":""research assumption, not individually historically verified"",""value"":""100 AAPL shares""},""expiry"":{""status"":""RIC-derived; checked against source description/cache when available""},""historical_membership"":{""first"":""2026-06-29"",""last"":""2026-09-18"",""raw_sha256"":""bab03971ef21c769468f1b18b2260d0cee2d79b03bbd2677790f08b1528e5812"",""status"":""actual historical response; gated before each signal""},""identity"":{""day_convention"":""zero-padded DD, instructor correction and retained real paired tests"",""fields"":[""underlying"",""cp"",""strike"",""expiry""],""source"":""https://developers.lseg.com/en/article-catalog/article/functions-to-find-option-rics-traded-on-different-exchanges"",""status"":""derived from official RIC rules""},""multiplier"":{""status"":""research assumption; supporting current lot-size metadata when available"",""value"":100},""scheduled_last_trading_date"":{""source"":""https://www.theocc.com/clearance-and-settlement/clearing/equity-options-product-specifications"",""status"":""rule/calendar-derived, not last observed quote""}}"
AAPLI182638500.U^I26,AAPL.O,C,385.0,2026-09-18,2026-09-18,2026-07-07,2026-09-18,2026-09-18,100,100 AAPL shares,False,research assumption,"official RIC-rule derivation, checked against available description/cache","direct historical quotation evidence, gated at each signal","rule/calendar derivation, distinct from final quote",research assumption,research assumption,"Treat ordinary AAPL OPRA calls as unadjusted standard American 100-share contracts, based on OCC specifications, ordinary identifiers, available descriptions and the corporate-action review. Not vendor-confirmed contract-by-contract historical deliverables.","[""https://www.theocc.com/clearance-and-settlement/clearing/equity-options-product-specifications"",""https://www.optionseducation.org/referencelibrary/faq/splits-mergers-spinoffs-bankruptcies"",""https://investor.apple.com/faq./default.aspx"",""https://infomemo.theocc.com/infomemos?number=47369""]",[],"{""candidate_construction"":{""source"":""https://developers.lseg.com/en/article-catalog/article/functions-to-find-option-rics-traded-on-different-exchanges"",""status"":""RIC probe, not listing evidence""},""corporate_actions"":{""apple_split_history"":""Apple public FAQ lists its last split in August 2020, before this sample."",""limitation"":""No detected conflicting corporate-action evidence; absence is not a vendor guarantee of every historical deliverable."",""provider_error"":null,""provider_events"":[],""provider_query_period"":[""2025-09-30"",""2026-09-30""],""sources"":[""https://investor.apple.com/faq./default.aspx"",""https://infomemo.theocc.com/infomemos?number=47369"",""https://www.theocc.com/clearance-and-settlement/clearing/equity-options-product-specifications"",""https://www.optionseducation.org/referencelibrary/faq/splits-mergers-spinoffs-bankruptcies""],""status"":""research screening, not a complete OCC memo search"",""unresolved_adjustment_event"":false},""current_description"":{""checks"":[],""status"":""not available for expired RIC""},""deliverable"":{""status"":""research assumption, not individually historically verified"",""value"":""100 AAPL shares""},""expiry"":{""status"":""RIC-derived; checked against source description/cache when available""},""historical_membership"":{""first"":""2026-07-07"",""last"":""2026-09-18"",""raw_sha256"":""1f921758b8b651b3b43a729f38ae77191cc72b1bde0e00ccdfaeda79d2abb063"",""status"":""actual historical response; gated before each signal""},""identity"":{""day_convention"":""zero-padded DD, instructor correction and retained real paired tests"",""fields"":[""underlying"",""cp"",""strike"",""expiry""],""source"":""https://developers.lseg.com/en/article-catalog/article/functions-to-find-option-rics-traded-on-different-exchanges"",""status"":""derived from official RIC rules""},""multiplier"":{""status"":""research assumption; supporting current lot-size metadata when available"",""value"":100},""scheduled_last_trading_date"":{""source"":""https://www.theocc.com/clearance-and-settlement/clearing/equity-options-product-specifications"",""status"":""rule/calendar-derived, not last observed quote""}}"
AAPLI182639000.U^I26,AAPL.O,C,390.0,2026-09-18,2026-09-18,2026-06-29,2026-09-18,2026-09-18,100,100 AAPL shares,False,research assumption,"official RIC-rule derivation, checked against available description/cache","direct historical quotation evidence, gated at each signal","rule/calendar derivation, distinct from final quote",research assumption,research assumption,"Treat ordinary AAPL OPRA calls as unadjusted standard American 100-share contracts, based on OCC specifications, ordinary identifiers, available descriptions and the corporate-action review. Not vendor-confirmed contract-by-contract historical deliverables.","[""https://www.theocc.com/clearance-and-settlement/clearing/equity-options-product-specifications"",""https://www.optionseducation.org/referencelibrary/faq/splits-mergers-spinoffs-bankruptcies"",""https://investor.apple.com/faq./default.aspx"",""https://infomemo.theocc.com/infomemos?number=47369""]",[],"{""candidate_construction"":{""source"":""https://developers.lseg.com/en/article-catalog/article/functions-to-find-option-rics-traded-on-different-exchanges"",""status"":""RIC probe, not listing evidence""},""corporate_actions"":{""apple_split_history"":""Apple public FAQ lists its last split in August 2020, before this sample."",""limitation"":""No detected conflicting corporate-action evidence; absence is not a vendor guarantee of every historical deliverable."",""provider_error"":null,""provider_events"":[],""provider_query_period"":[""2025-09-30"",""2026-09-30""],""sources"":[""https://investor.apple.com/faq./default.aspx"",""https://infomemo.theocc.com/infomemos?number=47369"",""https://www.theocc.com/clearance-and-settlement/clearing/equity-options-product-specifications"",""https://www.optionseducation.org/referencelibrary/faq/splits-mergers-spinoffs-bankruptcies""],""status"":""research screening, not a complete OCC memo search"",""unresolved_adjustment_event"":false},""current_description"":{""checks"":[],""status"":""not available for expired RIC""},""deliverable"":{""status"":""research assumption, not individually historically verified"",""value"":""100 AAPL shares""},""expiry"":{""status"":""RIC-derived; checked against source description/cache when available""},""historical_membership"":{""first"":""2026-06-29"",""last"":""2026-09-18"",""raw_sha256"":""3b13f653085cf04f8f9db067d79e0650b6ec655df8cdc3dfa8209e1a3a0d6e4d"",""status"":""actual historical response; gated before each signal""},""identity"":{""day_convention"":""zero-padded DD, instructor correction and retained real paired tests"",""fields"":[""underlying"",""cp"",""strike"",""expiry""],""source"":""https://developers.lseg.com/en/article-catalog/article/functions-to-find-option-rics-traded-on-different-exchanges"",""status"":""derived from official RIC rules""},""multiplier"":{""status"":""research assumption; supporting current lot-size metadata when available"",""value"":100},""scheduled_last_trading_date"":{""source"":""https://www.theocc.com/clearance-and-settlement/clearing/equity-options-product-specifications"",""status"":""rule/calendar-derived, not last observed quote""}}"
AAPLI182639500.U^I26,AAPL.O,C,395.0,2026-09-18,2026-09-18,2026-07-16,2026-09-18,2026-09-18,100,100 AAPL shares,False,research assumption,"official RIC-rule derivation, checked against available description/cache","direct historical quotation evidence, gated at each signal","rule/calendar derivation, distinct from final quote",research assumption,research assumption,"Treat ordinary AAPL OPRA calls as unadjusted standard American 100-share contracts, based on OCC specifications, ordinary identifiers, available descriptions and the corporate-action review. Not vendor-confirmed contract-by-contract historical deliverables.","[""https://www.theocc.com/clearance-and-settlement/clearing/equity-options-product-specifications"",""https://www.optionseducation.org/referencelibrary/faq/splits-mergers-spinoffs-bankruptcies"",""https://investor.apple.com/faq./default.aspx"",""https://infomemo.theocc.com/infomemos?number=47369""]",[],"{""candidate_construction"":{""source"":""https://developers.lseg.com/en/article-catalog/article/functions-to-find-option-rics-traded-on-different-exchanges"",""status"":""RIC probe, not listing evidence""},""corporate_actions"":{""apple_split_history"":""Apple public FAQ lists its last split in August 2020, before this sample."",""limitation"":""No detected conflicting corporate-action evidence; absence is not a vendor guarantee of every historical deliverable."",""provider_error"":null,""provider_events"":[],""provider_query_period"":[""2025-09-30"",""2026-09-30""],""sources"":[""https://investor.apple.com/faq./default.aspx"",""https://infomemo.theocc.com/infomemos?number=47369"",""https://www.theocc.com/clearance-and-settlement/clearing/equity-options-product-specifications"",""https://www.optionseducation.org/referencelibrary/faq/splits-mergers-spinoffs-bankruptcies""],""status"":""research screening, not a complete OCC memo search"",""unresolved_adjustment_event"":false},""current_description"":{""checks"":[],""status"":""not available for expired RIC""},""deliverable"":{""status"":""research assumption, not individually historically verified"",""value"":""100 AAPL shares""},""expiry"":{""status"":""RIC-derived; checked against source description/cache when available""},""historical_membership"":{""first"":""2026-07-16"",""last"":""2026-09-18"",""raw_sha256"":""3afb0ebe176bc00e0b248253ac885084c61b9671264ec07579fbb9010ce0475a"",""status"":""actual historical response; gated before each signal""},""identity"":{""day_convention"":""zero-padded DD, instructor correction and retained real paired tests"",""fields"":[""underlying"",""cp"",""strike"",""expiry""],""source"":""https://developers.lseg.com/en/article-catalog/article/functions-to-find-option-rics-traded-on-different-exchanges"",""status"":""derived from official RIC rules""},""multiplier"":{""status"":""research assumption; supporting current lot-size metadata when available"",""value"":100},""scheduled_last_trading_date"":{""source"":""https://www.theocc.com/clearance-and-settlement/clearing/equity-options-product-specifications"",""status"":""rule/calendar-derived, not last observed quote""}}"
AAPLI252632000.U^I26,AAPL.O,C,320.0,2026-09-25,2026-09-25,2026-08-06,2026-09-25,2026-09-25,100,100 AAPL shares,False,research assumption,"official RIC-rule derivation, checked against available description/cache","direct historical quotation evidence, gated at each signal","rule/calendar derivation, distinct from final quote",research assumption,research assumption,"Treat ordinary AAPL OPRA calls as unadjusted standard American 100-share contracts, based on OCC specifications, ordinary identifiers, available descriptions and the corporate-action review. Not vendor-confirmed contract-by-contract historical deliverables.","[""https://www.theocc.com/clearance-and-settlement/clearing/equity-options-product-specifications"",""https://www.optionseducation.org/referencelibrary/faq/splits-mergers-spinoffs-bankruptcies"",""https://investor.apple.com/faq./default.aspx"",""https://infomemo.theocc.com/infomemos?number=47369""]",[],"{""candidate_construction"":{""source"":""https://developers.lseg.com/en/article-catalog/article/functions-to-find-option-rics-traded-on-different-exchanges"",""status"":""RIC probe, not listing evidence""},""corporate_actions"":{""apple_split_history"":""Apple public FAQ lists its last split in August 2020, before this sample."",""limitation"":""No detected conflicting corporate-action evidence; absence is not a vendor guarantee of every historical deliverable."",""provider_error"":null,""provider_events"":[],""provider_query_period"":[""2025-09-30"",""2026-09-30""],""sources"":[""https://investor.apple.com/faq./default.aspx"",""https://infomemo.theocc.com/infomemos?number=47369"",""https://www.theocc.com/clearance-and-settlement/clearing/equity-options-product-specifications"",""https://www.optionseducation.org/referencelibrary/faq/splits-mergers-spinoffs-bankruptcies""],""status"":""research screening, not a complete OCC memo search"",""unresolved_adjustment_event"":false},""current_description"":{""checks"":[],""status"":""not available for expired RIC""},""deliverable"":{""status"":""research assumption, not individually historically verified"",""value"":""100 AAPL shares""},""expiry"":{""status"":""RIC-derived; checked against source description/cache when available""},""historical_membership"":{""first"":""2026-08-06"",""last"":""2026-09-25"",""raw_sha256"":""d58f1a026c8bbb5c138fb95df161c793cbd452fb8f0750dc74c1fe79aa4e3e0a"",""status"":""actual historical response; gated before each signal""},""identity"":{""day_convention"":""zero-padded DD, instructor correction and retained real paired tests"",""fields"":[""underlying"",""cp"",""strike"",""expiry""],""source"":""https://developers.lseg.com/en/article-catalog/article/functions-to-find-option-rics-traded-on-different-exchanges"",""status"":""derived from official RIC rules""},""multiplier"":{""status"":""research assumption; supporting current lot-size metadata when available"",""value"":100},""scheduled_last_trading_date"":{""source"":""https://www.theocc.com/clearance-and-settlement/clearing/equity-options-product-specifications"",""status"":""rule/calendar-derived, not last observed quote""}}"
AAPLI252632250.U^I26,AAPL.O,C,322.5,2026-09-25,2026-09-25,2026-09-10,2026-09-25,2026-09-25,100,100 AAPL shares,False,research assumption,"official RIC-rule derivation, checked against available description/cache","direct historical quotation evidence, gated at each signal","rule/calendar derivation, distinct from final quote",research assumption,research assumption,"Treat ordinary AAPL OPRA calls as unadjusted standard American 100-share contracts, based on OCC specifications, ordinary identifiers, available descriptions and the corporate-action review. Not vendor-confirmed contract-by-contract historical deliverables.","[""https://www.theocc.com/clearance-and-settlement/clearing/equity-options-product-specifications"",""https://www.optionseducation.org/referencelibrary/faq/splits-mergers-spinoffs-bankruptcies"",""https://investor.apple.com/faq./default.aspx"",""https://infomemo.theocc.com/infomemos?number=47369""]",[],"{""candidate_construction"":{""source"":""https://developers.lseg.com/en/article-catalog/article/functions-to-find-option-rics-traded-on-different-exchanges"",""status"":""RIC probe, not listing evidence""},""corporate_actions"":{""apple_split_history"":""Apple public FAQ lists its last split in August 2020, before this sample."",""limitation"":""No detected conflicting corporate-action evidence; absence is not a vendor guarantee of every historical deliverable."",""provider_error"":null,""provider_events"":[],""provider_query_period"":[""2025-09-30"",""2026-09-30""],""sources"":[""https://investor.apple.com/faq./default.aspx"",""https://infomemo.theocc.com/infomemos?number=47369"",""https://www.theocc.com/clearance-and-settlement/clearing/equity-options-product-specifications"",""https://www.optionseducation.org/referencelibrary/faq/splits-mergers-spinoffs-bankruptcies""],""status"":""research screening, not a complete OCC memo search"",""unresolved_adjustment_event"":false},""current_description"":{""checks"":[],""status"":""not available for expired RIC""},""deliverable"":{""status"":""research assumption, not individually historically verified"",""value"":""100 AAPL shares""},""expiry"":{""status"":""RIC-derived; checked against source description/cache when available""},""historical_membership"":{""first"":""2026-09-10"",""last"":""2026-09-25"",""raw_sha256"":""7c4d6e673d9debdeb1b6c812f0d1654e545b85efa2b560640ab2dd59487b53a3"",""status"":""actual historical response; gated before each signal""},""identity"":{""day_convention"":""zero-padded DD, instructor correction and retained real paired tests"",""fields"":[""underlying"",""cp"",""strike"",""expiry""],""source"":""https://developers.lseg.com/en/article-catalog/article/functions-to-find-option-rics-traded-on-different-exchanges"",""status"":""derived from official RIC rules""},""multiplier"":{""status"":""research assumption; supporting current lot-size metadata when available"",""value"":100},""scheduled_last_trading_date"":{""source"":""https://www.theocc.com/clearance-and-settlement/clearing/equity-options-product-specifications"",""status"":""rule/calendar-derived, not last observed quote""}}"
AAPLI252632500.U^I26,AAPL.O,C,325.0,2026-09-25,2026-09-25,2026-08-06,2026-09-25,2026-09-25,100,100 AAPL shares,False,research assumption,"official RIC-rule derivation, checked against available description/cache","direct historical quotation evidence, gated at each signal","rule/calendar derivation, distinct from final quote",research assumption,research assumption,"Treat ordinary AAPL OPRA calls as unadjusted standard American 100-share contracts, based on OCC specifications, ordinary identifiers, available descriptions and the corporate-action review. Not vendor-confirmed contract-by-contract historical deliverables.","[""https://www.theocc.com/clearance-and-settlement/clearing/equity-options-product-specifications"",""https://www.optionseducation.org/referencelibrary/faq/splits-mergers-spinoffs-bankruptcies"",""https://investor.apple.com/faq./default.aspx"",""https://infomemo.theocc.com/infomemos?number=47369""]",[],"{""candidate_construction"":{""source"":""https://developers.lseg.com/en/article-catalog/article/functions-to-find-option-rics-traded-on-different-exchanges"",""status"":""RIC probe, not listing evidence""},""corporate_actions"":{""apple_split_history"":""Apple public FAQ lists its last split in August 2020, before this sample."",""limitation"":""No detected conflicting corporate-action evidence; absence is not a vendor guarantee of every historical deliverable."",""provider_error"":null,""provider_events"":[],""provider_query_period"":[""2025-09-30"",""2026-09-30""],""sources"":[""https://investor.apple.com/faq./default.aspx"",""https://infomemo.theocc.com/infomemos?number=47369"",""https://www.theocc.com/clearance-and-settlement/clearing/equity-options-product-specifications"",""https://www.optionseducation.org/referencelibrary/faq/splits-mergers-spinoffs-bankruptcies""],""status"":""research screening, not a complete OCC memo search"",""unresolved_adjustment_event"":false},""current_description"":{""checks"":[],""status"":""not available for expired RIC""},""deliverable"":{""status"":""research assumption, not individually historically verified"",""value"":""100 AAPL shares""},""expiry"":{""status"":""RIC-derived; checked against source description/cache when available""},""historical_membership"":{""first"":""2026-08-06"",""last"":""2026-09-25"",""raw_sha256"":""3738b72d215085454943975c2bc2659a16171c5c1c0680e5a4559f45fab0e3cf"",""status"":""actual historical response; gated before each signal""},""identity"":{""day_convention"":""zero-padded DD, instructor correction and retained real paired tests"",""fields"":[""underlying"",""cp"",""strike"",""expiry""],""source"":""https://developers.lseg.com/en/article-catalog/article/functions-to-find-option-rics-traded-on-different-exchanges"",""status"":""derived from official RIC rules""},""multiplier"":{""status"":""research assumption; supporting current lot-size metadata when available"",""value"":100},""scheduled_last_trading_date"":{""source"":""https://www.theocc.com/clearance-and-settlement/clearing/equity-options-product-specifications"",""status"":""rule/calendar-derived, not last observed quote""}}"
AAPLI252632750.U^I26,AAPL.O,C,327.5,2026-09-25,2026-09-25,2026-09-10,2026-09-25,2026-09-25,100,100 AAPL shares,False,research assumption,"official RIC-rule derivation, checked against available description/cache","direct historical quotation evidence, gated at each signal","rule/calendar derivation, distinct from final quote",research assumption,research assumption,"Treat ordinary AAPL OPRA calls as unadjusted standard American 100-share contracts, based on OCC specifications, ordinary identifiers, available descriptions and the corporate-action review. Not vendor-confirmed contract-by-contract historical deliverables.","[""https://www.theocc.com/clearance-and-settlement/clearing/equity-options-product-specifications"",""https://www.optionseducation.org/referencelibrary/faq/splits-mergers-spinoffs-bankruptcies"",""https://investor.apple.com/faq./default.aspx"",""https://infomemo.theocc.com/infomemos?number=47369""]",[],"{""candidate_construction"":{""source"":""https://developers.lseg.com/en/article-catalog/article/functions-to-find-option-rics-traded-on-different-exchanges"",""status"":""RIC probe, not listing evidence""},""corporate_actions"":{""apple_split_history"":""Apple public FAQ lists its last split in August 2020, before this sample."",""limitation"":""No detected conflicting corporate-action evidence; absence is not a vendor guarantee of every historical deliverable."",""provider_error"":null,""provider_events"":[],""provider_query_period"":[""2025-09-30"",""2026-09-30""],""sources"":[""https://investor.apple.com/faq./default.aspx"",""https://infomemo.theocc.com/infomemos?number=47369"",""https://www.theocc.com/clearance-and-settlement/clearing/equity-options-product-specifications"",""https://www.optionseducation.org/referencelibrary/faq/splits-mergers-spinoffs-bankruptcies""],""status"":""research screening, not a complete OCC memo search"",""unresolved_adjustment_event"":false},""current_description"":{""checks"":[],""status"":""not available for expired RIC""},""deliverable"":{""status"":""research assumption, not individually historically verified"",""value"":""100 AAPL shares""},""expiry"":{""status"":""RIC-derived; checked against source description/cache when available""},""historical_membership"":{""first"":""2026-09-10"",""last"":""2026-09-25"",""raw_sha256"":""1013270a12e834caeadf512346e489e183e20d3bbe3d47caadc16ee36db96503"",""status"":""actual historical response; gated before each signal""},""identity"":{""day_convention"":""zero-padded DD, instructor correction and retained real paired tests"",""fields"":[""underlying"",""cp"",""strike"",""expiry""],""source"":""https://developers.lseg.com/en/article-catalog/article/functions-to-find-option-rics-traded-on-different-exchanges"",""status"":""derived from official RIC rules""},""multiplier"":{""status"":""research assumption; supporting current lot-size metadata when available"",""value"":100},""scheduled_last_trading_date"":{""source"":""https://www.theocc.com/clearance-and-settlement/clearing/equity-options-product-specifications"",""status"":""rule/calendar-derived, not last observed quote""}}"
AAPLI252633000.U^I26,AAPL.O,C,330.0,2026-09-25,2026-09-25,2026-08-06,2026-09-25,2026-09-25,100,100 AAPL shares,False,research assumption,"official RIC-rule derivation, checked against available description/cache","direct historical quotation evidence, gated at each signal","rule/calendar derivation, distinct from final quote",research assumption,research assumption,"Treat ordinary AAPL OPRA calls as unadjusted standard American 100-share contracts, based on OCC specifications, ordinary identifiers, available descriptions and the corporate-action review. Not vendor-confirmed contract-by-contract historical deliverables.","[""https://www.theocc.com/clearance-and-settlement/clearing/equity-options-product-specifications"",""https://www.optionseducation.org/referencelibrary/faq/splits-mergers-spinoffs-bankruptcies"",""https://investor.apple.com/faq./default.aspx"",""https://infomemo.theocc.com/infomemos?number=47369""]",[],"{""candidate_construction"":{""source"":""https://developers.lseg.com/en/article-catalog/article/functions-to-find-option-rics-traded-on-different-exchanges"",""status"":""RIC probe, not listing evidence""},""corporate_actions"":{""apple_split_history"":""Apple public FAQ lists its last split in August 2020, before this sample."",""limitation"":""No detected conflicting corporate-action evidence; absence is not a vendor guarantee of every historical deliverable."",""provider_error"":null,""provider_events"":[],""provider_query_period"":[""2025-09-30"",""2026-09-30""],""sources"":[""https://investor.apple.com/faq./default.aspx"",""https://infomemo.theocc.com/infomemos?number=47369"",""https://www.theocc.com/clearance-and-settlement/clearing/equity-options-product-specifications"",""https://www.optionseducation.org/referencelibrary/faq/splits-mergers-spinoffs-bankruptcies""],""status"":""research screening, not a complete OCC memo search"",""unresolved_adjustment_event"":false},""current_description"":{""checks"":[],""status"":""not available for expired RIC""},""deliverable"":{""status"":""research assumption, not individually historically verified"",""value"":""100 AAPL shares""},""expiry"":{""status"":""RIC-derived; checked against source description/cache when available""},""historical_membership"":{""first"":""2026-08-06"",""last"":""2026-09-25"",""raw_sha256"":""f1c7a5e74da4f4db8383c610f25b5f61618a5be28b1c01012fece19d6193c2f2"",""status"":""actual historical response; gated before each signal""},""identity"":{""day_convention"":""zero-padded DD, instructor correction and retained real paired tests"",""fields"":[""underlying"",""cp"",""strike"",""expiry""],""source"":""https://developers.lseg.com/en/article-catalog/article/functions-to-find-option-rics-traded-on-different-exchanges"",""status"":""derived from official RIC rules""},""multiplier"":{""status"":""research assumption; supporting current lot-size metadata when available"",""value"":100},""scheduled_last_trading_date"":{""source"":""https://www.theocc.com/clearance-and-settlement/clearing/equity-options-product-specifications"",""status"":""rule/calendar-derived, not last observed quote""}}"
AAPLI252633250.U^I26,AAPL.O,C,332.5,2026-09-25,2026-09-25,2026-09-10,2026-09-25,2026-09-25,100,100 AAPL shares,False,research assumption,"official RIC-rule derivation, checked against available description/cache","direct historical quotation evidence, gated at each signal","rule/calendar derivation, distinct from final quote",research assumption,research assumption,"Treat ordinary AAPL OPRA calls as unadjusted standard American 100-share contracts, based on OCC specifications, ordinary identifiers, available descriptions and the corporate-action review. Not vendor-confirmed contract-by-contract historical deliverables.","[""https://www.theocc.com/clearance-and-settlement/clearing/equity-options-product-specifications"",""https://www.optionseducation.org/referencelibrary/faq/splits-mergers-spinoffs-bankruptcies"",""https://investor.apple.com/faq./default.aspx"",""https://infomemo.theocc.com/infomemos?number=47369""]",[],"{""candidate_construction"":{""source"":""https://developers.lseg.com/en/article-catalog/article/functions-to-find-option-rics-traded-on-different-exchanges"",""status"":""RIC probe, not listing evidence""},""corporate_actions"":{""apple_split_history"":""Apple public FAQ lists its last split in August 2020, before this sample."",""limitation"":""No detected conflicting corporate-action evidence; absence is not a vendor guarantee of every historical deliverable."",""provider_error"":null,""provider_events"":[],""provider_query_period"":[""2025-09-30"",""2026-09-30""],""sources"":[""https://investor.apple.com/faq./default.aspx"",""https://infomemo.theocc.com/infomemos?number=47369"",""https://www.theocc.com/clearance-and-settlement/clearing/equity-options-product-specifications"",""https://www.optionseducation.org/referencelibrary/faq/splits-mergers-spinoffs-bankruptcies""],""status"":""research screening, not a complete OCC memo search"",""unresolved_adjustment_event"":false},""current_description"":{""checks"":[],""status"":""not available for expired RIC""},""deliverable"":{""status"":""research assumption, not individually historically verified"",""value"":""100 AAPL shares""},""expiry"":{""status"":""RIC-derived; checked against source description/cache when available""},""historical_membership"":{""first"":""2026-09-10"",""last"":""2026-09-25"",""raw_sha256"":""61192fa1c9ac8a3b8c971bd68503317c2d7479e23a5fb2c366c5c3d1a81b79e6"",""status"":""actual historical response; gated before each signal""},""identity"":{""day_convention"":""zero-padded DD, instructor correction and retained real paired tests"",""fields"":[""underlying"",""cp"",""strike"",""expiry""],""source"":""https://developers.lseg.com/en/article-catalog/article/functions-to-find-option-rics-traded-on-different-exchanges"",""status"":""derived from official RIC rules""},""multiplier"":{""status"":""research assumption; supporting current lot-size metadata when available"",""value"":100},""scheduled_last_trading_date"":{""source"":""https://www.theocc.com/clearance-and-settlement/clearing/equity-options-product-specifications"",""status"":""rule/calendar-derived, not last observed quote""}}"
AAPLI252633500.U^I26,AAPL.O,C,335.0,2026-09-25,2026-09-25,2026-08-06,2026-09-25,2026-09-25,100,100 AAPL shares,False,research assumption,"official RIC-rule derivation, checked against available description/cache","direct historical quotation evidence, gated at each signal","rule/calendar derivation, distinct from final quote",research assumption,research assumption,"Treat ordinary AAPL OPRA calls as unadjusted standard American 100-share contracts, based on OCC specifications, ordinary identifiers, available descriptions and the corporate-action review. Not vendor-confirmed contract-by-contract historical deliverables.","[""https://www.theocc.com/clearance-and-settlement/clearing/equity-options-product-specifications"",""https://www.optionseducation.org/referencelibrary/faq/splits-mergers-spinoffs-bankruptcies"",""https://investor.apple.com/faq./default.aspx"",""https://infomemo.theocc.com/infomemos?number=47369""]",[],"{""candidate_construction"":{""source"":""https://developers.lseg.com/en/article-catalog/article/functions-to-find-option-rics-traded-on-different-exchanges"",""status"":""RIC probe, not listing evidence""},""corporate_actions"":{""apple_split_history"":""Apple public FAQ lists its last split in August 2020, before this sample."",""limitation"":""No detected conflicting corporate-action evidence; absence is not a vendor guarantee of every historical deliverable."",""provider_error"":null,""provider_events"":[],""provider_query_period"":[""2025-09-30"",""2026-09-30""],""sources"":[""https://investor.apple.com/faq./default.aspx"",""https://infomemo.theocc.com/infomemos?number=47369"",""https://www.theocc.com/clearance-and-settlement/clearing/equity-options-product-specifications"",""https://www.optionseducation.org/referencelibrary/faq/splits-mergers-spinoffs-bankruptcies""],""status"":""research screening, not a complete OCC memo search"",""unresolved_adjustment_event"":false},""current_description"":{""checks"":[],""status"":""not available for expired RIC""},""deliverable"":{""status"":""research assumption, not individually historically verified"",""value"":""100 AAPL shares""},""expiry"":{""status"":""RIC-derived; checked against source description/cache when available""},""historical_membership"":{""first"":""2026-08-06"",""last"":""2026-09-25"",""raw_sha256"":""93e16dfdcae65ba090dafa175795a16455f7814d5774c6e9c65e96679f67f230"",""status"":""actual historical response; gated before each signal""},""identity"":{""day_convention"":""zero-padded DD, instructor correction and retained real paired tests"",""fields"":[""underlying"",""cp"",""strike"",""expiry""],""source"":""https://developers.lseg.com/en/article-catalog/article/functions-to-find-option-rics-traded-on-different-exchanges"",""status"":""derived from official RIC rules""},""multiplier"":{""status"":""research assumption; supporting current lot-size metadata when available"",""value"":100},""scheduled_last_trading_date"":{""source"":""https://www.theocc.com/clearance-and-settlement/clearing/equity-options-product-specifications"",""status"":""rule/calendar-derived, not last observed quote""}}"
AAPLI252633750.U^I26,AAPL.O,C,337.5,2026-09-25,2026-09-25,2026-09-10,2026-09-25,2026-09-25,100,100 AAPL shares,False,research assumption,"official RIC-rule derivation, checked against available description/cache","direct historical quotation evidence, gated at each signal","rule/calendar derivation, distinct from final quote",research assumption,research assumption,"Treat ordinary AAPL OPRA calls as unadjusted standard American 100-share contracts, based on OCC specifications, ordinary identifiers, available descriptions and the corporate-action review. Not vendor-confirmed contract-by-contract historical deliverables.","[""https://www.theocc.com/clearance-and-settlement/clearing/equity-options-product-specifications"",""https://www.optionseducation.org/referencelibrary/faq/splits-mergers-spinoffs-bankruptcies"",""https://investor.apple.com/faq./default.aspx"",""https://infomemo.theocc.com/infomemos?number=47369""]",[],"{""candidate_construction"":{""source"":""https://developers.lseg.com/en/article-catalog/article/functions-to-find-option-rics-traded-on-different-exchanges"",""status"":""RIC probe, not listing evidence""},""corporate_actions"":{""apple_split_history"":""Apple public FAQ lists its last split in August 2020, before this sample."",""limitation"":""No detected conflicting corporate-action evidence; absence is not a vendor guarantee of every historical deliverable."",""provider_error"":null,""provider_events"":[],""provider_query_period"":[""2025-09-30"",""2026-09-30""],""sources"":[""https://investor.apple.com/faq./default.aspx"",""https://infomemo.theocc.com/infomemos?number=47369"",""https://www.theocc.com/clearance-and-settlement/clearing/equity-options-product-specifications"",""https://www.optionseducation.org/referencelibrary/faq/splits-mergers-spinoffs-bankruptcies""],""status"":""research screening, not a complete OCC memo search"",""unresolved_adjustment_event"":false},""current_description"":{""checks"":[],""status"":""not available for expired RIC""},""deliverable"":{""status"":""research assumption, not individually historically verified"",""value"":""100 AAPL shares""},""expiry"":{""status"":""RIC-derived; checked against source description/cache when available""},""historical_membership"":{""first"":""2026-09-10"",""last"":""2026-09-25"",""raw_sha256"":""220e5f49f8e9733bd2e7e129a5fd53e21642f9fe60f7e15cb9f06a5dd7e5db0a"",""status"":""actual historical response; gated before each signal""},""identity"":{""day_convention"":""zero-padded DD, instructor correction and retained real paired tests"",""fields"":[""underlying"",""cp"",""strike"",""expiry""],""source"":""https://developers.lseg.com/en/article-catalog/article/functions-to-find-option-rics-traded-on-different-exchanges"",""status"":""derived from official RIC rules""},""multiplier"":{""status"":""research assumption; supporting current lot-size metadata when available"",""value"":100},""scheduled_last_trading_date"":{""source"":""https://www.theocc.com/clearance-and-settlement/clearing/equity-options-product-specifications"",""status"":""rule/calendar-derived, not last observed quote""}}"
AAPLI252634000.U^I26,AAPL.O,C,340.0,2026-09-25,2026-09-25,2026-08-06,2026-09-25,2026-09-25,100,100 AAPL shares,False,research assumption,"official RIC-rule derivation, checked against available description/cache","direct historical quotation evidence, gated at each signal","rule/calendar derivation, distinct from final quote",research assumption,research assumption,"Treat ordinary AAPL OPRA calls as unadjusted standard American 100-share contracts, based on OCC specifications, ordinary identifiers, available descriptions and the corporate-action review. Not vendor-confirmed contract-by-contract historical deliverables.","[""https://www.theocc.com/clearance-and-settlement/clearing/equity-options-product-specifications"",""https://www.optionseducation.org/referencelibrary/faq/splits-mergers-spinoffs-bankruptcies"",""https://investor.apple.com/faq./default.aspx"",""https://infomemo.theocc.com/infomemos?number=47369""]",[],"{""candidate_construction"":{""source"":""https://developers.lseg.com/en/article-catalog/article/functions-to-find-option-rics-traded-on-different-exchanges"",""status"":""RIC probe, not listing evidence""},""corporate_actions"":{""apple_split_history"":""Apple public FAQ lists its last split in August 2020, before this sample."",""limitation"":""No detected conflicting corporate-action evidence; absence is not a vendor guarantee of every historical deliverable."",""provider_error"":null,""provider_events"":[],""provider_query_period"":[""2025-09-30"",""2026-09-30""],""sources"":[""https://investor.apple.com/faq./default.aspx"",""https://infomemo.theocc.com/infomemos?number=47369"",""https://www.theocc.com/clearance-and-settlement/clearing/equity-options-product-specifications"",""https://www.optionseducation.org/referencelibrary/faq/splits-mergers-spinoffs-bankruptcies""],""status"":""research screening, not a complete OCC memo search"",""unresolved_adjustment_event"":false},""current_description"":{""checks"":[],""status"":""not available for expired RIC""},""deliverable"":{""status"":""research assumption, not individually historically verified"",""value"":""100 AAPL shares""},""expiry"":{""status"":""RIC-derived; checked against source description/cache when available""},""historical_membership"":{""first"":""2026-08-06"",""last"":""2026-09-25"",""raw_sha256"":""4216fd00d2313596bde942c6d54c22ed6b25de7d1c57da4ffc575238e5196a40"",""status"":""actual historical response; gated before each signal""},""identity"":{""day_convention"":""zero-padded DD, instructor correction and retained real paired tests"",""fields"":[""underlying"",""cp"",""strike"",""expiry""],""source"":""https://developers.lseg.com/en/article-catalog/article/functions-to-find-option-rics-traded-on-different-exchanges"",""status"":""derived from official RIC rules""},""multiplier"":{""status"":""research assumption; supporting current lot-size metadata when available"",""value"":100},""scheduled_last_trading_date"":{""source"":""https://www.theocc.com/clearance-and-settlement/clearing/equity-options-product-specifications"",""status"":""rule/calendar-derived, not last observed quote""}}"
AAPLI252634250.U^I26,AAPL.O,C,342.5,2026-09-25,2026-09-25,2026-09-10,2026-09-25,2026-09-25,100,100 AAPL shares,False,research assumption,"official RIC-rule derivation, checked against available description/cache","direct historical quotation evidence, gated at each signal","rule/calendar derivation, distinct from final quote",research assumption,research assumption,"Treat ordinary AAPL OPRA calls as unadjusted standard American 100-share contracts, based on OCC specifications, ordinary identifiers, available descriptions and the corporate-action review. Not vendor-confirmed contract-by-contract historical deliverables.","[""https://www.theocc.com/clearance-and-settlement/clearing/equity-options-product-specifications"",""https://www.optionseducation.org/referencelibrary/faq/splits-mergers-spinoffs-bankruptcies"",""https://investor.apple.com/faq./default.aspx"",""https://infomemo.theocc.com/infomemos?number=47369""]",[],"{""candidate_construction"":{""source"":""https://developers.lseg.com/en/article-catalog/article/functions-to-find-option-rics-traded-on-different-exchanges"",""status"":""RIC probe, not listing evidence""},""corporate_actions"":{""apple_split_history"":""Apple public FAQ lists its last split in August 2020, before this sample."",""limitation"":""No detected conflicting corporate-action evidence; absence is not a vendor guarantee of every historical deliverable."",""provider_error"":null,""provider_events"":[],""provider_query_period"":[""2025-09-30"",""2026-09-30""],""sources"":[""https://investor.apple.com/faq./default.aspx"",""https://infomemo.theocc.com/infomemos?number=47369"",""https://www.theocc.com/clearance-and-settlement/clearing/equity-options-product-specifications"",""https://www.optionseducation.org/referencelibrary/faq/splits-mergers-spinoffs-bankruptcies""],""status"":""research screening, not a complete OCC memo search"",""unresolved_adjustment_event"":false},""current_description"":{""checks"":[],""status"":""not available for expired RIC""},""deliverable"":{""status"":""research assumption, not individually historically verified"",""value"":""100 AAPL shares""},""expiry"":{""status"":""RIC-derived; checked against source description/cache when available""},""historical_membership"":{""first"":""2026-09-10"",""last"":""2026-09-25"",""raw_sha256"":""953e03184c9306725ddcecdf29d382ca58352fc41de23fb4744a0d8deb415c6f"",""status"":""actual historical response; gated before each signal""},""identity"":{""day_convention"":""zero-padded DD, instructor correction and retained real paired tests"",""fields"":[""underlying"",""cp"",""strike"",""expiry""],""source"":""https://developers.lseg.com/en/article-catalog/article/functions-to-find-option-rics-traded-on-different-exchanges"",""status"":""derived from official RIC rules""},""multiplier"":{""status"":""research assumption; supporting current lot-size metadata when available"",""value"":100},""scheduled_last_trading_date"":{""source"":""https://www.theocc.com/clearance-and-settlement/clearing/equity-options-product-specifications"",""status"":""rule/calendar-derived, not last observed quote""}}"
AAPLI252634500.U^I26,AAPL.O,C,345.0,2026-09-25,2026-09-25,2026-08-06,2026-09-25,2026-09-25,100,100 AAPL shares,False,research assumption,"official RIC-rule derivation, checked against available description/cache","direct historical quotation evidence, gated at each signal","rule/calendar derivation, distinct from final quote",research assumption,research assumption,"Treat ordinary AAPL OPRA calls as unadjusted standard American 100-share contracts, based on OCC specifications, ordinary identifiers, available descriptions and the corporate-action review. Not vendor-confirmed contract-by-contract historical deliverables.","[""https://www.theocc.com/clearance-and-settlement/clearing/equity-options-product-specifications"",""https://www.optionseducation.org/referencelibrary/faq/splits-mergers-spinoffs-bankruptcies"",""https://investor.apple.com/faq./default.aspx"",""https://infomemo.theocc.com/infomemos?number=47369""]",[],"{""candidate_construction"":{""source"":""https://developers.lseg.com/en/article-catalog/article/functions-to-find-option-rics-traded-on-different-exchanges"",""status"":""RIC probe, not listing evidence""},""corporate_actions"":{""apple_split_history"":""Apple public FAQ lists its last split in August 2020, before this sample."",""limitation"":""No detected conflicting corporate-action evidence; absence is not a vendor guarantee of every historical deliverable."",""provider_error"":null,""provider_events"":[],""provider_query_period"":[""2025-09-30"",""2026-09-30""],""sources"":[""https://investor.apple.com/faq./default.aspx"",""https://infomemo.theocc.com/infomemos?number=47369"",""https://www.theocc.com/clearance-and-settlement/clearing/equity-options-product-specifications"",""https://www.optionseducation.org/referencelibrary/faq/splits-mergers-spinoffs-bankruptcies""],""status"":""research screening, not a complete OCC memo search"",""unresolved_adjustment_event"":false},""current_description"":{""checks"":[],""status"":""not available for expired RIC""},""deliverable"":{""status"":""research assumption, not individually historically verified"",""value"":""100 AAPL shares""},""expiry"":{""status"":""RIC-derived; checked against source description/cache when available""},""historical_membership"":{""first"":""2026-08-06"",""last"":""2026-09-25"",""raw_sha256"":""30ba499045ea0b3e8959978f9feea0ffa944d1aa3cf24f5143f997a351631cab"",""status"":""actual historical response; gated before each signal""},""identity"":{""day_convention"":""zero-padded DD, instructor correction and retained real paired tests"",""fields"":[""underlying"",""cp"",""strike"",""expiry""],""source"":""https://developers.lseg.com/en/article-catalog/article/functions-to-find-option-rics-traded-on-different-exchanges"",""status"":""derived from official RIC rules""},""multiplier"":{""status"":""research assumption; supporting current lot-size metadata when available"",""value"":100},""scheduled_last_trading_date"":{""source"":""https://www.theocc.com/clearance-and-settlement/clearing/equity-options-product-specifications"",""status"":""rule/calendar-derived, not last observed quote""}}"
AAPLI252634750.U^I26,AAPL.O,C,347.5,2026-09-25,2026-09-25,2026-09-10,2026-09-25,2026-09-25,100,100 AAPL shares,False,research assumption,"official RIC-rule derivation, checked against available description/cache","direct historical quotation evidence, gated at each signal","rule/calendar derivation, distinct from final quote",research assumption,research assumption,"Treat ordinary AAPL OPRA calls as unadjusted standard American 100-share contracts, based on OCC specifications, ordinary identifiers, available descriptions and the corporate-action review. Not vendor-confirmed contract-by-contract historical deliverables.","[""https://www.theocc.com/clearance-and-settlement/clearing/equity-options-product-specifications"",""https://www.optionseducation.org/referencelibrary/faq/splits-mergers-spinoffs-bankruptcies"",""https://investor.apple.com/faq./default.aspx"",""https://infomemo.theocc.com/infomemos?number=47369""]",[],"{""candidate_construction"":{""source"":""https://developers.lseg.com/en/article-catalog/article/functions-to-find-option-rics-traded-on-different-exchanges"",""status"":""RIC probe, not listing evidence""},""corporate_actions"":{""apple_split_history"":""Apple public FAQ lists its last split in August 2020, before this sample."",""limitation"":""No detected conflicting corporate-action evidence; absence is not a vendor guarantee of every historical deliverable."",""provider_error"":null,""provider_events"":[],""provider_query_period"":[""2025-09-30"",""2026-09-30""],""sources"":[""https://investor.apple.com/faq./default.aspx"",""https://infomemo.theocc.com/infomemos?number=47369"",""https://www.theocc.com/clearance-and-settlement/clearing/equity-options-product-specifications"",""https://www.optionseducation.org/referencelibrary/faq/splits-mergers-spinoffs-bankruptcies""],""status"":""research screening, not a complete OCC memo search"",""unresolved_adjustment_event"":false},""current_description"":{""checks"":[],""status"":""not available for expired RIC""},""deliverable"":{""status"":""research assumption, not individually historically verified"",""value"":""100 AAPL shares""},""expiry"":{""status"":""RIC-derived; checked against source description/cache when available""},""historical_membership"":{""first"":""2026-09-10"",""last"":""2026-09-25"",""raw_sha256"":""8b9f05430678d3d7f85369b9d713ff88c89b9e8aa10d3b88f073d51c54d4e491"",""status"":""actual historical response; gated before each signal""},""identity"":{""day_convention"":""zero-padded DD, instructor correction and retained real paired tests"",""fields"":[""underlying"",""cp"",""strike"",""expiry""],""source"":""https://developers.lseg.com/en/article-catalog/article/functions-to-find-option-rics-traded-on-different-exchanges"",""status"":""derived from official RIC rules""},""multiplier"":{""status"":""research assumption; supporting current lot-size metadata when available"",""value"":100},""scheduled_last_trading_date"":{""source"":""https://www.theocc.com/clearance-and-settlement/clearing/equity-options-product-specifications"",""status"":""rule/calendar-derived, not last observed quote""}}"
AAPLI252635000.U^I26,AAPL.O,C,350.0,2026-09-25,2026-09-25,2026-08-06,2026-09-25,2026-09-25,100,100 AAPL shares,False,research assumption,"official RIC-rule derivation, checked against available description/cache","direct historical quotation evidence, gated at each signal","rule/calendar derivation, distinct from final quote",research assumption,research assumption,"Treat ordinary AAPL OPRA calls as unadjusted standard American 100-share contracts, based on OCC specifications, ordinary identifiers, available descriptions and the corporate-action review. Not vendor-confirmed contract-by-contract historical deliverables.","[""https://www.theocc.com/clearance-and-settlement/clearing/equity-options-product-specifications"",""https://www.optionseducation.org/referencelibrary/faq/splits-mergers-spinoffs-bankruptcies"",""https://investor.apple.com/faq./default.aspx"",""https://infomemo.theocc.com/infomemos?number=47369""]",[],"{""candidate_construction"":{""source"":""https://developers.lseg.com/en/article-catalog/article/functions-to-find-option-rics-traded-on-different-exchanges"",""status"":""RIC probe, not listing evidence""},""corporate_actions"":{""apple_split_history"":""Apple public FAQ lists its last split in August 2020, before this sample."",""limitation"":""No detected conflicting corporate-action evidence; absence is not a vendor guarantee of every historical deliverable."",""provider_error"":null,""provider_events"":[],""provider_query_period"":[""2025-09-30"",""2026-09-30""],""sources"":[""https://investor.apple.com/faq./default.aspx"",""https://infomemo.theocc.com/infomemos?number=47369"",""https://www.theocc.com/clearance-and-settlement/clearing/equity-options-product-specifications"",""https://www.optionseducation.org/referencelibrary/faq/splits-mergers-spinoffs-bankruptcies""],""status"":""research screening, not a complete OCC memo search"",""unresolved_adjustment_event"":false},""current_description"":{""checks"":[],""status"":""not available for expired RIC""},""deliverable"":{""status"":""research assumption, not individually historically verified"",""value"":""100 AAPL shares""},""expiry"":{""status"":""RIC-derived; checked against source description/cache when available""},""historical_membership"":{""first"":""2026-08-06"",""last"":""2026-09-25"",""raw_sha256"":""a57383c3faf76b3a3db78d820ae71e54801f100ff8315c180dfe61a2c95ae7f8"",""status"":""actual historical response; gated before each signal""},""identity"":{""day_convention"":""zero-padded DD, instructor correction and retained real paired tests"",""fields"":[""underlying"",""cp"",""strike"",""expiry""],""source"":""https://developers.lseg.com/en/article-catalog/article/functions-to-find-option-rics-traded-on-different-exchanges"",""status"":""derived from official RIC rules""},""multiplier"":{""status"":""research assumption; supporting current lot-size metadata when available"",""value"":100},""scheduled_last_trading_date"":{""source"":""https://www.theocc.com/clearance-and-settlement/clearing/equity-options-product-specifications"",""status"":""rule/calendar-derived, not last observed quote""}}"
AAPLI252635250.U^I26,AAPL.O,C,352.5,2026-09-25,2026-09-25,2026-09-10,2026-09-25,2026-09-25,100,100 AAPL shares,False,research assumption,"official RIC-rule derivation, checked against available description/cache","direct historical quotation evidence, gated at each signal","rule/calendar derivation, distinct from final quote",research assumption,research assumption,"Treat ordinary AAPL OPRA calls as unadjusted standard American 100-share contracts, based on OCC specifications, ordinary identifiers, available descriptions and the corporate-action review. Not vendor-confirmed contract-by-contract historical deliverables.","[""https://www.theocc.com/clearance-and-settlement/clearing/equity-options-product-specifications"",""https://www.optionseducation.org/referencelibrary/faq/splits-mergers-spinoffs-bankruptcies"",""https://investor.apple.com/faq./default.aspx"",""https://infomemo.theocc.com/infomemos?number=47369""]",[],"{""candidate_construction"":{""source"":""https://developers.lseg.com/en/article-catalog/article/functions-to-find-option-rics-traded-on-different-exchanges"",""status"":""RIC probe, not listing evidence""},""corporate_actions"":{""apple_split_history"":""Apple public FAQ lists its last split in August 2020, before this sample."",""limitation"":""No detected conflicting corporate-action evidence; absence is not a vendor guarantee of every historical deliverable."",""provider_error"":null,""provider_events"":[],""provider_query_period"":[""2025-09-30"",""2026-09-30""],""sources"":[""https://investor.apple.com/faq./default.aspx"",""https://infomemo.theocc.com/infomemos?number=47369"",""https://www.theocc.com/clearance-and-settlement/clearing/equity-options-product-specifications"",""https://www.optionseducation.org/referencelibrary/faq/splits-mergers-spinoffs-bankruptcies""],""status"":""research screening, not a complete OCC memo search"",""unresolved_adjustment_event"":false},""current_description"":{""checks"":[],""status"":""not available for expired RIC""},""deliverable"":{""status"":""research assumption, not individually historically verified"",""value"":""100 AAPL shares""},""expiry"":{""status"":""RIC-derived; checked against source description/cache when available""},""historical_membership"":{""first"":""2026-09-10"",""last"":""2026-09-25"",""raw_sha256"":""6a95f336b5b239e4351792e7e930ca0d3bf75def306e6d90894748dfbd7870b1"",""status"":""actual historical response; gated before each signal""},""identity"":{""day_convention"":""zero-padded DD, instructor correction and retained real paired tests"",""fields"":[""underlying"",""cp"",""strike"",""expiry""],""source"":""https://developers.lseg.com/en/article-catalog/article/functions-to-find-option-rics-traded-on-different-exchanges"",""status"":""derived from official RIC rules""},""multiplier"":{""status"":""research assumption; supporting current lot-size metadata when available"",""value"":100},""scheduled_last_trading_date"":{""source"":""https://www.theocc.com/clearance-and-settlement/clearing/equity-options-product-specifications"",""status"":""rule/calendar-derived, not last observed quote""}}"
AAPLI252635500.U^I26,AAPL.O,C,355.0,2026-09-25,2026-09-25,2026-08-06,2026-09-25,2026-09-25,100,100 AAPL shares,False,research assumption,"official RIC-rule derivation, checked against available description/cache","direct historical quotation evidence, gated at each signal","rule/calendar derivation, distinct from final quote",research assumption,research assumption,"Treat ordinary AAPL OPRA calls as unadjusted standard American 100-share contracts, based on OCC specifications, ordinary identifiers, available descriptions and the corporate-action review. Not vendor-confirmed contract-by-contract historical deliverables.","[""https://www.theocc.com/clearance-and-settlement/clearing/equity-options-product-specifications"",""https://www.optionseducation.org/referencelibrary/faq/splits-mergers-spinoffs-bankruptcies"",""https://investor.apple.com/faq./default.aspx"",""https://infomemo.theocc.com/infomemos?number=47369""]",[],"{""candidate_construction"":{""source"":""https://developers.lseg.com/en/article-catalog/article/functions-to-find-option-rics-traded-on-different-exchanges"",""status"":""RIC probe, not listing evidence""},""corporate_actions"":{""apple_split_history"":""Apple public FAQ lists its last split in August 2020, before this sample."",""limitation"":""No detected conflicting corporate-action evidence; absence is not a vendor guarantee of every historical deliverable."",""provider_error"":null,""provider_events"":[],""provider_query_period"":[""2025-09-30"",""2026-09-30""],""sources"":[""https://investor.apple.com/faq./default.aspx"",""https://infomemo.theocc.com/infomemos?number=47369"",""https://www.theocc.com/clearance-and-settlement/clearing/equity-options-product-specifications"",""https://www.optionseducation.org/referencelibrary/faq/splits-mergers-spinoffs-bankruptcies""],""status"":""research screening, not a complete OCC memo search"",""unresolved_adjustment_event"":false},""current_description"":{""checks"":[],""status"":""not available for expired RIC""},""deliverable"":{""status"":""research assumption, not individually historically verified"",""value"":""100 AAPL shares""},""expiry"":{""status"":""RIC-derived; checked against source description/cache when available""},""historical_membership"":{""first"":""2026-08-06"",""last"":""2026-09-25"",""raw_sha256"":""f37a7276a160322ea39b0ab5e3fe16545cc3b349b8c19986ddcff42ebfddb018"",""status"":""actual historical response; gated before each signal""},""identity"":{""day_convention"":""zero-padded DD, instructor correction and retained real paired tests"",""fields"":[""underlying"",""cp"",""strike"",""expiry""],""source"":""https://developers.lseg.com/en/article-catalog/article/functions-to-find-option-rics-traded-on-different-exchanges"",""status"":""derived from official RIC rules""},""multiplier"":{""status"":""research assumption; supporting current lot-size metadata when available"",""value"":100},""scheduled_last_trading_date"":{""source"":""https://www.theocc.com/clearance-and-settlement/clearing/equity-options-product-specifications"",""status"":""rule/calendar-derived, not last observed quote""}}"
AAPLI252635750.U^I26,AAPL.O,C,357.5,2026-09-25,2026-09-25,2026-09-14,2026-09-25,2026-09-25,100,100 AAPL shares,False,research assumption,"official RIC-rule derivation, checked against available description/cache","direct historical quotation evidence, gated at each signal","rule/calendar derivation, distinct from final quote",research assumption,research assumption,"Treat ordinary AAPL OPRA calls as unadjusted standard American 100-share contracts, based on OCC specifications, ordinary identifiers, available descriptions and the corporate-action review. Not vendor-confirmed contract-by-contract historical deliverables.","[""https://www.theocc.com/clearance-and-settlement/clearing/equity-options-product-specifications"",""https://www.optionseducation.org/referencelibrary/faq/splits-mergers-spinoffs-bankruptcies"",""https://investor.apple.com/faq./default.aspx"",""https://infomemo.theocc.com/infomemos?number=47369""]",[],"{""candidate_construction"":{""source"":""https://developers.lseg.com/en/article-catalog/article/functions-to-find-option-rics-traded-on-different-exchanges"",""status"":""RIC probe, not listing evidence""},""corporate_actions"":{""apple_split_history"":""Apple public FAQ lists its last split in August 2020, before this sample."",""limitation"":""No detected conflicting corporate-action evidence; absence is not a vendor guarantee of every historical deliverable."",""provider_error"":null,""provider_events"":[],""provider_query_period"":[""2025-09-30"",""2026-09-30""],""sources"":[""https://investor.apple.com/faq./default.aspx"",""https://infomemo.theocc.com/infomemos?number=47369"",""https://www.theocc.com/clearance-and-settlement/clearing/equity-options-product-specifications"",""https://www.optionseducation.org/referencelibrary/faq/splits-mergers-spinoffs-bankruptcies""],""status"":""research screening, not a complete OCC memo search"",""unresolved_adjustment_event"":false},""current_description"":{""checks"":[],""status"":""not available for expired RIC""},""deliverable"":{""status"":""research assumption, not individually historically verified"",""value"":""100 AAPL shares""},""expiry"":{""status"":""RIC-derived; checked against source description/cache when available""},""historical_membership"":{""first"":""2026-09-14"",""last"":""2026-09-25"",""raw_sha256"":""5958ccf611edee5e5026775c72990774bb5bc2f0dfe37e4059ff8a621da26d4c"",""status"":""actual historical response; gated before each signal""},""identity"":{""day_convention"":""zero-padded DD, instructor correction and retained real paired tests"",""fields"":[""underlying"",""cp"",""strike"",""expiry""],""source"":""https://developers.lseg.com/en/article-catalog/article/functions-to-find-option-rics-traded-on-different-exchanges"",""status"":""derived from official RIC rules""},""multiplier"":{""status"":""research assumption; supporting current lot-size metadata when available"",""value"":100},""scheduled_last_trading_date"":{""source"":""https://www.theocc.com/clearance-and-settlement/clearing/equity-options-product-specifications"",""status"":""rule/calendar-derived, not last observed quote""}}"
AAPLI252636000.U^I26,AAPL.O,C,360.0,2026-09-25,2026-09-25,2026-08-06,2026-09-25,2026-09-25,100,100 AAPL shares,False,research assumption,"official RIC-rule derivation, checked against available description/cache","direct historical quotation evidence, gated at each signal","rule/calendar derivation, distinct from final quote",research assumption,research assumption,"Treat ordinary AAPL OPRA calls as unadjusted standard American 100-share contracts, based on OCC specifications, ordinary identifiers, available descriptions and the corporate-action review. Not vendor-confirmed contract-by-contract historical deliverables.","[""https://www.theocc.com/clearance-and-settlement/clearing/equity-options-product-specifications"",""https://www.optionseducation.org/referencelibrary/faq/splits-mergers-spinoffs-bankruptcies"",""https://investor.apple.com/faq./default.aspx"",""https://infomemo.theocc.com/infomemos?number=47369""]",[],"{""candidate_construction"":{""source"":""https://developers.lseg.com/en/article-catalog/article/functions-to-find-option-rics-traded-on-different-exchanges"",""status"":""RIC probe, not listing evidence""},""corporate_actions"":{""apple_split_history"":""Apple public FAQ lists its last split in August 2020, before this sample."",""limitation"":""No detected conflicting corporate-action evidence; absence is not a vendor guarantee of every historical deliverable."",""provider_error"":null,""provider_events"":[],""provider_query_period"":[""2025-09-30"",""2026-09-30""],""sources"":[""https://investor.apple.com/faq./default.aspx"",""https://infomemo.theocc.com/infomemos?number=47369"",""https://www.theocc.com/clearance-and-settlement/clearing/equity-options-product-specifications"",""https://www.optionseducation.org/referencelibrary/faq/splits-mergers-spinoffs-bankruptcies""],""status"":""research screening, not a complete OCC memo search"",""unresolved_adjustment_event"":false},""current_description"":{""checks"":[],""status"":""not available for expired RIC""},""deliverable"":{""status"":""research assumption, not individually historically verified"",""value"":""100 AAPL shares""},""expiry"":{""status"":""RIC-derived; checked against source description/cache when available""},""historical_membership"":{""first"":""2026-08-06"",""last"":""2026-09-25"",""raw_sha256"":""48c3f24961a2fd9011880acb92b46797a9190ba4e316b0a1e0f0c0517719e62b"",""status"":""actual historical response; gated before each signal""},""identity"":{""day_convention"":""zero-padded DD, instructor correction and retained real paired tests"",""fields"":[""underlying"",""cp"",""strike"",""expiry""],""source"":""https://developers.lseg.com/en/article-catalog/article/functions-to-find-option-rics-traded-on-different-exchanges"",""status"":""derived from official RIC rules""},""multiplier"":{""status"":""research assumption; supporting current lot-size metadata when available"",""value"":100},""scheduled_last_trading_date"":{""source"":""https://www.theocc.com/clearance-and-settlement/clearing/equity-options-product-specifications"",""status"":""rule/calendar-derived, not last observed quote""}}"
AAPLI252636250.U^I26,AAPL.O,C,362.5,2026-09-25,2026-09-25,2026-09-18,2026-09-25,2026-09-25,100,100 AAPL shares,False,research assumption,"official RIC-rule derivation, checked against available description/cache","direct historical quotation evidence, gated at each signal","rule/calendar derivation, distinct from final quote",research assumption,research assumption,"Treat ordinary AAPL OPRA calls as unadjusted standard American 100-share contracts, based on OCC specifications, ordinary identifiers, available descriptions and the corporate-action review. Not vendor-confirmed contract-by-contract historical deliverables.","[""https://www.theocc.com/clearance-and-settlement/clearing/equity-options-product-specifications"",""https://www.optionseducation.org/referencelibrary/faq/splits-mergers-spinoffs-bankruptcies"",""https://investor.apple.com/faq./default.aspx"",""https://infomemo.theocc.com/infomemos?number=47369""]",[],"{""candidate_construction"":{""source"":""https://developers.lseg.com/en/article-catalog/article/functions-to-find-option-rics-traded-on-different-exchanges"",""status"":""RIC probe, not listing evidence""},""corporate_actions"":{""apple_split_history"":""Apple public FAQ lists its last split in August 2020, before this sample."",""limitation"":""No detected conflicting corporate-action evidence; absence is not a vendor guarantee of every historical deliverable."",""provider_error"":null,""provider_events"":[],""provider_query_period"":[""2025-09-30"",""2026-09-30""],""sources"":[""https://investor.apple.com/faq./default.aspx"",""https://infomemo.theocc.com/infomemos?number=47369"",""https://www.theocc.com/clearance-and-settlement/clearing/equity-options-product-specifications"",""https://www.optionseducation.org/referencelibrary/faq/splits-mergers-spinoffs-bankruptcies""],""status"":""research screening, not a complete OCC memo search"",""unresolved_adjustment_event"":false},""current_description"":{""checks"":[],""status"":""not available for expired RIC""},""deliverable"":{""status"":""research assumption, not individually historically verified"",""value"":""100 AAPL shares""},""expiry"":{""status"":""RIC-derived; checked against source description/cache when available""},""historical_membership"":{""first"":""2026-09-18"",""last"":""2026-09-25"",""raw_sha256"":""2bfd25b4def33b655a152f1a2040c7f998b4e392878c21a2c9032db37be76320"",""status"":""actual historical response; gated before each signal""},""identity"":{""day_convention"":""zero-padded DD, instructor correction and retained real paired tests"",""fields"":[""underlying"",""cp"",""strike"",""expiry""],""source"":""https://developers.lseg.com/en/article-catalog/article/functions-to-find-option-rics-traded-on-different-exchanges"",""status"":""derived from official RIC rules""},""multiplier"":{""status"":""research assumption; supporting current lot-size metadata when available"",""value"":100},""scheduled_last_trading_date"":{""source"":""https://www.theocc.com/clearance-and-settlement/clearing/equity-options-product-specifications"",""status"":""rule/calendar-derived, not last observed quote""}}"
AAPLI252636500.U^I26,AAPL.O,C,365.0,2026-09-25,2026-09-25,2026-08-06,2026-09-25,2026-09-25,100,100 AAPL shares,False,research assumption,"official RIC-rule derivation, checked against available description/cache","direct historical quotation evidence, gated at each signal","rule/calendar derivation, distinct from final quote",research assumption,research assumption,"Treat ordinary AAPL OPRA calls as unadjusted standard American 100-share contracts, based on OCC specifications, ordinary identifiers, available descriptions and the corporate-action review. Not vendor-confirmed contract-by-contract historical deliverables.","[""https://www.theocc.com/clearance-and-settlement/clearing/equity-options-product-specifications"",""https://www.optionseducation.org/referencelibrary/faq/splits-mergers-spinoffs-bankruptcies"",""https://investor.apple.com/faq./default.aspx"",""https://infomemo.theocc.com/infomemos?number=47369""]",[],"{""candidate_construction"":{""source"":""https://developers.lseg.com/en/article-catalog/article/functions-to-find-option-rics-traded-on-different-exchanges"",""status"":""RIC probe, not listing evidence""},""corporate_actions"":{""apple_split_history"":""Apple public FAQ lists its last split in August 2020, before this sample."",""limitation"":""No detected conflicting corporate-action evidence; absence is not a vendor guarantee of every historical deliverable."",""provider_error"":null,""provider_events"":[],""provider_query_period"":[""2025-09-30"",""2026-09-30""],""sources"":[""https://investor.apple.com/faq./default.aspx"",""https://infomemo.theocc.com/infomemos?number=47369"",""https://www.theocc.com/clearance-and-settlement/clearing/equity-options-product-specifications"",""https://www.optionseducation.org/referencelibrary/faq/splits-mergers-spinoffs-bankruptcies""],""status"":""research screening, not a complete OCC memo search"",""unresolved_adjustment_event"":false},""current_description"":{""checks"":[],""status"":""not available for expired RIC""},""deliverable"":{""status"":""research assumption, not individually historically verified"",""value"":""100 AAPL shares""},""expiry"":{""status"":""RIC-derived; checked against source description/cache when available""},""historical_membership"":{""first"":""2026-08-06"",""last"":""2026-09-25"",""raw_sha256"":""e834bcac72eae61324e4a952309c37acc28ec3c22b4323f368d8ba9e87d4f3bb"",""status"":""actual historical response; gated before each signal""},""identity"":{""day_convention"":""zero-padded DD, instructor correction and retained real paired tests"",""fields"":[""underlying"",""cp"",""strike"",""expiry""],""source"":""https://developers.lseg.com/en/article-catalog/article/functions-to-find-option-rics-traded-on-different-exchanges"",""status"":""derived from official RIC rules""},""multiplier"":{""status"":""research assumption; supporting current lot-size metadata when available"",""value"":100},""scheduled_last_trading_date"":{""source"":""https://www.theocc.com/clearance-and-settlement/clearing/equity-options-product-specifications"",""status"":""rule/calendar-derived, not last observed quote""}}"
AAPLI252636750.U^I26,AAPL.O,C,367.5,2026-09-25,2026-09-25,2026-09-23,2026-09-25,2026-09-25,100,100 AAPL shares,False,research assumption,"official RIC-rule derivation, checked against available description/cache","direct historical quotation evidence, gated at each signal","rule/calendar derivation, distinct from final quote",research assumption,research assumption,"Treat ordinary AAPL OPRA calls as unadjusted standard American 100-share contracts, based on OCC specifications, ordinary identifiers, available descriptions and the corporate-action review. Not vendor-confirmed contract-by-contract historical deliverables.","[""https://www.theocc.com/clearance-and-settlement/clearing/equity-options-product-specifications"",""https://www.optionseducation.org/referencelibrary/faq/splits-mergers-spinoffs-bankruptcies"",""https://investor.apple.com/faq./default.aspx"",""https://infomemo.theocc.com/infomemos?number=47369""]",[],"{""candidate_construction"":{""source"":""https://developers.lseg.com/en/article-catalog/article/functions-to-find-option-rics-traded-on-different-exchanges"",""status"":""RIC probe, not listing evidence""},""corporate_actions"":{""apple_split_history"":""Apple public FAQ lists its last split in August 2020, before this sample."",""limitation"":""No detected conflicting corporate-action evidence; absence is not a vendor guarantee of every historical deliverable."",""provider_error"":null,""provider_events"":[],""provider_query_period"":[""2025-09-30"",""2026-09-30""],""sources"":[""https://investor.apple.com/faq./default.aspx"",""https://infomemo.theocc.com/infomemos?number=47369"",""https://www.theocc.com/clearance-and-settlement/clearing/equity-options-product-specifications"",""https://www.optionseducation.org/referencelibrary/faq/splits-mergers-spinoffs-bankruptcies""],""status"":""research screening, not a complete OCC memo search"",""unresolved_adjustment_event"":false},""current_description"":{""checks"":[],""status"":""not available for expired RIC""},""deliverable"":{""status"":""research assumption, not individually historically verified"",""value"":""100 AAPL shares""},""expiry"":{""status"":""RIC-derived; checked against source description/cache when available""},""historical_membership"":{""first"":""2026-09-23"",""last"":""2026-09-25"",""raw_sha256"":""6e369893d3652e5175c8b4f547e8d99f449664c6a868d7eb5ec2a6675d6cec2e"",""status"":""actual historical response; gated before each signal""},""identity"":{""day_convention"":""zero-padded DD, instructor correction and retained real paired tests"",""fields"":[""underlying"",""cp"",""strike"",""expiry""],""source"":""https://developers.lseg.com/en/article-catalog/article/functions-to-find-option-rics-traded-on-different-exchanges"",""status"":""derived from official RIC rules""},""multiplier"":{""status"":""research assumption; supporting current lot-size metadata when available"",""value"":100},""scheduled_last_trading_date"":{""source"":""https://www.theocc.com/clearance-and-settlement/clearing/equity-options-product-specifications"",""status"":""rule/calendar-derived, not last observed quote""}}"
AAPLI252637000.U^I26,AAPL.O,C,370.0,2026-09-25,2026-09-25,2026-08-06,2026-09-25,2026-09-25,100,100 AAPL shares,False,research assumption,"official RIC-rule derivation, checked against available description/cache","direct historical quotation evidence, gated at each signal","rule/calendar derivation, distinct from final quote",research assumption,research assumption,"Treat ordinary AAPL OPRA calls as unadjusted standard American 100-share contracts, based on OCC specifications, ordinary identifiers, available descriptions and the corporate-action review. Not vendor-confirmed contract-by-contract historical deliverables.","[""https://www.theocc.com/clearance-and-settlement/clearing/equity-options-product-specifications"",""https://www.optionseducation.org/referencelibrary/faq/splits-mergers-spinoffs-bankruptcies"",""https://investor.apple.com/faq./default.aspx"",""https://infomemo.theocc.com/infomemos?number=47369""]",[],"{""candidate_construction"":{""source"":""https://developers.lseg.com/en/article-catalog/article/functions-to-find-option-rics-traded-on-different-exchanges"",""status"":""RIC probe, not listing evidence""},""corporate_actions"":{""apple_split_history"":""Apple public FAQ lists its last split in August 2020, before this sample."",""limitation"":""No detected conflicting corporate-action evidence; absence is not a vendor guarantee of every historical deliverable."",""provider_error"":null,""provider_events"":[],""provider_query_period"":[""2025-09-30"",""2026-09-30""],""sources"":[""https://investor.apple.com/faq./default.aspx"",""https://infomemo.theocc.com/infomemos?number=47369"",""https://www.theocc.com/clearance-and-settlement/clearing/equity-options-product-specifications"",""https://www.optionseducation.org/referencelibrary/faq/splits-mergers-spinoffs-bankruptcies""],""status"":""research screening, not a complete OCC memo search"",""unresolved_adjustment_event"":false},""current_description"":{""checks"":[],""status"":""not available for expired RIC""},""deliverable"":{""status"":""research assumption, not individually historically verified"",""value"":""100 AAPL shares""},""expiry"":{""status"":""RIC-derived; checked against source description/cache when available""},""historical_membership"":{""first"":""2026-08-06"",""last"":""2026-09-25"",""raw_sha256"":""96d0c864656f366fcb7603aa8381508ad0d5b826fe446066a1bed2e3f3b4e548"",""status"":""actual historical response; gated before each signal""},""identity"":{""day_convention"":""zero-padded DD, instructor correction and retained real paired tests"",""fields"":[""underlying"",""cp"",""strike"",""expiry""],""source"":""https://developers.lseg.com/en/article-catalog/article/functions-to-find-option-rics-traded-on-different-exchanges"",""status"":""derived from official RIC rules""},""multiplier"":{""status"":""research assumption; supporting current lot-size metadata when available"",""value"":100},""scheduled_last_trading_date"":{""source"":""https://www.theocc.com/clearance-and-settlement/clearing/equity-options-product-specifications"",""status"":""rule/calendar-derived, not last observed quote""}}"
AAPLI252637250.U^I26,AAPL.O,C,372.5,2026-09-25,2026-09-25,2026-09-23,2026-09-25,2026-09-25,100,100 AAPL shares,False,research assumption,"official RIC-rule derivation, checked against available description/cache","direct historical quotation evidence, gated at each signal","rule/calendar derivation, distinct from final quote",research assumption,research assumption,"Treat ordinary AAPL OPRA calls as unadjusted standard American 100-share contracts, based on OCC specifications, ordinary identifiers, available descriptions and the corporate-action review. Not vendor-confirmed contract-by-contract historical deliverables.","[""https://www.theocc.com/clearance-and-settlement/clearing/equity-options-product-specifications"",""https://www.optionseducation.org/referencelibrary/faq/splits-mergers-spinoffs-bankruptcies"",""https://investor.apple.com/faq./default.aspx"",""https://infomemo.theocc.com/infomemos?number=47369""]",[],"{""candidate_construction"":{""source"":""https://developers.lseg.com/en/article-catalog/article/functions-to-find-option-rics-traded-on-different-exchanges"",""status"":""RIC probe, not listing evidence""},""corporate_actions"":{""apple_split_history"":""Apple public FAQ lists its last split in August 2020, before this sample."",""limitation"":""No detected conflicting corporate-action evidence; absence is not a vendor guarantee of every historical deliverable."",""provider_error"":null,""provider_events"":[],""provider_query_period"":[""2025-09-30"",""2026-09-30""],""sources"":[""https://investor.apple.com/faq./default.aspx"",""https://infomemo.theocc.com/infomemos?number=47369"",""https://www.theocc.com/clearance-and-settlement/clearing/equity-options-product-specifications"",""https://www.optionseducation.org/referencelibrary/faq/splits-mergers-spinoffs-bankruptcies""],""status"":""research screening, not a complete OCC memo search"",""unresolved_adjustment_event"":false},""current_description"":{""checks"":[],""status"":""not available for expired RIC""},""deliverable"":{""status"":""research assumption, not individually historically verified"",""value"":""100 AAPL shares""},""expiry"":{""status"":""RIC-derived; checked against source description/cache when available""},""historical_membership"":{""first"":""2026-09-23"",""last"":""2026-09-25"",""raw_sha256"":""234bcd100d25cd1db7d112886f13bcd924005724d54f74ce56ff4314872c1322"",""status"":""actual historical response; gated before each signal""},""identity"":{""day_convention"":""zero-padded DD, instructor correction and retained real paired tests"",""fields"":[""underlying"",""cp"",""strike"",""expiry""],""source"":""https://developers.lseg.com/en/article-catalog/article/functions-to-find-option-rics-traded-on-different-exchanges"",""status"":""derived from official RIC rules""},""multiplier"":{""status"":""research assumption; supporting current lot-size metadata when available"",""value"":100},""scheduled_last_trading_date"":{""source"":""https://www.theocc.com/clearance-and-settlement/clearing/equity-options-product-specifications"",""status"":""rule/calendar-derived, not last observed quote""}}"
AAPLI252637500.U^I26,AAPL.O,C,375.0,2026-09-25,2026-09-25,2026-08-06,2026-09-25,2026-09-25,100,100 AAPL shares,False,research assumption,"official RIC-rule derivation, checked against available description/cache","direct historical quotation evidence, gated at each signal","rule/calendar derivation, distinct from final quote",research assumption,research assumption,"Treat ordinary AAPL OPRA calls as unadjusted standard American 100-share contracts, based on OCC specifications, ordinary identifiers, available descriptions and the corporate-action review. Not vendor-confirmed contract-by-contract historical deliverables.","[""https://www.theocc.com/clearance-and-settlement/clearing/equity-options-product-specifications"",""https://www.optionseducation.org/referencelibrary/faq/splits-mergers-spinoffs-bankruptcies"",""https://investor.apple.com/faq./default.aspx"",""https://infomemo.theocc.com/infomemos?number=47369""]",[],"{""candidate_construction"":{""source"":""https://developers.lseg.com/en/article-catalog/article/functions-to-find-option-rics-traded-on-different-exchanges"",""status"":""RIC probe, not listing evidence""},""corporate_actions"":{""apple_split_history"":""Apple public FAQ lists its last split in August 2020, before this sample."",""limitation"":""No detected conflicting corporate-action evidence; absence is not a vendor guarantee of every historical deliverable."",""provider_error"":null,""provider_events"":[],""provider_query_period"":[""2025-09-30"",""2026-09-30""],""sources"":[""https://investor.apple.com/faq./default.aspx"",""https://infomemo.theocc.com/infomemos?number=47369"",""https://www.theocc.com/clearance-and-settlement/clearing/equity-options-product-specifications"",""https://www.optionseducation.org/referencelibrary/faq/splits-mergers-spinoffs-bankruptcies""],""status"":""research screening, not a complete OCC memo search"",""unresolved_adjustment_event"":false},""current_description"":{""checks"":[],""status"":""not available for expired RIC""},""deliverable"":{""status"":""research assumption, not individually historically verified"",""value"":""100 AAPL shares""},""expiry"":{""status"":""RIC-derived; checked against source description/cache when available""},""historical_membership"":{""first"":""2026-08-06"",""last"":""2026-09-25"",""raw_sha256"":""6754bb33b7586710c8809036698faf40c04b4b9b863def15d8c4ba5093deec98"",""status"":""actual historical response; gated before each signal""},""identity"":{""day_convention"":""zero-padded DD, instructor correction and retained real paired tests"",""fields"":[""underlying"",""cp"",""strike"",""expiry""],""source"":""https://developers.lseg.com/en/article-catalog/article/functions-to-find-option-rics-traded-on-different-exchanges"",""status"":""derived from official RIC rules""},""multiplier"":{""status"":""research assumption; supporting current lot-size metadata when available"",""value"":100},""scheduled_last_trading_date"":{""source"":""https://www.theocc.com/clearance-and-settlement/clearing/equity-options-product-specifications"",""status"":""rule/calendar-derived, not last observed quote""}}"
AAPLI252638000.U^I26,AAPL.O,C,380.0,2026-09-25,2026-09-25,2026-08-06,2026-09-25,2026-09-25,100,100 AAPL shares,False,research assumption,"official RIC-rule derivation, checked against available description/cache","direct historical quotation evidence, gated at each signal","rule/calendar derivation, distinct from final quote",research assumption,research assumption,"Treat ordinary AAPL OPRA calls as unadjusted standard American 100-share contracts, based on OCC specifications, ordinary identifiers, available descriptions and the corporate-action review. Not vendor-confirmed contract-by-contract historical deliverables.","[""https://www.theocc.com/clearance-and-settlement/clearing/equity-options-product-specifications"",""https://www.optionseducation.org/referencelibrary/faq/splits-mergers-spinoffs-bankruptcies"",""https://investor.apple.com/faq./default.aspx"",""https://infomemo.theocc.com/infomemos?number=47369""]",[],"{""candidate_construction"":{""source"":""https://developers.lseg.com/en/article-catalog/article/functions-to-find-option-rics-traded-on-different-exchanges"",""status"":""RIC probe, not listing evidence""},""corporate_actions"":{""apple_split_history"":""Apple public FAQ lists its last split in August 2020, before this sample."",""limitation"":""No detected conflicting corporate-action evidence; absence is not a vendor guarantee of every historical deliverable."",""provider_error"":null,""provider_events"":[],""provider_query_period"":[""2025-09-30"",""2026-09-30""],""sources"":[""https://investor.apple.com/faq./default.aspx"",""https://infomemo.theocc.com/infomemos?number=47369"",""https://www.theocc.com/clearance-and-settlement/clearing/equity-options-product-specifications"",""https://www.optionseducation.org/referencelibrary/faq/splits-mergers-spinoffs-bankruptcies""],""status"":""research screening, not a complete OCC memo search"",""unresolved_adjustment_event"":false},""current_description"":{""checks"":[],""status"":""not available for expired RIC""},""deliverable"":{""status"":""research assumption, not individually historically verified"",""value"":""100 AAPL shares""},""expiry"":{""status"":""RIC-derived; checked against source description/cache when available""},""historical_membership"":{""first"":""2026-08-06"",""last"":""2026-09-25"",""raw_sha256"":""3deb8bb54773a789cb9f9f7e6293fef83694eba10a61853cfa87de87cced4bd9"",""status"":""actual historical response; gated before each signal""},""identity"":{""day_convention"":""zero-padded DD, instructor correction and retained real paired tests"",""fields"":[""underlying"",""cp"",""strike"",""expiry""],""source"":""https://developers.lseg.com/en/article-catalog/article/functions-to-find-option-rics-traded-on-different-exchanges"",""status"":""derived from official RIC rules""},""multiplier"":{""status"":""research assumption; supporting current lot-size metadata when available"",""value"":100},""scheduled_last_trading_date"":{""source"":""https://www.theocc.com/clearance-and-settlement/clearing/equity-options-product-specifications"",""status"":""rule/calendar-derived, not last observed quote""}}"
AAPLI252638500.U^I26,AAPL.O,C,385.0,2026-09-25,2026-09-25,2026-08-07,2026-09-25,2026-09-25,100,100 AAPL shares,False,research assumption,"official RIC-rule derivation, checked against available description/cache","direct historical quotation evidence, gated at each signal","rule/calendar derivation, distinct from final quote",research assumption,research assumption,"Treat ordinary AAPL OPRA calls as unadjusted standard American 100-share contracts, based on OCC specifications, ordinary identifiers, available descriptions and the corporate-action review. Not vendor-confirmed contract-by-contract historical deliverables.","[""https://www.theocc.com/clearance-and-settlement/clearing/equity-options-product-specifications"",""https://www.optionseducation.org/referencelibrary/faq/splits-mergers-spinoffs-bankruptcies"",""https://investor.apple.com/faq./default.aspx"",""https://infomemo.theocc.com/infomemos?number=47369""]",[],"{""candidate_construction"":{""source"":""https://developers.lseg.com/en/article-catalog/article/functions-to-find-option-rics-traded-on-different-exchanges"",""status"":""RIC probe, not listing evidence""},""corporate_actions"":{""apple_split_history"":""Apple public FAQ lists its last split in August 2020, before this sample."",""limitation"":""No detected conflicting corporate-action evidence; absence is not a vendor guarantee of every historical deliverable."",""provider_error"":null,""provider_events"":[],""provider_query_period"":[""2025-09-30"",""2026-09-30""],""sources"":[""https://investor.apple.com/faq./default.aspx"",""https://infomemo.theocc.com/infomemos?number=47369"",""https://www.theocc.com/clearance-and-settlement/clearing/equity-options-product-specifications"",""https://www.optionseducation.org/referencelibrary/faq/splits-mergers-spinoffs-bankruptcies""],""status"":""research screening, not a complete OCC memo search"",""unresolved_adjustment_event"":false},""current_description"":{""checks"":[],""status"":""not available for expired RIC""},""deliverable"":{""status"":""research assumption, not individually historically verified"",""value"":""100 AAPL shares""},""expiry"":{""status"":""RIC-derived; checked against source description/cache when available""},""historical_membership"":{""first"":""2026-08-07"",""last"":""2026-09-25"",""raw_sha256"":""cf788ce17473e4c75de253f2f20afe14c50a2d430d2e954ecfb27010b4a8d890"",""status"":""actual historical response; gated before each signal""},""identity"":{""day_convention"":""zero-padded DD, instructor correction and retained real paired tests"",""fields"":[""underlying"",""cp"",""strike"",""expiry""],""source"":""https://developers.lseg.com/en/article-catalog/article/functions-to-find-option-rics-traded-on-different-exchanges"",""status"":""derived from official RIC rules""},""multiplier"":{""status"":""research assumption; supporting current lot-size metadata when available"",""value"":100},""scheduled_last_trading_date"":{""source"":""https://www.theocc.com/clearance-and-settlement/clearing/equity-options-product-specifications"",""status"":""rule/calendar-derived, not last observed quote""}}"
AAPLI252639000.U^I26,AAPL.O,C,390.0,2026-09-25,2026-09-25,2026-08-07,2026-09-25,2026-09-25,100,100 AAPL shares,False,research assumption,"official RIC-rule derivation, checked against available description/cache","direct historical quotation evidence, gated at each signal","rule/calendar derivation, distinct from final quote",research assumption,research assumption,"Treat ordinary AAPL OPRA calls as unadjusted standard American 100-share contracts, based on OCC specifications, ordinary identifiers, available descriptions and the corporate-action review. Not vendor-confirmed contract-by-contract historical deliverables.","[""https://www.theocc.com/clearance-and-settlement/clearing/equity-options-product-specifications"",""https://www.optionseducation.org/referencelibrary/faq/splits-mergers-spinoffs-bankruptcies"",""https://investor.apple.com/faq./default.aspx"",""https://infomemo.theocc.com/infomemos?number=47369""]",[],"{""candidate_construction"":{""source"":""https://developers.lseg.com/en/article-catalog/article/functions-to-find-option-rics-traded-on-different-exchanges"",""status"":""RIC probe, not listing evidence""},""corporate_actions"":{""apple_split_history"":""Apple public FAQ lists its last split in August 2020, before this sample."",""limitation"":""No detected conflicting corporate-action evidence; absence is not a vendor guarantee of every historical deliverable."",""provider_error"":null,""provider_events"":[],""provider_query_period"":[""2025-09-30"",""2026-09-30""],""sources"":[""https://investor.apple.com/faq./default.aspx"",""https://infomemo.theocc.com/infomemos?number=47369"",""https://www.theocc.com/clearance-and-settlement/clearing/equity-options-product-specifications"",""https://www.optionseducation.org/referencelibrary/faq/splits-mergers-spinoffs-bankruptcies""],""status"":""research screening, not a complete OCC memo search"",""unresolved_adjustment_event"":false},""current_description"":{""checks"":[],""status"":""not available for expired RIC""},""deliverable"":{""status"":""research assumption, not individually historically verified"",""value"":""100 AAPL shares""},""expiry"":{""status"":""RIC-derived; checked against source description/cache when available""},""historical_membership"":{""first"":""2026-08-07"",""last"":""2026-09-25"",""raw_sha256"":""f398f217b99f9415031ae4233d68cfcd6e9d554808f111c589716b1e7f092b57"",""status"":""actual historical response; gated before each signal""},""identity"":{""day_convention"":""zero-padded DD, instructor correction and retained real paired tests"",""fields"":[""underlying"",""cp"",""strike"",""expiry""],""source"":""https://developers.lseg.com/en/article-catalog/article/functions-to-find-option-rics-traded-on-different-exchanges"",""status"":""derived from official RIC rules""},""multiplier"":{""status"":""research assumption; supporting current lot-size metadata when available"",""value"":100},""scheduled_last_trading_date"":{""source"":""https://www.theocc.com/clearance-and-settlement/clearing/equity-options-product-specifications"",""status"":""rule/calendar-derived, not last observed quote""}}"
AAPLI252639500.U^I26,AAPL.O,C,395.0,2026-09-25,2026-09-25,2026-08-07,2026-09-25,2026-09-25,100,100 AAPL shares,False,research assumption,"official RIC-rule derivation, checked against available description/cache","direct historical quotation evidence, gated at each signal","rule/calendar derivation, distinct from final quote",research assumption,research assumption,"Treat ordinary AAPL OPRA calls as unadjusted standard American 100-share contracts, based on OCC specifications, ordinary identifiers, available descriptions and the corporate-action review. Not vendor-confirmed contract-by-contract historical deliverables.","[""https://www.theocc.com/clearance-and-settlement/clearing/equity-options-product-specifications"",""https://www.optionseducation.org/referencelibrary/faq/splits-mergers-spinoffs-bankruptcies"",""https://investor.apple.com/faq./default.aspx"",""https://infomemo.theocc.com/infomemos?number=47369""]",[],"{""candidate_construction"":{""source"":""https://developers.lseg.com/en/article-catalog/article/functions-to-find-option-rics-traded-on-different-exchanges"",""status"":""RIC probe, not listing evidence""},""corporate_actions"":{""apple_split_history"":""Apple public FAQ lists its last split in August 2020, before this sample."",""limitation"":""No detected conflicting corporate-action evidence; absence is not a vendor guarantee of every historical deliverable."",""provider_error"":null,""provider_events"":[],""provider_query_period"":[""2025-09-30"",""2026-09-30""],""sources"":[""https://investor.apple.com/faq./default.aspx"",""https://infomemo.theocc.com/infomemos?number=47369"",""https://www.theocc.com/clearance-and-settlement/clearing/equity-options-product-specifications"",""https://www.optionseducation.org/referencelibrary/faq/splits-mergers-spinoffs-bankruptcies""],""status"":""research screening, not a complete OCC memo search"",""unresolved_adjustment_event"":false},""current_description"":{""checks"":[],""status"":""not available for expired RIC""},""deliverable"":{""status"":""research assumption, not individually historically verified"",""value"":""100 AAPL shares""},""expiry"":{""status"":""RIC-derived; checked against source description/cache when available""},""historical_membership"":{""first"":""2026-08-07"",""last"":""2026-09-25"",""raw_sha256"":""3321cae369963dfcd647b04f84be4ce620203b3ff7571c8df5dd770e7562cefc"",""status"":""actual historical response; gated before each signal""},""identity"":{""day_convention"":""zero-padded DD, instructor correction and retained real paired tests"",""fields"":[""underlying"",""cp"",""strike"",""expiry""],""source"":""https://developers.lseg.com/en/article-catalog/article/functions-to-find-option-rics-traded-on-different-exchanges"",""status"":""derived from official RIC rules""},""multiplier"":{""status"":""research assumption; supporting current lot-size metadata when available"",""value"":100},""scheduled_last_trading_date"":{""source"":""https://www.theocc.com/clearance-and-settlement/clearing/equity-options-product-specifications"",""status"":""rule/calendar-derived, not last observed quote""}}"
AAPLI252640000.U^I26,AAPL.O,C,400.0,2026-09-25,2026-09-25,2026-08-07,2026-09-25,2026-09-25,100,100 AAPL shares,False,research assumption,"official RIC-rule derivation, checked against available description/cache","direct historical quotation evidence, gated at each signal","rule/calendar derivation, distinct from final quote",research assumption,research assumption,"Treat ordinary AAPL OPRA calls as unadjusted standard American 100-share contracts, based on OCC specifications, ordinary identifiers, available descriptions and the corporate-action review. Not vendor-confirmed contract-by-contract historical deliverables.","[""https://www.theocc.com/clearance-and-settlement/clearing/equity-options-product-specifications"",""https://www.optionseducation.org/referencelibrary/faq/splits-mergers-spinoffs-bankruptcies"",""https://investor.apple.com/faq./default.aspx"",""https://infomemo.theocc.com/infomemos?number=47369""]",[],"{""candidate_construction"":{""source"":""https://developers.lseg.com/en/article-catalog/article/functions-to-find-option-rics-traded-on-different-exchanges"",""status"":""RIC probe, not listing evidence""},""corporate_actions"":{""apple_split_history"":""Apple public FAQ lists its last split in August 2020, before this sample."",""limitation"":""No detected conflicting corporate-action evidence; absence is not a vendor guarantee of every historical deliverable."",""provider_error"":null,""provider_events"":[],""provider_query_period"":[""2025-09-30"",""2026-09-30""],""sources"":[""https://investor.apple.com/faq./default.aspx"",""https://infomemo.theocc.com/infomemos?number=47369"",""https://www.theocc.com/clearance-and-settlement/clearing/equity-options-product-specifications"",""https://www.optionseducation.org/referencelibrary/faq/splits-mergers-spinoffs-bankruptcies""],""status"":""research screening, not a complete OCC memo search"",""unresolved_adjustment_event"":false},""current_description"":{""checks"":[],""status"":""not available for expired RIC""},""deliverable"":{""status"":""research assumption, not individually historically verified"",""value"":""100 AAPL shares""},""expiry"":{""status"":""RIC-derived; checked against source description/cache when available""},""historical_membership"":{""first"":""2026-08-07"",""last"":""2026-09-25"",""raw_sha256"":""aa167fefb26cb22c74fdc889e05e2f78b5e9d0c09cce0359830292ad1596ff3e"",""status"":""actual historical response; gated before each signal""},""identity"":{""day_convention"":""zero-padded DD, instructor correction and retained real paired tests"",""fields"":[""underlying"",""cp"",""strike"",""expiry""],""source"":""https://developers.lseg.com/en/article-catalog/article/functions-to-find-option-rics-traded-on-different-exchanges"",""status"":""derived from official RIC rules""},""multiplier"":{""status"":""research assumption; supporting current lot-size metadata when available"",""value"":100},""scheduled_last_trading_date"":{""source"":""https://www.theocc.com/clearance-and-settlement/clearing/equity-options-product-specifications"",""status"":""rule/calendar-derived, not last observed quote""}}"
AAPLJ022632500.U^J26,AAPL.O,C,325.0,2026-10-02,2026-10-02,2026-08-13,2026-09-30,2026-10-02,100,100 AAPL shares,False,research assumption,"official RIC-rule derivation, checked against available description/cache","direct historical quotation evidence, gated at each signal","rule/calendar derivation, distinct from final quote",research assumption,research assumption,"Treat ordinary AAPL OPRA calls as unadjusted standard American 100-share contracts, based on OCC specifications, ordinary identifiers, available descriptions and the corporate-action review. Not vendor-confirmed contract-by-contract historical deliverables.","[""https://www.theocc.com/clearance-and-settlement/clearing/equity-options-product-specifications"",""https://www.optionseducation.org/referencelibrary/faq/splits-mergers-spinoffs-bankruptcies"",""https://investor.apple.com/faq./default.aspx"",""https://infomemo.theocc.com/infomemos?number=47369""]",[],"{""candidate_construction"":{""source"":""https://developers.lseg.com/en/article-catalog/article/functions-to-find-option-rics-traded-on-different-exchanges"",""status"":""RIC probe, not listing evidence""},""corporate_actions"":{""apple_split_history"":""Apple public FAQ lists its last split in August 2020, before this sample."",""limitation"":""No detected conflicting corporate-action evidence; absence is not a vendor guarantee of every historical deliverable."",""provider_error"":null,""provider_events"":[],""provider_query_period"":[""2025-09-30"",""2026-09-30""],""sources"":[""https://investor.apple.com/faq./default.aspx"",""https://infomemo.theocc.com/infomemos?number=47369"",""https://www.theocc.com/clearance-and-settlement/clearing/equity-options-product-specifications"",""https://www.optionseducation.org/referencelibrary/faq/splits-mergers-spinoffs-bankruptcies""],""status"":""research screening, not a complete OCC memo search"",""unresolved_adjustment_event"":false},""current_description"":{""checks"":[],""status"":""not available for expired RIC""},""deliverable"":{""status"":""research assumption, not individually historically verified"",""value"":""100 AAPL shares""},""expiry"":{""status"":""RIC-derived; checked against source description/cache when available""},""historical_membership"":{""first"":""2026-08-13"",""last"":""2026-09-30"",""raw_sha256"":""a30e0d6d8bb6eaf7c604de3e62fb3a830f2e0f8f72e3d8ae1fa23ca6a3e30c9f"",""status"":""actual historical response; gated before each signal""},""identity"":{""day_convention"":""zero-padded DD, instructor correction and retained real paired tests"",""fields"":[""underlying"",""cp"",""strike"",""expiry""],""source"":""https://developers.lseg.com/en/article-catalog/article/functions-to-find-option-rics-traded-on-different-exchanges"",""status"":""derived from official RIC rules""},""multiplier"":{""status"":""research assumption; supporting current lot-size metadata when available"",""value"":100},""scheduled_last_trading_date"":{""source"":""https://www.theocc.com/clearance-and-settlement/clearing/equity-options-product-specifications"",""status"":""rule/calendar-derived, not last observed quote""}}"
AAPLJ022632750.U^J26,AAPL.O,C,327.5,2026-10-02,2026-10-02,2026-09-14,2026-09-30,2026-10-02,100,100 AAPL shares,False,research assumption,"official RIC-rule derivation, checked against available description/cache","direct historical quotation evidence, gated at each signal","rule/calendar derivation, distinct from final quote",research assumption,research assumption,"Treat ordinary AAPL OPRA calls as unadjusted standard American 100-share contracts, based on OCC specifications, ordinary identifiers, available descriptions and the corporate-action review. Not vendor-confirmed contract-by-contract historical deliverables.","[""https://www.theocc.com/clearance-and-settlement/clearing/equity-options-product-specifications"",""https://www.optionseducation.org/referencelibrary/faq/splits-mergers-spinoffs-bankruptcies"",""https://investor.apple.com/faq./default.aspx"",""https://infomemo.theocc.com/infomemos?number=47369""]",[],"{""candidate_construction"":{""source"":""https://developers.lseg.com/en/article-catalog/article/functions-to-find-option-rics-traded-on-different-exchanges"",""status"":""RIC probe, not listing evidence""},""corporate_actions"":{""apple_split_history"":""Apple public FAQ lists its last split in August 2020, before this sample."",""limitation"":""No detected conflicting corporate-action evidence; absence is not a vendor guarantee of every historical deliverable."",""provider_error"":null,""provider_events"":[],""provider_query_period"":[""2025-09-30"",""2026-09-30""],""sources"":[""https://investor.apple.com/faq./default.aspx"",""https://infomemo.theocc.com/infomemos?number=47369"",""https://www.theocc.com/clearance-and-settlement/clearing/equity-options-product-specifications"",""https://www.optionseducation.org/referencelibrary/faq/splits-mergers-spinoffs-bankruptcies""],""status"":""research screening, not a complete OCC memo search"",""unresolved_adjustment_event"":false},""current_description"":{""checks"":[],""status"":""not available for expired RIC""},""deliverable"":{""status"":""research assumption, not individually historically verified"",""value"":""100 AAPL shares""},""expiry"":{""status"":""RIC-derived; checked against source description/cache when available""},""historical_membership"":{""first"":""2026-09-14"",""last"":""2026-09-30"",""raw_sha256"":""fa54a7ec53bdba4b7b6adf56fa4f3bfa19023b7aa861cad15635de9f706f4090"",""status"":""actual historical response; gated before each signal""},""identity"":{""day_convention"":""zero-padded DD, instructor correction and retained real paired tests"",""fields"":[""underlying"",""cp"",""strike"",""expiry""],""source"":""https://developers.lseg.com/en/article-catalog/article/functions-to-find-option-rics-traded-on-different-exchanges"",""status"":""derived from official RIC rules""},""multiplier"":{""status"":""research assumption; supporting current lot-size metadata when available"",""value"":100},""scheduled_last_trading_date"":{""source"":""https://www.theocc.com/clearance-and-settlement/clearing/equity-options-product-specifications"",""status"":""rule/calendar-derived, not last observed quote""}}"
AAPLJ022633000.U^J26,AAPL.O,C,330.0,2026-10-02,2026-10-02,2026-08-13,2026-09-30,2026-10-02,100,100 AAPL shares,False,research assumption,"official RIC-rule derivation, checked against available description/cache","direct historical quotation evidence, gated at each signal","rule/calendar derivation, distinct from final quote",research assumption,research assumption,"Treat ordinary AAPL OPRA calls as unadjusted standard American 100-share contracts, based on OCC specifications, ordinary identifiers, available descriptions and the corporate-action review. Not vendor-confirmed contract-by-contract historical deliverables.","[""https://www.theocc.com/clearance-and-settlement/clearing/equity-options-product-specifications"",""https://www.optionseducation.org/referencelibrary/faq/splits-mergers-spinoffs-bankruptcies"",""https://investor.apple.com/faq./default.aspx"",""https://infomemo.theocc.com/infomemos?number=47369""]",[],"{""candidate_construction"":{""source"":""https://developers.lseg.com/en/article-catalog/article/functions-to-find-option-rics-traded-on-different-exchanges"",""status"":""RIC probe, not listing evidence""},""corporate_actions"":{""apple_split_history"":""Apple public FAQ lists its last split in August 2020, before this sample."",""limitation"":""No detected conflicting corporate-action evidence; absence is not a vendor guarantee of every historical deliverable."",""provider_error"":null,""provider_events"":[],""provider_query_period"":[""2025-09-30"",""2026-09-30""],""sources"":[""https://investor.apple.com/faq./default.aspx"",""https://infomemo.theocc.com/infomemos?number=47369"",""https://www.theocc.com/clearance-and-settlement/clearing/equity-options-product-specifications"",""https://www.optionseducation.org/referencelibrary/faq/splits-mergers-spinoffs-bankruptcies""],""status"":""research screening, not a complete OCC memo search"",""unresolved_adjustment_event"":false},""current_description"":{""checks"":[],""status"":""not available for expired RIC""},""deliverable"":{""status"":""research assumption, not individually historically verified"",""value"":""100 AAPL shares""},""expiry"":{""status"":""RIC-derived; checked against source description/cache when available""},""historical_membership"":{""first"":""2026-08-13"",""last"":""2026-09-30"",""raw_sha256"":""7b0b7775d42e08feff985b8f3354254c68c8db223b2b6df9571422688547365c"",""status"":""actual historical response; gated before each signal""},""identity"":{""day_convention"":""zero-padded DD, instructor correction and retained real paired tests"",""fields"":[""underlying"",""cp"",""strike"",""expiry""],""source"":""https://developers.lseg.com/en/article-catalog/article/functions-to-find-option-rics-traded-on-different-exchanges"",""status"":""derived from official RIC rules""},""multiplier"":{""status"":""research assumption; supporting current lot-size metadata when available"",""value"":100},""scheduled_last_trading_date"":{""source"":""https://www.theocc.com/clearance-and-settlement/clearing/equity-options-product-specifications"",""status"":""rule/calendar-derived, not last observed quote""}}"
AAPLJ022633250.U^J26,AAPL.O,C,332.5,2026-10-02,2026-10-02,2026-09-14,2026-09-30,2026-10-02,100,100 AAPL shares,False,research assumption,"official RIC-rule derivation, checked against available description/cache","direct historical quotation evidence, gated at each signal","rule/calendar derivation, distinct from final quote",research assumption,research assumption,"Treat ordinary AAPL OPRA calls as unadjusted standard American 100-share contracts, based on OCC specifications, ordinary identifiers, available descriptions and the corporate-action review. Not vendor-confirmed contract-by-contract historical deliverables.","[""https://www.theocc.com/clearance-and-settlement/clearing/equity-options-product-specifications"",""https://www.optionseducation.org/referencelibrary/faq/splits-mergers-spinoffs-bankruptcies"",""https://investor.apple.com/faq./default.aspx"",""https://infomemo.theocc.com/infomemos?number=47369""]",[],"{""candidate_construction"":{""source"":""https://developers.lseg.com/en/article-catalog/article/functions-to-find-option-rics-traded-on-different-exchanges"",""status"":""RIC probe, not listing evidence""},""corporate_actions"":{""apple_split_history"":""Apple public FAQ lists its last split in August 2020, before this sample."",""limitation"":""No detected conflicting corporate-action evidence; absence is not a vendor guarantee of every historical deliverable."",""provider_error"":null,""provider_events"":[],""provider_query_period"":[""2025-09-30"",""2026-09-30""],""sources"":[""https://investor.apple.com/faq./default.aspx"",""https://infomemo.theocc.com/infomemos?number=47369"",""https://www.theocc.com/clearance-and-settlement/clearing/equity-options-product-specifications"",""https://www.optionseducation.org/referencelibrary/faq/splits-mergers-spinoffs-bankruptcies""],""status"":""research screening, not a complete OCC memo search"",""unresolved_adjustment_event"":false},""current_description"":{""checks"":[],""status"":""not available for expired RIC""},""deliverable"":{""status"":""research assumption, not individually historically verified"",""value"":""100 AAPL shares""},""expiry"":{""status"":""RIC-derived; checked against source description/cache when available""},""historical_membership"":{""first"":""2026-09-14"",""last"":""2026-09-30"",""raw_sha256"":""9b0e0d80e34f2aa70a773cc65493729fb8ae661063a5a9d9b17b70f1a571e3a4"",""status"":""actual historical response; gated before each signal""},""identity"":{""day_convention"":""zero-padded DD, instructor correction and retained real paired tests"",""fields"":[""underlying"",""cp"",""strike"",""expiry""],""source"":""https://developers.lseg.com/en/article-catalog/article/functions-to-find-option-rics-traded-on-different-exchanges"",""status"":""derived from official RIC rules""},""multiplier"":{""status"":""research assumption; supporting current lot-size metadata when available"",""value"":100},""scheduled_last_trading_date"":{""source"":""https://www.theocc.com/clearance-and-settlement/clearing/equity-options-product-specifications"",""status"":""rule/calendar-derived, not last observed quote""}}"
AAPLJ022633500.U^J26,AAPL.O,C,335.0,2026-10-02,2026-10-02,2026-08-13,2026-09-30,2026-10-02,100,100 AAPL shares,False,research assumption,"official RIC-rule derivation, checked against available description/cache","direct historical quotation evidence, gated at each signal","rule/calendar derivation, distinct from final quote",research assumption,research assumption,"Treat ordinary AAPL OPRA calls as unadjusted standard American 100-share contracts, based on OCC specifications, ordinary identifiers, available descriptions and the corporate-action review. Not vendor-confirmed contract-by-contract historical deliverables.","[""https://www.theocc.com/clearance-and-settlement/clearing/equity-options-product-specifications"",""https://www.optionseducation.org/referencelibrary/faq/splits-mergers-spinoffs-bankruptcies"",""https://investor.apple.com/faq./default.aspx"",""https://infomemo.theocc.com/infomemos?number=47369""]",[],"{""candidate_construction"":{""source"":""https://developers.lseg.com/en/article-catalog/article/functions-to-find-option-rics-traded-on-different-exchanges"",""status"":""RIC probe, not listing evidence""},""corporate_actions"":{""apple_split_history"":""Apple public FAQ lists its last split in August 2020, before this sample."",""limitation"":""No detected conflicting corporate-action evidence; absence is not a vendor guarantee of every historical deliverable."",""provider_error"":null,""provider_events"":[],""provider_query_period"":[""2025-09-30"",""2026-09-30""],""sources"":[""https://investor.apple.com/faq./default.aspx"",""https://infomemo.theocc.com/infomemos?number=47369"",""https://www.theocc.com/clearance-and-settlement/clearing/equity-options-product-specifications"",""https://www.optionseducation.org/referencelibrary/faq/splits-mergers-spinoffs-bankruptcies""],""status"":""research screening, not a complete OCC memo search"",""unresolved_adjustment_event"":false},""current_description"":{""checks"":[],""status"":""not available for expired RIC""},""deliverable"":{""status"":""research assumption, not individually historically verified"",""value"":""100 AAPL shares""},""expiry"":{""status"":""RIC-derived; checked against source description/cache when available""},""historical_membership"":{""first"":""2026-08-13"",""last"":""2026-09-30"",""raw_sha256"":""f8d259011291ad8f83af3a6423457daa763ad8c6f15b2c6ae4e3d6f2745a738c"",""status"":""actual historical response; gated before each signal""},""identity"":{""day_convention"":""zero-padded DD, instructor correction and retained real paired tests"",""fields"":[""underlying"",""cp"",""strike"",""expiry""],""source"":""https://developers.lseg.com/en/article-catalog/article/functions-to-find-option-rics-traded-on-different-exchanges"",""status"":""derived from official RIC rules""},""multiplier"":{""status"":""research assumption; supporting current lot-size metadata when available"",""value"":100},""scheduled_last_trading_date"":{""source"":""https://www.theocc.com/clearance-and-settlement/clearing/equity-options-product-specifications"",""status"":""rule/calendar-derived, not last observed quote""}}"
AAPLJ022633750.U^J26,AAPL.O,C,337.5,2026-10-02,2026-10-02,2026-09-14,2026-09-30,2026-10-02,100,100 AAPL shares,False,research assumption,"official RIC-rule derivation, checked against available description/cache","direct historical quotation evidence, gated at each signal","rule/calendar derivation, distinct from final quote",research assumption,research assumption,"Treat ordinary AAPL OPRA calls as unadjusted standard American 100-share contracts, based on OCC specifications, ordinary identifiers, available descriptions and the corporate-action review. Not vendor-confirmed contract-by-contract historical deliverables.","[""https://www.theocc.com/clearance-and-settlement/clearing/equity-options-product-specifications"",""https://www.optionseducation.org/referencelibrary/faq/splits-mergers-spinoffs-bankruptcies"",""https://investor.apple.com/faq./default.aspx"",""https://infomemo.theocc.com/infomemos?number=47369""]",[],"{""candidate_construction"":{""source"":""https://developers.lseg.com/en/article-catalog/article/functions-to-find-option-rics-traded-on-different-exchanges"",""status"":""RIC probe, not listing evidence""},""corporate_actions"":{""apple_split_history"":""Apple public FAQ lists its last split in August 2020, before this sample."",""limitation"":""No detected conflicting corporate-action evidence; absence is not a vendor guarantee of every historical deliverable."",""provider_error"":null,""provider_events"":[],""provider_query_period"":[""2025-09-30"",""2026-09-30""],""sources"":[""https://investor.apple.com/faq./default.aspx"",""https://infomemo.theocc.com/infomemos?number=47369"",""https://www.theocc.com/clearance-and-settlement/clearing/equity-options-product-specifications"",""https://www.optionseducation.org/referencelibrary/faq/splits-mergers-spinoffs-bankruptcies""],""status"":""research screening, not a complete OCC memo search"",""unresolved_adjustment_event"":false},""current_description"":{""checks"":[],""status"":""not available for expired RIC""},""deliverable"":{""status"":""research assumption, not individually historically verified"",""value"":""100 AAPL shares""},""expiry"":{""status"":""RIC-derived; checked against source description/cache when available""},""historical_membership"":{""first"":""2026-09-14"",""last"":""2026-09-30"",""raw_sha256"":""5ddda0f2b7ef571c1202d7959ff8cb3e8780057f448dd298cc69528e86d5b60b"",""status"":""actual historical response; gated before each signal""},""identity"":{""day_convention"":""zero-padded DD, instructor correction and retained real paired tests"",""fields"":[""underlying"",""cp"",""strike"",""expiry""],""source"":""https://developers.lseg.com/en/article-catalog/article/functions-to-find-option-rics-traded-on-different-exchanges"",""status"":""derived from official RIC rules""},""multiplier"":{""status"":""research assumption; supporting current lot-size metadata when available"",""value"":100},""scheduled_last_trading_date"":{""source"":""https://www.theocc.com/clearance-and-settlement/clearing/equity-options-product-specifications"",""status"":""rule/calendar-derived, not last observed quote""}}"
AAPLJ022634000.U^J26,AAPL.O,C,340.0,2026-10-02,2026-10-02,2026-08-13,2026-09-30,2026-10-02,100,100 AAPL shares,False,research assumption,"official RIC-rule derivation, checked against available description/cache","direct historical quotation evidence, gated at each signal","rule/calendar derivation, distinct from final quote",research assumption,research assumption,"Treat ordinary AAPL OPRA calls as unadjusted standard American 100-share contracts, based on OCC specifications, ordinary identifiers, available descriptions and the corporate-action review. Not vendor-confirmed contract-by-contract historical deliverables.","[""https://www.theocc.com/clearance-and-settlement/clearing/equity-options-product-specifications"",""https://www.optionseducation.org/referencelibrary/faq/splits-mergers-spinoffs-bankruptcies"",""https://investor.apple.com/faq./default.aspx"",""https://infomemo.theocc.com/infomemos?number=47369""]",[],"{""candidate_construction"":{""source"":""https://developers.lseg.com/en/article-catalog/article/functions-to-find-option-rics-traded-on-different-exchanges"",""status"":""RIC probe, not listing evidence""},""corporate_actions"":{""apple_split_history"":""Apple public FAQ lists its last split in August 2020, before this sample."",""limitation"":""No detected conflicting corporate-action evidence; absence is not a vendor guarantee of every historical deliverable."",""provider_error"":null,""provider_events"":[],""provider_query_period"":[""2025-09-30"",""2026-09-30""],""sources"":[""https://investor.apple.com/faq./default.aspx"",""https://infomemo.theocc.com/infomemos?number=47369"",""https://www.theocc.com/clearance-and-settlement/clearing/equity-options-product-specifications"",""https://www.optionseducation.org/referencelibrary/faq/splits-mergers-spinoffs-bankruptcies""],""status"":""research screening, not a complete OCC memo search"",""unresolved_adjustment_event"":false},""current_description"":{""checks"":[],""status"":""not available for expired RIC""},""deliverable"":{""status"":""research assumption, not individually historically verified"",""value"":""100 AAPL shares""},""expiry"":{""status"":""RIC-derived; checked against source description/cache when available""},""historical_membership"":{""first"":""2026-08-13"",""last"":""2026-09-30"",""raw_sha256"":""2e926a43b1fa2c2a2123da905536c5dd823347165d40fe7faa09dfd2e750981f"",""status"":""actual historical response; gated before each signal""},""identity"":{""day_convention"":""zero-padded DD, instructor correction and retained real paired tests"",""fields"":[""underlying"",""cp"",""strike"",""expiry""],""source"":""https://developers.lseg.com/en/article-catalog/article/functions-to-find-option-rics-traded-on-different-exchanges"",""status"":""derived from official RIC rules""},""multiplier"":{""status"":""research assumption; supporting current lot-size metadata when available"",""value"":100},""scheduled_last_trading_date"":{""source"":""https://www.theocc.com/clearance-and-settlement/clearing/equity-options-product-specifications"",""status"":""rule/calendar-derived, not last observed quote""}}"
AAPLJ022634250.U^J26,AAPL.O,C,342.5,2026-10-02,2026-10-02,2026-09-14,2026-09-30,2026-10-02,100,100 AAPL shares,False,research assumption,"official RIC-rule derivation, checked against available description/cache","direct historical quotation evidence, gated at each signal","rule/calendar derivation, distinct from final quote",research assumption,research assumption,"Treat ordinary AAPL OPRA calls as unadjusted standard American 100-share contracts, based on OCC specifications, ordinary identifiers, available descriptions and the corporate-action review. Not vendor-confirmed contract-by-contract historical deliverables.","[""https://www.theocc.com/clearance-and-settlement/clearing/equity-options-product-specifications"",""https://www.optionseducation.org/referencelibrary/faq/splits-mergers-spinoffs-bankruptcies"",""https://investor.apple.com/faq./default.aspx"",""https://infomemo.theocc.com/infomemos?number=47369""]",[],"{""candidate_construction"":{""source"":""https://developers.lseg.com/en/article-catalog/article/functions-to-find-option-rics-traded-on-different-exchanges"",""status"":""RIC probe, not listing evidence""},""corporate_actions"":{""apple_split_history"":""Apple public FAQ lists its last split in August 2020, before this sample."",""limitation"":""No detected conflicting corporate-action evidence; absence is not a vendor guarantee of every historical deliverable."",""provider_error"":null,""provider_events"":[],""provider_query_period"":[""2025-09-30"",""2026-09-30""],""sources"":[""https://investor.apple.com/faq./default.aspx"",""https://infomemo.theocc.com/infomemos?number=47369"",""https://www.theocc.com/clearance-and-settlement/clearing/equity-options-product-specifications"",""https://www.optionseducation.org/referencelibrary/faq/splits-mergers-spinoffs-bankruptcies""],""status"":""research screening, not a complete OCC memo search"",""unresolved_adjustment_event"":false},""current_description"":{""checks"":[],""status"":""not available for expired RIC""},""deliverable"":{""status"":""research assumption, not individually historically verified"",""value"":""100 AAPL shares""},""expiry"":{""status"":""RIC-derived; checked against source description/cache when available""},""historical_membership"":{""first"":""2026-09-14"",""last"":""2026-09-30"",""raw_sha256"":""7376df6051ee1edb1f3cb9047f07a644b0ddc871b3e8c3e0504d54d988865a7b"",""status"":""actual historical response; gated before each signal""},""identity"":{""day_convention"":""zero-padded DD, instructor correction and retained real paired tests"",""fields"":[""underlying"",""cp"",""strike"",""expiry""],""source"":""https://developers.lseg.com/en/article-catalog/article/functions-to-find-option-rics-traded-on-different-exchanges"",""status"":""derived from official RIC rules""},""multiplier"":{""status"":""research assumption; supporting current lot-size metadata when available"",""value"":100},""scheduled_last_trading_date"":{""source"":""https://www.theocc.com/clearance-and-settlement/clearing/equity-options-product-specifications"",""status"":""rule/calendar-derived, not last observed quote""}}"
AAPLJ022634500.U^J26,AAPL.O,C,345.0,2026-10-02,2026-10-02,2026-08-13,2026-09-30,2026-10-02,100,100 AAPL shares,False,research assumption,"official RIC-rule derivation, checked against available description/cache","direct historical quotation evidence, gated at each signal","rule/calendar derivation, distinct from final quote",research assumption,research assumption,"Treat ordinary AAPL OPRA calls as unadjusted standard American 100-share contracts, based on OCC specifications, ordinary identifiers, available descriptions and the corporate-action review. Not vendor-confirmed contract-by-contract historical deliverables.","[""https://www.theocc.com/clearance-and-settlement/clearing/equity-options-product-specifications"",""https://www.optionseducation.org/referencelibrary/faq/splits-mergers-spinoffs-bankruptcies"",""https://investor.apple.com/faq./default.aspx"",""https://infomemo.theocc.com/infomemos?number=47369""]",[],"{""candidate_construction"":{""source"":""https://developers.lseg.com/en/article-catalog/article/functions-to-find-option-rics-traded-on-different-exchanges"",""status"":""RIC probe, not listing evidence""},""corporate_actions"":{""apple_split_history"":""Apple public FAQ lists its last split in August 2020, before this sample."",""limitation"":""No detected conflicting corporate-action evidence; absence is not a vendor guarantee of every historical deliverable."",""provider_error"":null,""provider_events"":[],""provider_query_period"":[""2025-09-30"",""2026-09-30""],""sources"":[""https://investor.apple.com/faq./default.aspx"",""https://infomemo.theocc.com/infomemos?number=47369"",""https://www.theocc.com/clearance-and-settlement/clearing/equity-options-product-specifications"",""https://www.optionseducation.org/referencelibrary/faq/splits-mergers-spinoffs-bankruptcies""],""status"":""research screening, not a complete OCC memo search"",""unresolved_adjustment_event"":false},""current_description"":{""checks"":[],""status"":""not available for expired RIC""},""deliverable"":{""status"":""research assumption, not individually historically verified"",""value"":""100 AAPL shares""},""expiry"":{""status"":""RIC-derived; checked against source description/cache when available""},""historical_membership"":{""first"":""2026-08-13"",""last"":""2026-09-30"",""raw_sha256"":""025fb8da667958aec7818ae538ebf3e16717bf2ace802104955786552b0a9a89"",""status"":""actual historical response; gated before each signal""},""identity"":{""day_convention"":""zero-padded DD, instructor correction and retained real paired tests"",""fields"":[""underlying"",""cp"",""strike"",""expiry""],""source"":""https://developers.lseg.com/en/article-catalog/article/functions-to-find-option-rics-traded-on-different-exchanges"",""status"":""derived from official RIC rules""},""multiplier"":{""status"":""research assumption; supporting current lot-size metadata when available"",""value"":100},""scheduled_last_trading_date"":{""source"":""https://www.theocc.com/clearance-and-settlement/clearing/equity-options-product-specifications"",""status"":""rule/calendar-derived, not last observed quote""}}"
AAPLJ022634750.U^J26,AAPL.O,C,347.5,2026-10-02,2026-10-02,2026-09-14,2026-09-30,2026-10-02,100,100 AAPL shares,False,research assumption,"official RIC-rule derivation, checked against available description/cache","direct historical quotation evidence, gated at each signal","rule/calendar derivation, distinct from final quote",research assumption,research assumption,"Treat ordinary AAPL OPRA calls as unadjusted standard American 100-share contracts, based on OCC specifications, ordinary identifiers, available descriptions and the corporate-action review. Not vendor-confirmed contract-by-contract historical deliverables.","[""https://www.theocc.com/clearance-and-settlement/clearing/equity-options-product-specifications"",""https://www.optionseducation.org/referencelibrary/faq/splits-mergers-spinoffs-bankruptcies"",""https://investor.apple.com/faq./default.aspx"",""https://infomemo.theocc.com/infomemos?number=47369""]",[],"{""candidate_construction"":{""source"":""https://developers.lseg.com/en/article-catalog/article/functions-to-find-option-rics-traded-on-different-exchanges"",""status"":""RIC probe, not listing evidence""},""corporate_actions"":{""apple_split_history"":""Apple public FAQ lists its last split in August 2020, before this sample."",""limitation"":""No detected conflicting corporate-action evidence; absence is not a vendor guarantee of every historical deliverable."",""provider_error"":null,""provider_events"":[],""provider_query_period"":[""2025-09-30"",""2026-09-30""],""sources"":[""https://investor.apple.com/faq./default.aspx"",""https://infomemo.theocc.com/infomemos?number=47369"",""https://www.theocc.com/clearance-and-settlement/clearing/equity-options-product-specifications"",""https://www.optionseducation.org/referencelibrary/faq/splits-mergers-spinoffs-bankruptcies""],""status"":""research screening, not a complete OCC memo search"",""unresolved_adjustment_event"":false},""current_description"":{""checks"":[],""status"":""not available for expired RIC""},""deliverable"":{""status"":""research assumption, not individually historically verified"",""value"":""100 AAPL shares""},""expiry"":{""status"":""RIC-derived; checked against source description/cache when available""},""historical_membership"":{""first"":""2026-09-14"",""last"":""2026-09-30"",""raw_sha256"":""ba3ccacec02c0692549d36ac1906b0cf93d5865117148727fbaaa7e94b55c970"",""status"":""actual historical response; gated before each signal""},""identity"":{""day_convention"":""zero-padded DD, instructor correction and retained real paired tests"",""fields"":[""underlying"",""cp"",""strike"",""expiry""],""source"":""https://developers.lseg.com/en/article-catalog/article/functions-to-find-option-rics-traded-on-different-exchanges"",""status"":""derived from official RIC rules""},""multiplier"":{""status"":""research assumption; supporting current lot-size metadata when available"",""value"":100},""scheduled_last_trading_date"":{""source"":""https://www.theocc.com/clearance-and-settlement/clearing/equity-options-product-specifications"",""status"":""rule/calendar-derived, not last observed quote""}}"
AAPLJ022635000.U^J26,AAPL.O,C,350.0,2026-10-02,2026-10-02,2026-08-13,2026-09-30,2026-10-02,100,100 AAPL shares,False,research assumption,"official RIC-rule derivation, checked against available description/cache","direct historical quotation evidence, gated at each signal","rule/calendar derivation, distinct from final quote",research assumption,research assumption,"Treat ordinary AAPL OPRA calls as unadjusted standard American 100-share contracts, based on OCC specifications, ordinary identifiers, available descriptions and the corporate-action review. Not vendor-confirmed contract-by-contract historical deliverables.","[""https://www.theocc.com/clearance-and-settlement/clearing/equity-options-product-specifications"",""https://www.optionseducation.org/referencelibrary/faq/splits-mergers-spinoffs-bankruptcies"",""https://investor.apple.com/faq./default.aspx"",""https://infomemo.theocc.com/infomemos?number=47369""]",[],"{""candidate_construction"":{""source"":""https://developers.lseg.com/en/article-catalog/article/functions-to-find-option-rics-traded-on-different-exchanges"",""status"":""RIC probe, not listing evidence""},""corporate_actions"":{""apple_split_history"":""Apple public FAQ lists its last split in August 2020, before this sample."",""limitation"":""No detected conflicting corporate-action evidence; absence is not a vendor guarantee of every historical deliverable."",""provider_error"":null,""provider_events"":[],""provider_query_period"":[""2025-09-30"",""2026-09-30""],""sources"":[""https://investor.apple.com/faq./default.aspx"",""https://infomemo.theocc.com/infomemos?number=47369"",""https://www.theocc.com/clearance-and-settlement/clearing/equity-options-product-specifications"",""https://www.optionseducation.org/referencelibrary/faq/splits-mergers-spinoffs-bankruptcies""],""status"":""research screening, not a complete OCC memo search"",""unresolved_adjustment_event"":false},""current_description"":{""checks"":[],""status"":""not available for expired RIC""},""deliverable"":{""status"":""research assumption, not individually historically verified"",""value"":""100 AAPL shares""},""expiry"":{""status"":""RIC-derived; checked against source description/cache when available""},""historical_membership"":{""first"":""2026-08-13"",""last"":""2026-09-30"",""raw_sha256"":""a1380761708da3cea9c4e53504902aca9fc288be1bfb9791a14350f8859d3d4c"",""status"":""actual historical response; gated before each signal""},""identity"":{""day_convention"":""zero-padded DD, instructor correction and retained real paired tests"",""fields"":[""underlying"",""cp"",""strike"",""expiry""],""source"":""https://developers.lseg.com/en/article-catalog/article/functions-to-find-option-rics-traded-on-different-exchanges"",""status"":""derived from official RIC rules""},""multiplier"":{""status"":""research assumption; supporting current lot-size metadata when available"",""value"":100},""scheduled_last_trading_date"":{""source"":""https://www.theocc.com/clearance-and-settlement/clearing/equity-options-product-specifications"",""status"":""rule/calendar-derived, not last observed quote""}}"
AAPLJ022635250.U^J26,AAPL.O,C,352.5,2026-10-02,2026-10-02,2026-09-14,2026-09-30,2026-10-02,100,100 AAPL shares,False,research assumption,"official RIC-rule derivation, checked against available description/cache","direct historical quotation evidence, gated at each signal","rule/calendar derivation, distinct from final quote",research assumption,research assumption,"Treat ordinary AAPL OPRA calls as unadjusted standard American 100-share contracts, based on OCC specifications, ordinary identifiers, available descriptions and the corporate-action review. Not vendor-confirmed contract-by-contract historical deliverables.","[""https://www.theocc.com/clearance-and-settlement/clearing/equity-options-product-specifications"",""https://www.optionseducation.org/referencelibrary/faq/splits-mergers-spinoffs-bankruptcies"",""https://investor.apple.com/faq./default.aspx"",""https://infomemo.theocc.com/infomemos?number=47369""]",[],"{""candidate_construction"":{""source"":""https://developers.lseg.com/en/article-catalog/article/functions-to-find-option-rics-traded-on-different-exchanges"",""status"":""RIC probe, not listing evidence""},""corporate_actions"":{""apple_split_history"":""Apple public FAQ lists its last split in August 2020, before this sample."",""limitation"":""No detected conflicting corporate-action evidence; absence is not a vendor guarantee of every historical deliverable."",""provider_error"":null,""provider_events"":[],""provider_query_period"":[""2025-09-30"",""2026-09-30""],""sources"":[""https://investor.apple.com/faq./default.aspx"",""https://infomemo.theocc.com/infomemos?number=47369"",""https://www.theocc.com/clearance-and-settlement/clearing/equity-options-product-specifications"",""https://www.optionseducation.org/referencelibrary/faq/splits-mergers-spinoffs-bankruptcies""],""status"":""research screening, not a complete OCC memo search"",""unresolved_adjustment_event"":false},""current_description"":{""checks"":[],""status"":""not available for expired RIC""},""deliverable"":{""status"":""research assumption, not individually historically verified"",""value"":""100 AAPL shares""},""expiry"":{""status"":""RIC-derived; checked against source description/cache when available""},""historical_membership"":{""first"":""2026-09-14"",""last"":""2026-09-30"",""raw_sha256"":""17c647a0506927e9582e33fba3631465731d8d236fa1850d2accf67e8a5e7781"",""status"":""actual historical response; gated before each signal""},""identity"":{""day_convention"":""zero-padded DD, instructor correction and retained real paired tests"",""fields"":[""underlying"",""cp"",""strike"",""expiry""],""source"":""https://developers.lseg.com/en/article-catalog/article/functions-to-find-option-rics-traded-on-different-exchanges"",""status"":""derived from official RIC rules""},""multiplier"":{""status"":""research assumption; supporting current lot-size metadata when available"",""value"":100},""scheduled_last_trading_date"":{""source"":""https://www.theocc.com/clearance-and-settlement/clearing/equity-options-product-specifications"",""status"":""rule/calendar-derived, not last observed quote""}}"
AAPLJ022635500.U^J26,AAPL.O,C,355.0,2026-10-02,2026-10-02,2026-08-13,2026-09-30,2026-10-02,100,100 AAPL shares,False,research assumption,"official RIC-rule derivation, checked against available description/cache","direct historical quotation evidence, gated at each signal","rule/calendar derivation, distinct from final quote",research assumption,research assumption,"Treat ordinary AAPL OPRA calls as unadjusted standard American 100-share contracts, based on OCC specifications, ordinary identifiers, available descriptions and the corporate-action review. Not vendor-confirmed contract-by-contract historical deliverables.","[""https://www.theocc.com/clearance-and-settlement/clearing/equity-options-product-specifications"",""https://www.optionseducation.org/referencelibrary/faq/splits-mergers-spinoffs-bankruptcies"",""https://investor.apple.com/faq./default.aspx"",""https://infomemo.theocc.com/infomemos?number=47369""]",[],"{""candidate_construction"":{""source"":""https://developers.lseg.com/en/article-catalog/article/functions-to-find-option-rics-traded-on-different-exchanges"",""status"":""RIC probe, not listing evidence""},""corporate_actions"":{""apple_split_history"":""Apple public FAQ lists its last split in August 2020, before this sample."",""limitation"":""No detected conflicting corporate-action evidence; absence is not a vendor guarantee of every historical deliverable."",""provider_error"":null,""provider_events"":[],""provider_query_period"":[""2025-09-30"",""2026-09-30""],""sources"":[""https://investor.apple.com/faq./default.aspx"",""https://infomemo.theocc.com/infomemos?number=47369"",""https://www.theocc.com/clearance-and-settlement/clearing/equity-options-product-specifications"",""https://www.optionseducation.org/referencelibrary/faq/splits-mergers-spinoffs-bankruptcies""],""status"":""research screening, not a complete OCC memo search"",""unresolved_adjustment_event"":false},""current_description"":{""checks"":[],""status"":""not available for expired RIC""},""deliverable"":{""status"":""research assumption, not individually historically verified"",""value"":""100 AAPL shares""},""expiry"":{""status"":""RIC-derived; checked against source description/cache when available""},""historical_membership"":{""first"":""2026-08-13"",""last"":""2026-09-30"",""raw_sha256"":""d1d16cfe62e0748d0d972cba5532bac9401f1f9d4dbce8bebeeb2894a61e2a5a"",""status"":""actual historical response; gated before each signal""},""identity"":{""day_convention"":""zero-padded DD, instructor correction and retained real paired tests"",""fields"":[""underlying"",""cp"",""strike"",""expiry""],""source"":""https://developers.lseg.com/en/article-catalog/article/functions-to-find-option-rics-traded-on-different-exchanges"",""status"":""derived from official RIC rules""},""multiplier"":{""status"":""research assumption; supporting current lot-size metadata when available"",""value"":100},""scheduled_last_trading_date"":{""source"":""https://www.theocc.com/clearance-and-settlement/clearing/equity-options-product-specifications"",""status"":""rule/calendar-derived, not last observed quote""}}"
AAPLJ022635750.U^J26,AAPL.O,C,357.5,2026-10-02,2026-10-02,2026-09-14,2026-09-30,2026-10-02,100,100 AAPL shares,False,research assumption,"official RIC-rule derivation, checked against available description/cache","direct historical quotation evidence, gated at each signal","rule/calendar derivation, distinct from final quote",research assumption,research assumption,"Treat ordinary AAPL OPRA calls as unadjusted standard American 100-share contracts, based on OCC specifications, ordinary identifiers, available descriptions and the corporate-action review. Not vendor-confirmed contract-by-contract historical deliverables.","[""https://www.theocc.com/clearance-and-settlement/clearing/equity-options-product-specifications"",""https://www.optionseducation.org/referencelibrary/faq/splits-mergers-spinoffs-bankruptcies"",""https://investor.apple.com/faq./default.aspx"",""https://infomemo.theocc.com/infomemos?number=47369""]",[],"{""candidate_construction"":{""source"":""https://developers.lseg.com/en/article-catalog/article/functions-to-find-option-rics-traded-on-different-exchanges"",""status"":""RIC probe, not listing evidence""},""corporate_actions"":{""apple_split_history"":""Apple public FAQ lists its last split in August 2020, before this sample."",""limitation"":""No detected conflicting corporate-action evidence; absence is not a vendor guarantee of every historical deliverable."",""provider_error"":null,""provider_events"":[],""provider_query_period"":[""2025-09-30"",""2026-09-30""],""sources"":[""https://investor.apple.com/faq./default.aspx"",""https://infomemo.theocc.com/infomemos?number=47369"",""https://www.theocc.com/clearance-and-settlement/clearing/equity-options-product-specifications"",""https://www.optionseducation.org/referencelibrary/faq/splits-mergers-spinoffs-bankruptcies""],""status"":""research screening, not a complete OCC memo search"",""unresolved_adjustment_event"":false},""current_description"":{""checks"":[],""status"":""not available for expired RIC""},""deliverable"":{""status"":""research assumption, not individually historically verified"",""value"":""100 AAPL shares""},""expiry"":{""status"":""RIC-derived; checked against source description/cache when available""},""historical_membership"":{""first"":""2026-09-14"",""last"":""2026-09-30"",""raw_sha256"":""cd5847ce1f2f1b628f42d5f32e6cda87f0b6ffee6402e3a8ea5178993cc4d739"",""status"":""actual historical response; gated before each signal""},""identity"":{""day_convention"":""zero-padded DD, instructor correction and retained real paired tests"",""fields"":[""underlying"",""cp"",""strike"",""expiry""],""source"":""https://developers.lseg.com/en/article-catalog/article/functions-to-find-option-rics-traded-on-different-exchanges"",""status"":""derived from official RIC rules""},""multiplier"":{""status"":""research assumption; supporting current lot-size metadata when available"",""value"":100},""scheduled_last_trading_date"":{""source"":""https://www.theocc.com/clearance-and-settlement/clearing/equity-options-product-specifications"",""status"":""rule/calendar-derived, not last observed quote""}}"
AAPLJ022636000.U^J26,AAPL.O,C,360.0,2026-10-02,2026-10-02,2026-08-13,2026-09-30,2026-10-02,100,100 AAPL shares,False,research assumption,"official RIC-rule derivation, checked against available description/cache","direct historical quotation evidence, gated at each signal","rule/calendar derivation, distinct from final quote",research assumption,research assumption,"Treat ordinary AAPL OPRA calls as unadjusted standard American 100-share contracts, based on OCC specifications, ordinary identifiers, available descriptions and the corporate-action review. Not vendor-confirmed contract-by-contract historical deliverables.","[""https://www.theocc.com/clearance-and-settlement/clearing/equity-options-product-specifications"",""https://www.optionseducation.org/referencelibrary/faq/splits-mergers-spinoffs-bankruptcies"",""https://investor.apple.com/faq./default.aspx"",""https://infomemo.theocc.com/infomemos?number=47369""]",[],"{""candidate_construction"":{""source"":""https://developers.lseg.com/en/article-catalog/article/functions-to-find-option-rics-traded-on-different-exchanges"",""status"":""RIC probe, not listing evidence""},""corporate_actions"":{""apple_split_history"":""Apple public FAQ lists its last split in August 2020, before this sample."",""limitation"":""No detected conflicting corporate-action evidence; absence is not a vendor guarantee of every historical deliverable."",""provider_error"":null,""provider_events"":[],""provider_query_period"":[""2025-09-30"",""2026-09-30""],""sources"":[""https://investor.apple.com/faq./default.aspx"",""https://infomemo.theocc.com/infomemos?number=47369"",""https://www.theocc.com/clearance-and-settlement/clearing/equity-options-product-specifications"",""https://www.optionseducation.org/referencelibrary/faq/splits-mergers-spinoffs-bankruptcies""],""status"":""research screening, not a complete OCC memo search"",""unresolved_adjustment_event"":false},""current_description"":{""checks"":[],""status"":""not available for expired RIC""},""deliverable"":{""status"":""research assumption, not individually historically verified"",""value"":""100 AAPL shares""},""expiry"":{""status"":""RIC-derived; checked against source description/cache when available""},""historical_membership"":{""first"":""2026-08-13"",""last"":""2026-09-30"",""raw_sha256"":""fd338ad30976c868b21aa4c419e775eb674a07d04fd059bfbd116446b841b326"",""status"":""actual historical response; gated before each signal""},""identity"":{""day_convention"":""zero-padded DD, instructor correction and retained real paired tests"",""fields"":[""underlying"",""cp"",""strike"",""expiry""],""source"":""https://developers.lseg.com/en/article-catalog/article/functions-to-find-option-rics-traded-on-different-exchanges"",""status"":""derived from official RIC rules""},""multiplier"":{""status"":""research assumption; supporting current lot-size metadata when available"",""value"":100},""scheduled_last_trading_date"":{""source"":""https://www.theocc.com/clearance-and-settlement/clearing/equity-options-product-specifications"",""status"":""rule/calendar-derived, not last observed quote""}}"
AAPLJ022636250.U^J26,AAPL.O,C,362.5,2026-10-02,2026-10-02,2026-09-18,2026-09-30,2026-10-02,100,100 AAPL shares,False,research assumption,"official RIC-rule derivation, checked against available description/cache","direct historical quotation evidence, gated at each signal","rule/calendar derivation, distinct from final quote",research assumption,research assumption,"Treat ordinary AAPL OPRA calls as unadjusted standard American 100-share contracts, based on OCC specifications, ordinary identifiers, available descriptions and the corporate-action review. Not vendor-confirmed contract-by-contract historical deliverables.","[""https://www.theocc.com/clearance-and-settlement/clearing/equity-options-product-specifications"",""https://www.optionseducation.org/referencelibrary/faq/splits-mergers-spinoffs-bankruptcies"",""https://investor.apple.com/faq./default.aspx"",""https://infomemo.theocc.com/infomemos?number=47369""]",[],"{""candidate_construction"":{""source"":""https://developers.lseg.com/en/article-catalog/article/functions-to-find-option-rics-traded-on-different-exchanges"",""status"":""RIC probe, not listing evidence""},""corporate_actions"":{""apple_split_history"":""Apple public FAQ lists its last split in August 2020, before this sample."",""limitation"":""No detected conflicting corporate-action evidence; absence is not a vendor guarantee of every historical deliverable."",""provider_error"":null,""provider_events"":[],""provider_query_period"":[""2025-09-30"",""2026-09-30""],""sources"":[""https://investor.apple.com/faq./default.aspx"",""https://infomemo.theocc.com/infomemos?number=47369"",""https://www.theocc.com/clearance-and-settlement/clearing/equity-options-product-specifications"",""https://www.optionseducation.org/referencelibrary/faq/splits-mergers-spinoffs-bankruptcies""],""status"":""research screening, not a complete OCC memo search"",""unresolved_adjustment_event"":false},""current_description"":{""checks"":[],""status"":""not available for expired RIC""},""deliverable"":{""status"":""research assumption, not individually historically verified"",""value"":""100 AAPL shares""},""expiry"":{""status"":""RIC-derived; checked against source description/cache when available""},""historical_membership"":{""first"":""2026-09-18"",""last"":""2026-09-30"",""raw_sha256"":""dc179e0a95a81af4fd93c8caee0d401d0937d5f910ef89ec73cd06c1a08b0dc5"",""status"":""actual historical response; gated before each signal""},""identity"":{""day_convention"":""zero-padded DD, instructor correction and retained real paired tests"",""fields"":[""underlying"",""cp"",""strike"",""expiry""],""source"":""https://developers.lseg.com/en/article-catalog/article/functions-to-find-option-rics-traded-on-different-exchanges"",""status"":""derived from official RIC rules""},""multiplier"":{""status"":""research assumption; supporting current lot-size metadata when available"",""value"":100},""scheduled_last_trading_date"":{""source"":""https://www.theocc.com/clearance-and-settlement/clearing/equity-options-product-specifications"",""status"":""rule/calendar-derived, not last observed quote""}}"
AAPLJ022636500.U^J26,AAPL.O,C,365.0,2026-10-02,2026-10-02,2026-08-13,2026-09-30,2026-10-02,100,100 AAPL shares,False,research assumption,"official RIC-rule derivation, checked against available description/cache","direct historical quotation evidence, gated at each signal","rule/calendar derivation, distinct from final quote",research assumption,research assumption,"Treat ordinary AAPL OPRA calls as unadjusted standard American 100-share contracts, based on OCC specifications, ordinary identifiers, available descriptions and the corporate-action review. Not vendor-confirmed contract-by-contract historical deliverables.","[""https://www.theocc.com/clearance-and-settlement/clearing/equity-options-product-specifications"",""https://www.optionseducation.org/referencelibrary/faq/splits-mergers-spinoffs-bankruptcies"",""https://investor.apple.com/faq./default.aspx"",""https://infomemo.theocc.com/infomemos?number=47369""]",[],"{""candidate_construction"":{""source"":""https://developers.lseg.com/en/article-catalog/article/functions-to-find-option-rics-traded-on-different-exchanges"",""status"":""RIC probe, not listing evidence""},""corporate_actions"":{""apple_split_history"":""Apple public FAQ lists its last split in August 2020, before this sample."",""limitation"":""No detected conflicting corporate-action evidence; absence is not a vendor guarantee of every historical deliverable."",""provider_error"":null,""provider_events"":[],""provider_query_period"":[""2025-09-30"",""2026-09-30""],""sources"":[""https://investor.apple.com/faq./default.aspx"",""https://infomemo.theocc.com/infomemos?number=47369"",""https://www.theocc.com/clearance-and-settlement/clearing/equity-options-product-specifications"",""https://www.optionseducation.org/referencelibrary/faq/splits-mergers-spinoffs-bankruptcies""],""status"":""research screening, not a complete OCC memo search"",""unresolved_adjustment_event"":false},""current_description"":{""checks"":[],""status"":""not available for expired RIC""},""deliverable"":{""status"":""research assumption, not individually historically verified"",""value"":""100 AAPL shares""},""expiry"":{""status"":""RIC-derived; checked against source description/cache when available""},""historical_membership"":{""first"":""2026-08-13"",""last"":""2026-09-30"",""raw_sha256"":""05b21a2de9e98ad459fa032c309a792dd40e22565e178a24c25f4c7e2ca6e50f"",""status"":""actual historical response; gated before each signal""},""identity"":{""day_convention"":""zero-padded DD, instructor correction and retained real paired tests"",""fields"":[""underlying"",""cp"",""strike"",""expiry""],""source"":""https://developers.lseg.com/en/article-catalog/article/functions-to-find-option-rics-traded-on-different-exchanges"",""status"":""derived from official RIC rules""},""multiplier"":{""status"":""research assumption; supporting current lot-size metadata when available"",""value"":100},""scheduled_last_trading_date"":{""source"":""https://www.theocc.com/clearance-and-settlement/clearing/equity-options-product-specifications"",""status"":""rule/calendar-derived, not last observed quote""}}"
AAPLJ022636750.U^J26,AAPL.O,C,367.5,2026-10-02,2026-10-02,2026-09-18,2026-09-30,2026-10-02,100,100 AAPL shares,False,research assumption,"official RIC-rule derivation, checked against available description/cache","direct historical quotation evidence, gated at each signal","rule/calendar derivation, distinct from final quote",research assumption,research assumption,"Treat ordinary AAPL OPRA calls as unadjusted standard American 100-share contracts, based on OCC specifications, ordinary identifiers, available descriptions and the corporate-action review. Not vendor-confirmed contract-by-contract historical deliverables.","[""https://www.theocc.com/clearance-and-settlement/clearing/equity-options-product-specifications"",""https://www.optionseducation.org/referencelibrary/faq/splits-mergers-spinoffs-bankruptcies"",""https://investor.apple.com/faq./default.aspx"",""https://infomemo.theocc.com/infomemos?number=47369""]",[],"{""candidate_construction"":{""source"":""https://developers.lseg.com/en/article-catalog/article/functions-to-find-option-rics-traded-on-different-exchanges"",""status"":""RIC probe, not listing evidence""},""corporate_actions"":{""apple_split_history"":""Apple public FAQ lists its last split in August 2020, before this sample."",""limitation"":""No detected conflicting corporate-action evidence; absence is not a vendor guarantee of every historical deliverable."",""provider_error"":null,""provider_events"":[],""provider_query_period"":[""2025-09-30"",""2026-09-30""],""sources"":[""https://investor.apple.com/faq./default.aspx"",""https://infomemo.theocc.com/infomemos?number=47369"",""https://www.theocc.com/clearance-and-settlement/clearing/equity-options-product-specifications"",""https://www.optionseducation.org/referencelibrary/faq/splits-mergers-spinoffs-bankruptcies""],""status"":""research screening, not a complete OCC memo search"",""unresolved_adjustment_event"":false},""current_description"":{""checks"":[],""status"":""not available for expired RIC""},""deliverable"":{""status"":""research assumption, not individually historically verified"",""value"":""100 AAPL shares""},""expiry"":{""status"":""RIC-derived; checked against source description/cache when available""},""historical_membership"":{""first"":""2026-09-18"",""last"":""2026-09-30"",""raw_sha256"":""1f8d78f0d5a7146719625696802e37c204320af7b8a89a401518a435419716af"",""status"":""actual historical response; gated before each signal""},""identity"":{""day_convention"":""zero-padded DD, instructor correction and retained real paired tests"",""fields"":[""underlying"",""cp"",""strike"",""expiry""],""source"":""https://developers.lseg.com/en/article-catalog/article/functions-to-find-option-rics-traded-on-different-exchanges"",""status"":""derived from official RIC rules""},""multiplier"":{""status"":""research assumption; supporting current lot-size metadata when available"",""value"":100},""scheduled_last_trading_date"":{""source"":""https://www.theocc.com/clearance-and-settlement/clearing/equity-options-product-specifications"",""status"":""rule/calendar-derived, not last observed quote""}}"
AAPLJ022637000.U^J26,AAPL.O,C,370.0,2026-10-02,2026-10-02,2026-08-13,2026-09-30,2026-10-02,100,100 AAPL shares,False,research assumption,"official RIC-rule derivation, checked against available description/cache","direct historical quotation evidence, gated at each signal","rule/calendar derivation, distinct from final quote",research assumption,research assumption,"Treat ordinary AAPL OPRA calls as unadjusted standard American 100-share contracts, based on OCC specifications, ordinary identifiers, available descriptions and the corporate-action review. Not vendor-confirmed contract-by-contract historical deliverables.","[""https://www.theocc.com/clearance-and-settlement/clearing/equity-options-product-specifications"",""https://www.optionseducation.org/referencelibrary/faq/splits-mergers-spinoffs-bankruptcies"",""https://investor.apple.com/faq./default.aspx"",""https://infomemo.theocc.com/infomemos?number=47369""]",[],"{""candidate_construction"":{""source"":""https://developers.lseg.com/en/article-catalog/article/functions-to-find-option-rics-traded-on-different-exchanges"",""status"":""RIC probe, not listing evidence""},""corporate_actions"":{""apple_split_history"":""Apple public FAQ lists its last split in August 2020, before this sample."",""limitation"":""No detected conflicting corporate-action evidence; absence is not a vendor guarantee of every historical deliverable."",""provider_error"":null,""provider_events"":[],""provider_query_period"":[""2025-09-30"",""2026-09-30""],""sources"":[""https://investor.apple.com/faq./default.aspx"",""https://infomemo.theocc.com/infomemos?number=47369"",""https://www.theocc.com/clearance-and-settlement/clearing/equity-options-product-specifications"",""https://www.optionseducation.org/referencelibrary/faq/splits-mergers-spinoffs-bankruptcies""],""status"":""research screening, not a complete OCC memo search"",""unresolved_adjustment_event"":false},""current_description"":{""checks"":[],""status"":""not available for expired RIC""},""deliverable"":{""status"":""research assumption, not individually historically verified"",""value"":""100 AAPL shares""},""expiry"":{""status"":""RIC-derived; checked against source description/cache when available""},""historical_membership"":{""first"":""2026-08-13"",""last"":""2026-09-30"",""raw_sha256"":""1b6494be68a153e9e674c0b4c65831ac8a3c053a891747b0d7991649818b6ae2"",""status"":""actual historical response; gated before each signal""},""identity"":{""day_convention"":""zero-padded DD, instructor correction and retained real paired tests"",""fields"":[""underlying"",""cp"",""strike"",""expiry""],""source"":""https://developers.lseg.com/en/article-catalog/article/functions-to-find-option-rics-traded-on-different-exchanges"",""status"":""derived from official RIC rules""},""multiplier"":{""status"":""research assumption; supporting current lot-size metadata when available"",""value"":100},""scheduled_last_trading_date"":{""source"":""https://www.theocc.com/clearance-and-settlement/clearing/equity-options-product-specifications"",""status"":""rule/calendar-derived, not last observed quote""}}"
AAPLJ022637250.U^J26,AAPL.O,C,372.5,2026-10-02,2026-10-02,2026-09-23,2026-09-30,2026-10-02,100,100 AAPL shares,False,research assumption,"official RIC-rule derivation, checked against available description/cache","direct historical quotation evidence, gated at each signal","rule/calendar derivation, distinct from final quote",research assumption,research assumption,"Treat ordinary AAPL OPRA calls as unadjusted standard American 100-share contracts, based on OCC specifications, ordinary identifiers, available descriptions and the corporate-action review. Not vendor-confirmed contract-by-contract historical deliverables.","[""https://www.theocc.com/clearance-and-settlement/clearing/equity-options-product-specifications"",""https://www.optionseducation.org/referencelibrary/faq/splits-mergers-spinoffs-bankruptcies"",""https://investor.apple.com/faq./default.aspx"",""https://infomemo.theocc.com/infomemos?number=47369""]",[],"{""candidate_construction"":{""source"":""https://developers.lseg.com/en/article-catalog/article/functions-to-find-option-rics-traded-on-different-exchanges"",""status"":""RIC probe, not listing evidence""},""corporate_actions"":{""apple_split_history"":""Apple public FAQ lists its last split in August 2020, before this sample."",""limitation"":""No detected conflicting corporate-action evidence; absence is not a vendor guarantee of every historical deliverable."",""provider_error"":null,""provider_events"":[],""provider_query_period"":[""2025-09-30"",""2026-09-30""],""sources"":[""https://investor.apple.com/faq./default.aspx"",""https://infomemo.theocc.com/infomemos?number=47369"",""https://www.theocc.com/clearance-and-settlement/clearing/equity-options-product-specifications"",""https://www.optionseducation.org/referencelibrary/faq/splits-mergers-spinoffs-bankruptcies""],""status"":""research screening, not a complete OCC memo search"",""unresolved_adjustment_event"":false},""current_description"":{""checks"":[],""status"":""not available for expired RIC""},""deliverable"":{""status"":""research assumption, not individually historically verified"",""value"":""100 AAPL shares""},""expiry"":{""status"":""RIC-derived; checked against source description/cache when available""},""historical_membership"":{""first"":""2026-09-23"",""last"":""2026-09-30"",""raw_sha256"":""75ecfd9af0ac873a28e55a0768e80c7d646a2623f53a79ebcd2ee23d4b9b2aa6"",""status"":""actual historical response; gated before each signal""},""identity"":{""day_convention"":""zero-padded DD, instructor correction and retained real paired tests"",""fields"":[""underlying"",""cp"",""strike"",""expiry""],""source"":""https://developers.lseg.com/en/article-catalog/article/functions-to-find-option-rics-traded-on-different-exchanges"",""status"":""derived from official RIC rules""},""multiplier"":{""status"":""research assumption; supporting current lot-size metadata when available"",""value"":100},""scheduled_last_trading_date"":{""source"":""https://www.theocc.com/clearance-and-settlement/clearing/equity-options-product-specifications"",""status"":""rule/calendar-derived, not last observed quote""}}"
AAPLJ022637500.U^J26,AAPL.O,C,375.0,2026-10-02,2026-10-02,2026-08-14,2026-09-30,2026-10-02,100,100 AAPL shares,False,research assumption,"official RIC-rule derivation, checked against available description/cache","direct historical quotation evidence, gated at each signal","rule/calendar derivation, distinct from final quote",research assumption,research assumption,"Treat ordinary AAPL OPRA calls as unadjusted standard American 100-share contracts, based on OCC specifications, ordinary identifiers, available descriptions and the corporate-action review. Not vendor-confirmed contract-by-contract historical deliverables.","[""https://www.theocc.com/clearance-and-settlement/clearing/equity-options-product-specifications"",""https://www.optionseducation.org/referencelibrary/faq/splits-mergers-spinoffs-bankruptcies"",""https://investor.apple.com/faq./default.aspx"",""https://infomemo.theocc.com/infomemos?number=47369""]",[],"{""candidate_construction"":{""source"":""https://developers.lseg.com/en/article-catalog/article/functions-to-find-option-rics-traded-on-different-exchanges"",""status"":""RIC probe, not listing evidence""},""corporate_actions"":{""apple_split_history"":""Apple public FAQ lists its last split in August 2020, before this sample."",""limitation"":""No detected conflicting corporate-action evidence; absence is not a vendor guarantee of every historical deliverable."",""provider_error"":null,""provider_events"":[],""provider_query_period"":[""2025-09-30"",""2026-09-30""],""sources"":[""https://investor.apple.com/faq./default.aspx"",""https://infomemo.theocc.com/infomemos?number=47369"",""https://www.theocc.com/clearance-and-settlement/clearing/equity-options-product-specifications"",""https://www.optionseducation.org/referencelibrary/faq/splits-mergers-spinoffs-bankruptcies""],""status"":""research screening, not a complete OCC memo search"",""unresolved_adjustment_event"":false},""current_description"":{""checks"":[],""status"":""not available for expired RIC""},""deliverable"":{""status"":""research assumption, not individually historically verified"",""value"":""100 AAPL shares""},""expiry"":{""status"":""RIC-derived; checked against source description/cache when available""},""historical_membership"":{""first"":""2026-08-14"",""last"":""2026-09-30"",""raw_sha256"":""9a6282416ed0c3d0ad2c2329339fac9d78ef016dbc9e47b086067f5660270515"",""status"":""actual historical response; gated before each signal""},""identity"":{""day_convention"":""zero-padded DD, instructor correction and retained real paired tests"",""fields"":[""underlying"",""cp"",""strike"",""expiry""],""source"":""https://developers.lseg.com/en/article-catalog/article/functions-to-find-option-rics-traded-on-different-exchanges"",""status"":""derived from official RIC rules""},""multiplier"":{""status"":""research assumption; supporting current lot-size metadata when available"",""value"":100},""scheduled_last_trading_date"":{""source"":""https://www.theocc.com/clearance-and-settlement/clearing/equity-options-product-specifications"",""status"":""rule/calendar-derived, not last observed quote""}}"
AAPLJ022638000.U^J26,AAPL.O,C,380.0,2026-10-02,2026-10-02,2026-08-14,2026-09-30,2026-10-02,100,100 AAPL shares,False,research assumption,"official RIC-rule derivation, checked against available description/cache","direct historical quotation evidence, gated at each signal","rule/calendar derivation, distinct from final quote",research assumption,research assumption,"Treat ordinary AAPL OPRA calls as unadjusted standard American 100-share contracts, based on OCC specifications, ordinary identifiers, available descriptions and the corporate-action review. Not vendor-confirmed contract-by-contract historical deliverables.","[""https://www.theocc.com/clearance-and-settlement/clearing/equity-options-product-specifications"",""https://www.optionseducation.org/referencelibrary/faq/splits-mergers-spinoffs-bankruptcies"",""https://investor.apple.com/faq./default.aspx"",""https://infomemo.theocc.com/infomemos?number=47369""]",[],"{""candidate_construction"":{""source"":""https://developers.lseg.com/en/article-catalog/article/functions-to-find-option-rics-traded-on-different-exchanges"",""status"":""RIC probe, not listing evidence""},""corporate_actions"":{""apple_split_history"":""Apple public FAQ lists its last split in August 2020, before this sample."",""limitation"":""No detected conflicting corporate-action evidence; absence is not a vendor guarantee of every historical deliverable."",""provider_error"":null,""provider_events"":[],""provider_query_period"":[""2025-09-30"",""2026-09-30""],""sources"":[""https://investor.apple.com/faq./default.aspx"",""https://infomemo.theocc.com/infomemos?number=47369"",""https://www.theocc.com/clearance-and-settlement/clearing/equity-options-product-specifications"",""https://www.optionseducation.org/referencelibrary/faq/splits-mergers-spinoffs-bankruptcies""],""status"":""research screening, not a complete OCC memo search"",""unresolved_adjustment_event"":false},""current_description"":{""checks"":[],""status"":""not available for expired RIC""},""deliverable"":{""status"":""research assumption, not individually historically verified"",""value"":""100 AAPL shares""},""expiry"":{""status"":""RIC-derived; checked against source description/cache when available""},""historical_membership"":{""first"":""2026-08-14"",""last"":""2026-09-30"",""raw_sha256"":""98914ce5d544aa8503030e9eb7d40c688fc9fe9c5873355ad101a66327bc22e0"",""status"":""actual historical response; gated before each signal""},""identity"":{""day_convention"":""zero-padded DD, instructor correction and retained real paired tests"",""fields"":[""underlying"",""cp"",""strike"",""expiry""],""source"":""https://developers.lseg.com/en/article-catalog/article/functions-to-find-option-rics-traded-on-different-exchanges"",""status"":""derived from official RIC rules""},""multiplier"":{""status"":""research assumption; supporting current lot-size metadata when available"",""value"":100},""scheduled_last_trading_date"":{""source"":""https://www.theocc.com/clearance-and-settlement/clearing/equity-options-product-specifications"",""status"":""rule/calendar-derived, not last observed quote""}}"
AAPLJ022638500.U^J26,AAPL.O,C,385.0,2026-10-02,2026-10-02,2026-08-14,2026-09-30,2026-10-02,100,100 AAPL shares,False,research assumption,"official RIC-rule derivation, checked against available description/cache","direct historical quotation evidence, gated at each signal","rule/calendar derivation, distinct from final quote",research assumption,research assumption,"Treat ordinary AAPL OPRA calls as unadjusted standard American 100-share contracts, based on OCC specifications, ordinary identifiers, available descriptions and the corporate-action review. Not vendor-confirmed contract-by-contract historical deliverables.","[""https://www.theocc.com/clearance-and-settlement/clearing/equity-options-product-specifications"",""https://www.optionseducation.org/referencelibrary/faq/splits-mergers-spinoffs-bankruptcies"",""https://investor.apple.com/faq./default.aspx"",""https://infomemo.theocc.com/infomemos?number=47369""]",[],"{""candidate_construction"":{""source"":""https://developers.lseg.com/en/article-catalog/article/functions-to-find-option-rics-traded-on-different-exchanges"",""status"":""RIC probe, not listing evidence""},""corporate_actions"":{""apple_split_history"":""Apple public FAQ lists its last split in August 2020, before this sample."",""limitation"":""No detected conflicting corporate-action evidence; absence is not a vendor guarantee of every historical deliverable."",""provider_error"":null,""provider_events"":[],""provider_query_period"":[""2025-09-30"",""2026-09-30""],""sources"":[""https://investor.apple.com/faq./default.aspx"",""https://infomemo.theocc.com/infomemos?number=47369"",""https://www.theocc.com/clearance-and-settlement/clearing/equity-options-product-specifications"",""https://www.optionseducation.org/referencelibrary/faq/splits-mergers-spinoffs-bankruptcies""],""status"":""research screening, not a complete OCC memo search"",""unresolved_adjustment_event"":false},""current_description"":{""checks"":[],""status"":""not available for expired RIC""},""deliverable"":{""status"":""research assumption, not individually historically verified"",""value"":""100 AAPL shares""},""expiry"":{""status"":""RIC-derived; checked against source description/cache when available""},""historical_membership"":{""first"":""2026-08-14"",""last"":""2026-09-30"",""raw_sha256"":""821faac27b79b7a382c652cd88da75173a6e313047598ecd94365fa4f14546bf"",""status"":""actual historical response; gated before each signal""},""identity"":{""day_convention"":""zero-padded DD, instructor correction and retained real paired tests"",""fields"":[""underlying"",""cp"",""strike"",""expiry""],""source"":""https://developers.lseg.com/en/article-catalog/article/functions-to-find-option-rics-traded-on-different-exchanges"",""status"":""derived from official RIC rules""},""multiplier"":{""status"":""research assumption; supporting current lot-size metadata when available"",""value"":100},""scheduled_last_trading_date"":{""source"":""https://www.theocc.com/clearance-and-settlement/clearing/equity-options-product-specifications"",""status"":""rule/calendar-derived, not last observed quote""}}"
AAPLJ022639000.U^J26,AAPL.O,C,390.0,2026-10-02,2026-10-02,2026-08-14,2026-09-30,2026-10-02,100,100 AAPL shares,False,research assumption,"official RIC-rule derivation, checked against available description/cache","direct historical quotation evidence, gated at each signal","rule/calendar derivation, distinct from final quote",research assumption,research assumption,"Treat ordinary AAPL OPRA calls as unadjusted standard American 100-share contracts, based on OCC specifications, ordinary identifiers, available descriptions and the corporate-action review. Not vendor-confirmed contract-by-contract historical deliverables.","[""https://www.theocc.com/clearance-and-settlement/clearing/equity-options-product-specifications"",""https://www.optionseducation.org/referencelibrary/faq/splits-mergers-spinoffs-bankruptcies"",""https://investor.apple.com/faq./default.aspx"",""https://infomemo.theocc.com/infomemos?number=47369""]",[],"{""candidate_construction"":{""source"":""https://developers.lseg.com/en/article-catalog/article/functions-to-find-option-rics-traded-on-different-exchanges"",""status"":""RIC probe, not listing evidence""},""corporate_actions"":{""apple_split_history"":""Apple public FAQ lists its last split in August 2020, before this sample."",""limitation"":""No detected conflicting corporate-action evidence; absence is not a vendor guarantee of every historical deliverable."",""provider_error"":null,""provider_events"":[],""provider_query_period"":[""2025-09-30"",""2026-09-30""],""sources"":[""https://investor.apple.com/faq./default.aspx"",""https://infomemo.theocc.com/infomemos?number=47369"",""https://www.theocc.com/clearance-and-settlement/clearing/equity-options-product-specifications"",""https://www.optionseducation.org/referencelibrary/faq/splits-mergers-spinoffs-bankruptcies""],""status"":""research screening, not a complete OCC memo search"",""unresolved_adjustment_event"":false},""current_description"":{""checks"":[],""status"":""not available for expired RIC""},""deliverable"":{""status"":""research assumption, not individually historically verified"",""value"":""100 AAPL shares""},""expiry"":{""status"":""RIC-derived; checked against source description/cache when available""},""historical_membership"":{""first"":""2026-08-14"",""last"":""2026-09-30"",""raw_sha256"":""9b64430480944c49a420e6091a73f1e477b433e61cd08c394ea6bee2af432c93"",""status"":""actual historical response; gated before each signal""},""identity"":{""day_convention"":""zero-padded DD, instructor correction and retained real paired tests"",""fields"":[""underlying"",""cp"",""strike"",""expiry""],""source"":""https://developers.lseg.com/en/article-catalog/article/functions-to-find-option-rics-traded-on-different-exchanges"",""status"":""derived from official RIC rules""},""multiplier"":{""status"":""research assumption; supporting current lot-size metadata when available"",""value"":100},""scheduled_last_trading_date"":{""source"":""https://www.theocc.com/clearance-and-settlement/clearing/equity-options-product-specifications"",""status"":""rule/calendar-derived, not last observed quote""}}"
AAPLJ022639500.U^J26,AAPL.O,C,395.0,2026-10-02,2026-10-02,2026-08-14,2026-09-30,2026-10-02,100,100 AAPL shares,False,research assumption,"official RIC-rule derivation, checked against available description/cache","direct historical quotation evidence, gated at each signal","rule/calendar derivation, distinct from final quote",research assumption,research assumption,"Treat ordinary AAPL OPRA calls as unadjusted standard American 100-share contracts, based on OCC specifications, ordinary identifiers, available descriptions and the corporate-action review. Not vendor-confirmed contract-by-contract historical deliverables.","[""https://www.theocc.com/clearance-and-settlement/clearing/equity-options-product-specifications"",""https://www.optionseducation.org/referencelibrary/faq/splits-mergers-spinoffs-bankruptcies"",""https://investor.apple.com/faq./default.aspx"",""https://infomemo.theocc.com/infomemos?number=47369""]",[],"{""candidate_construction"":{""source"":""https://developers.lseg.com/en/article-catalog/article/functions-to-find-option-rics-traded-on-different-exchanges"",""status"":""RIC probe, not listing evidence""},""corporate_actions"":{""apple_split_history"":""Apple public FAQ lists its last split in August 2020, before this sample."",""limitation"":""No detected conflicting corporate-action evidence; absence is not a vendor guarantee of every historical deliverable."",""provider_error"":null,""provider_events"":[],""provider_query_period"":[""2025-09-30"",""2026-09-30""],""sources"":[""https://investor.apple.com/faq./default.aspx"",""https://infomemo.theocc.com/infomemos?number=47369"",""https://www.theocc.com/clearance-and-settlement/clearing/equity-options-product-specifications"",""https://www.optionseducation.org/referencelibrary/faq/splits-mergers-spinoffs-bankruptcies""],""status"":""research screening, not a complete OCC memo search"",""unresolved_adjustment_event"":false},""current_description"":{""checks"":[],""status"":""not available for expired RIC""},""deliverable"":{""status"":""research assumption, not individually historically verified"",""value"":""100 AAPL shares""},""expiry"":{""status"":""RIC-derived; checked against source description/cache when available""},""historical_membership"":{""first"":""2026-08-14"",""last"":""2026-09-30"",""raw_sha256"":""00f4383fa760ad0a9aba551201230314f5516e0206eba64fb44c84b36a74292f"",""status"":""actual historical response; gated before each signal""},""identity"":{""day_convention"":""zero-padded DD, instructor correction and retained real paired tests"",""fields"":[""underlying"",""cp"",""strike"",""expiry""],""source"":""https://developers.lseg.com/en/article-catalog/article/functions-to-find-option-rics-traded-on-different-exchanges"",""status"":""derived from official RIC rules""},""multiplier"":{""status"":""research assumption; supporting current lot-size metadata when available"",""value"":100},""scheduled_last_trading_date"":{""source"":""https://www.theocc.com/clearance-and-settlement/clearing/equity-options-product-specifications"",""status"":""rule/calendar-derived, not last observed quote""}}"
AAPLJ022640000.U^J26,AAPL.O,C,400.0,2026-10-02,2026-10-02,2026-08-14,2026-09-30,2026-10-02,100,100 AAPL shares,False,research assumption,"official RIC-rule derivation, checked against available description/cache","direct historical quotation evidence, gated at each signal","rule/calendar derivation, distinct from final quote",research assumption,research assumption,"Treat ordinary AAPL OPRA calls as unadjusted standard American 100-share contracts, based on OCC specifications, ordinary identifiers, available descriptions and the corporate-action review. Not vendor-confirmed contract-by-contract historical deliverables.","[""https://www.theocc.com/clearance-and-settlement/clearing/equity-options-product-specifications"",""https://www.optionseducation.org/referencelibrary/faq/splits-mergers-spinoffs-bankruptcies"",""https://investor.apple.com/faq./default.aspx"",""https://infomemo.theocc.com/infomemos?number=47369""]",[],"{""candidate_construction"":{""source"":""https://developers.lseg.com/en/article-catalog/article/functions-to-find-option-rics-traded-on-different-exchanges"",""status"":""RIC probe, not listing evidence""},""corporate_actions"":{""apple_split_history"":""Apple public FAQ lists its last split in August 2020, before this sample."",""limitation"":""No detected conflicting corporate-action evidence; absence is not a vendor guarantee of every historical deliverable."",""provider_error"":null,""provider_events"":[],""provider_query_period"":[""2025-09-30"",""2026-09-30""],""sources"":[""https://investor.apple.com/faq./default.aspx"",""https://infomemo.theocc.com/infomemos?number=47369"",""https://www.theocc.com/clearance-and-settlement/clearing/equity-options-product-specifications"",""https://www.optionseducation.org/referencelibrary/faq/splits-mergers-spinoffs-bankruptcies""],""status"":""research screening, not a complete OCC memo search"",""unresolved_adjustment_event"":false},""current_description"":{""checks"":[],""status"":""not available for expired RIC""},""deliverable"":{""status"":""research assumption, not individually historically verified"",""value"":""100 AAPL shares""},""expiry"":{""status"":""RIC-derived; checked against source description/cache when available""},""historical_membership"":{""first"":""2026-08-14"",""last"":""2026-09-30"",""raw_sha256"":""fc88d8114ef359cda4916559118368385cf9244efd77679f1323ff58ac01ebd2"",""status"":""actual historical response; gated before each signal""},""identity"":{""day_convention"":""zero-padded DD, instructor correction and retained real paired tests"",""fields"":[""underlying"",""cp"",""strike"",""expiry""],""source"":""https://developers.lseg.com/en/article-catalog/article/functions-to-find-option-rics-traded-on-different-exchanges"",""status"":""derived from official RIC rules""},""multiplier"":{""status"":""research assumption; supporting current lot-size metadata when available"",""value"":100},""scheduled_last_trading_date"":{""source"":""https://www.theocc.com/clearance-and-settlement/clearing/equity-options-product-specifications"",""status"":""rule/calendar-derived, not last observed quote""}}"
AAPLJ022640500.U^J26,AAPL.O,C,405.0,2026-10-02,2026-10-02,2026-08-14,2026-09-30,2026-10-02,100,100 AAPL shares,False,research assumption,"official RIC-rule derivation, checked against available description/cache","direct historical quotation evidence, gated at each signal","rule/calendar derivation, distinct from final quote",research assumption,research assumption,"Treat ordinary AAPL OPRA calls as unadjusted standard American 100-share contracts, based on OCC specifications, ordinary identifiers, available descriptions and the corporate-action review. Not vendor-confirmed contract-by-contract historical deliverables.","[""https://www.theocc.com/clearance-and-settlement/clearing/equity-options-product-specifications"",""https://www.optionseducation.org/referencelibrary/faq/splits-mergers-spinoffs-bankruptcies"",""https://investor.apple.com/faq./default.aspx"",""https://infomemo.theocc.com/infomemos?number=47369""]",[],"{""candidate_construction"":{""source"":""https://developers.lseg.com/en/article-catalog/article/functions-to-find-option-rics-traded-on-different-exchanges"",""status"":""RIC probe, not listing evidence""},""corporate_actions"":{""apple_split_history"":""Apple public FAQ lists its last split in August 2020, before this sample."",""limitation"":""No detected conflicting corporate-action evidence; absence is not a vendor guarantee of every historical deliverable."",""provider_error"":null,""provider_events"":[],""provider_query_period"":[""2025-09-30"",""2026-09-30""],""sources"":[""https://investor.apple.com/faq./default.aspx"",""https://infomemo.theocc.com/infomemos?number=47369"",""https://www.theocc.com/clearance-and-settlement/clearing/equity-options-product-specifications"",""https://www.optionseducation.org/referencelibrary/faq/splits-mergers-spinoffs-bankruptcies""],""status"":""research screening, not a complete OCC memo search"",""unresolved_adjustment_event"":false},""current_description"":{""checks"":[],""status"":""not available for expired RIC""},""deliverable"":{""status"":""research assumption, not individually historically verified"",""value"":""100 AAPL shares""},""expiry"":{""status"":""RIC-derived; checked against source description/cache when available""},""historical_membership"":{""first"":""2026-08-14"",""last"":""2026-09-30"",""raw_sha256"":""d95725d3c566767042db795c46d7714547dc590615dca0d0e33c4e5b384d6449"",""status"":""actual historical response; gated before each signal""},""identity"":{""day_convention"":""zero-padded DD, instructor correction and retained real paired tests"",""fields"":[""underlying"",""cp"",""strike"",""expiry""],""source"":""https://developers.lseg.com/en/article-catalog/article/functions-to-find-option-rics-traded-on-different-exchanges"",""status"":""derived from official RIC rules""},""multiplier"":{""status"":""research assumption; supporting current lot-size metadata when available"",""value"":100},""scheduled_last_trading_date"":{""source"":""https://www.theocc.com/clearance-and-settlement/clearing/equity-options-product-specifications"",""status"":""rule/calendar-derived, not last observed quote""}}"
AAPLL172700500.U,AAPL.O,C,5.0,2027-12-17,2027-12-17,2026-06-29,2026-09-30,2027-12-17,100,100 AAPL shares,False,research assumption,"official RIC-rule derivation, checked against available description/cache","direct historical quotation evidence, gated at each signal","rule/calendar derivation, distinct from final quote",research assumption,research assumption,"Treat ordinary AAPL OPRA calls as unadjusted standard American 100-share contracts, based on OCC specifications, ordinary identifiers, available descriptions and the corporate-action review. Not vendor-confirmed contract-by-contract historical deliverables.","[""https://www.theocc.com/clearance-and-settlement/clearing/equity-options-product-specifications"",""https://www.optionseducation.org/referencelibrary/faq/splits-mergers-spinoffs-bankruptcies"",""https://investor.apple.com/faq./default.aspx"",""https://infomemo.theocc.com/infomemos?number=47369""]",[],"{""corporate_actions"":{""apple_split_history"":""Apple public FAQ lists its last split in August 2020, before this sample."",""limitation"":""No detected conflicting corporate-action evidence; absence is not a vendor guarantee of every historical deliverable."",""provider_error"":null,""provider_events"":[],""provider_query_period"":[""2025-09-30"",""2026-09-30""],""sources"":[""https://investor.apple.com/faq./default.aspx"",""https://infomemo.theocc.com/infomemos?number=47369"",""https://www.theocc.com/clearance-and-settlement/clearing/equity-options-product-specifications"",""https://www.optionseducation.org/referencelibrary/faq/splits-mergers-spinoffs-bankruptcies""],""status"":""research screening, not a complete OCC memo search"",""unresolved_adjustment_event"":false},""current_description"":{""status"":""directly retrieved current metadata; not historical listing evidence""},""deliverable"":{""status"":""research assumption, not individually historically verified"",""value"":""100 AAPL shares""},""expiry"":{""status"":""RIC-derived; checked against source description/cache when available""},""historical_membership"":{""first"":""2026-06-29"",""last"":""2026-09-30"",""raw_sha256"":""fc836b624b929d99aa19a06a87248a78fcd854d635c4b7fa10ed9ff894ac05cb"",""status"":""actual historical observations; per-signal availability gating""},""identity"":{""day_convention"":""zero-padded DD, instructor correction and retained real paired tests"",""fields"":[""underlying"",""cp"",""strike"",""expiry""],""source"":""https://developers.lseg.com/en/article-catalog/article/functions-to-find-option-rics-traded-on-different-exchanges"",""status"":""derived from official RIC rules""},""multiplier"":{""status"":""research assumption; supporting current lot-size metadata when available"",""value"":100},""scheduled_last_trading_date"":{""source"":""https://www.theocc.com/clearance-and-settlement/clearing/equity-options-product-specifications"",""status"":""rule/calendar-derived, not last observed quote""}}"
AAPLL172701000.U,AAPL.O,C,10.0,2027-12-17,2027-12-17,2026-06-29,2026-09-30,2027-12-17,100,100 AAPL shares,False,research assumption,"official RIC-rule derivation, checked against available description/cache","direct historical quotation evidence, gated at each signal","rule/calendar derivation, distinct from final quote",research assumption,research assumption,"Treat ordinary AAPL OPRA calls as unadjusted standard American 100-share contracts, based on OCC specifications, ordinary identifiers, available descriptions and the corporate-action review. Not vendor-confirmed contract-by-contract historical deliverables.","[""https://www.theocc.com/clearance-and-settlement/clearing/equity-options-product-specifications"",""https://www.optionseducation.org/referencelibrary/faq/splits-mergers-spinoffs-bankruptcies"",""https://investor.apple.com/faq./default.aspx"",""https://infomemo.theocc.com/infomemos?number=47369""]",[],"{""corporate_actions"":{""apple_split_history"":""Apple public FAQ lists its last split in August 2020, before this sample."",""limitation"":""No detected conflicting corporate-action evidence; absence is not a vendor guarantee of every historical deliverable."",""provider_error"":null,""provider_events"":[],""provider_query_period"":[""2025-09-30"",""2026-09-30""],""sources"":[""https://investor.apple.com/faq./default.aspx"",""https://infomemo.theocc.com/infomemos?number=47369"",""https://www.theocc.com/clearance-and-settlement/clearing/equity-options-product-specifications"",""https://www.optionseducation.org/referencelibrary/faq/splits-mergers-spinoffs-bankruptcies""],""status"":""research screening, not a complete OCC memo search"",""unresolved_adjustment_event"":false},""current_description"":{""status"":""directly retrieved current metadata; not historical listing evidence""},""deliverable"":{""status"":""research assumption, not individually historically verified"",""value"":""100 AAPL shares""},""expiry"":{""status"":""RIC-derived; checked against source description/cache when available""},""historical_membership"":{""first"":""2026-06-29"",""last"":""2026-09-30"",""raw_sha256"":""009c0138c237981e84829d30968d88f1dcf76c7fa49cbb8c4390a84b33838364"",""status"":""actual historical observations; per-signal availability gating""},""identity"":{""day_convention"":""zero-padded DD, instructor correction and retained real paired tests"",""fields"":[""underlying"",""cp"",""strike"",""expiry""],""source"":""https://developers.lseg.com/en/article-catalog/article/functions-to-find-option-rics-traded-on-different-exchanges"",""status"":""derived from official RIC rules""},""multiplier"":{""status"":""research assumption; supporting current lot-size metadata when available"",""value"":100},""scheduled_last_trading_date"":{""source"":""https://www.theocc.com/clearance-and-settlement/clearing/equity-options-product-specifications"",""status"":""rule/calendar-derived, not last observed quote""}}"
AAPLL172701500.U,AAPL.O,C,15.0,2027-12-17,2027-12-17,2026-06-29,2026-09-30,2027-12-17,100,100 AAPL shares,False,research assumption,"official RIC-rule derivation, checked against available description/cache","direct historical quotation evidence, gated at each signal","rule/calendar derivation, distinct from final quote",research assumption,research assumption,"Treat ordinary AAPL OPRA calls as unadjusted standard American 100-share contracts, based on OCC specifications, ordinary identifiers, available descriptions and the corporate-action review. Not vendor-confirmed contract-by-contract historical deliverables.","[""https://www.theocc.com/clearance-and-settlement/clearing/equity-options-product-specifications"",""https://www.optionseducation.org/referencelibrary/faq/splits-mergers-spinoffs-bankruptcies"",""https://investor.apple.com/faq./default.aspx"",""https://infomemo.theocc.com/infomemos?number=47369""]",[],"{""corporate_actions"":{""apple_split_history"":""Apple public FAQ lists its last split in August 2020, before this sample."",""limitation"":""No detected conflicting corporate-action evidence; absence is not a vendor guarantee of every historical deliverable."",""provider_error"":null,""provider_events"":[],""provider_query_period"":[""2025-09-30"",""2026-09-30""],""sources"":[""https://investor.apple.com/faq./default.aspx"",""https://infomemo.theocc.com/infomemos?number=47369"",""https://www.theocc.com/clearance-and-settlement/clearing/equity-options-product-specifications"",""https://www.optionseducation.org/referencelibrary/faq/splits-mergers-spinoffs-bankruptcies""],""status"":""research screening, not a complete OCC memo search"",""unresolved_adjustment_event"":false},""current_description"":{""status"":""directly retrieved current metadata; not historical listing evidence""},""deliverable"":{""status"":""research assumption, not individually historically verified"",""value"":""100 AAPL shares""},""expiry"":{""status"":""RIC-derived; checked against source description/cache when available""},""historical_membership"":{""first"":""2026-06-29"",""last"":""2026-09-30"",""raw_sha256"":""c6fe29e94049763492b4aa05a356d1bf671f802f16e5452af95f2efac892aaae"",""status"":""actual historical observations; per-signal availability gating""},""identity"":{""day_convention"":""zero-padded DD, instructor correction and retained real paired tests"",""fields"":[""underlying"",""cp"",""strike"",""expiry""],""source"":""https://developers.lseg.com/en/article-catalog/article/functions-to-find-option-rics-traded-on-different-exchanges"",""status"":""derived from official RIC rules""},""multiplier"":{""status"":""research assumption; supporting current lot-size metadata when available"",""value"":100},""scheduled_last_trading_date"":{""source"":""https://www.theocc.com/clearance-and-settlement/clearing/equity-options-product-specifications"",""status"":""rule/calendar-derived, not last observed quote""}}"
AAPLL172702000.U,AAPL.O,C,20.0,2027-12-17,2027-12-17,2026-06-29,2026-09-30,2027-12-17,100,100 AAPL shares,False,research assumption,"official RIC-rule derivation, checked against available description/cache","direct historical quotation evidence, gated at each signal","rule/calendar derivation, distinct from final quote",research assumption,research assumption,"Treat ordinary AAPL OPRA calls as unadjusted standard American 100-share contracts, based on OCC specifications, ordinary identifiers, available descriptions and the corporate-action review. Not vendor-confirmed contract-by-contract historical deliverables.","[""https://www.theocc.com/clearance-and-settlement/clearing/equity-options-product-specifications"",""https://www.optionseducation.org/referencelibrary/faq/splits-mergers-spinoffs-bankruptcies"",""https://investor.apple.com/faq./default.aspx"",""https://infomemo.theocc.com/infomemos?number=47369""]",[],"{""corporate_actions"":{""apple_split_history"":""Apple public FAQ lists its last split in August 2020, before this sample."",""limitation"":""No detected conflicting corporate-action evidence; absence is not a vendor guarantee of every historical deliverable."",""provider_error"":null,""provider_events"":[],""provider_query_period"":[""2025-09-30"",""2026-09-30""],""sources"":[""https://investor.apple.com/faq./default.aspx"",""https://infomemo.theocc.com/infomemos?number=47369"",""https://www.theocc.com/clearance-and-settlement/clearing/equity-options-product-specifications"",""https://www.optionseducation.org/referencelibrary/faq/splits-mergers-spinoffs-bankruptcies""],""status"":""research screening, not a complete OCC memo search"",""unresolved_adjustment_event"":false},""current_description"":{""status"":""directly retrieved current metadata; not historical listing evidence""},""deliverable"":{""status"":""research assumption, not individually historically verified"",""value"":""100 AAPL shares""},""expiry"":{""status"":""RIC-derived; checked against source description/cache when available""},""historical_membership"":{""first"":""2026-06-29"",""last"":""2026-09-30"",""raw_sha256"":""ec472bc858dfd07b2a395649892e9ea96875701b1215002a630b7388062ec76f"",""status"":""actual historical observations; per-signal availability gating""},""identity"":{""day_convention"":""zero-padded DD, instructor correction and retained real paired tests"",""fields"":[""underlying"",""cp"",""strike"",""expiry""],""source"":""https://developers.lseg.com/en/article-catalog/article/functions-to-find-option-rics-traded-on-different-exchanges"",""status"":""derived from official RIC rules""},""multiplier"":{""status"":""research assumption; supporting current lot-size metadata when available"",""value"":100},""scheduled_last_trading_date"":{""source"":""https://www.theocc.com/clearance-and-settlement/clearing/equity-options-product-specifications"",""status"":""rule/calendar-derived, not last observed quote""}}"
AAPLL172702500.U,AAPL.O,C,25.0,2027-12-17,2027-12-17,2026-06-29,2026-09-30,2027-12-17,100,100 AAPL shares,False,research assumption,"official RIC-rule derivation, checked against available description/cache","direct historical quotation evidence, gated at each signal","rule/calendar derivation, distinct from final quote",research assumption,research assumption,"Treat ordinary AAPL OPRA calls as unadjusted standard American 100-share contracts, based on OCC specifications, ordinary identifiers, available descriptions and the corporate-action review. Not vendor-confirmed contract-by-contract historical deliverables.","[""https://www.theocc.com/clearance-and-settlement/clearing/equity-options-product-specifications"",""https://www.optionseducation.org/referencelibrary/faq/splits-mergers-spinoffs-bankruptcies"",""https://investor.apple.com/faq./default.aspx"",""https://infomemo.theocc.com/infomemos?number=47369""]",[],"{""corporate_actions"":{""apple_split_history"":""Apple public FAQ lists its last split in August 2020, before this sample."",""limitation"":""No detected conflicting corporate-action evidence; absence is not a vendor guarantee of every historical deliverable."",""provider_error"":null,""provider_events"":[],""provider_query_period"":[""2025-09-30"",""2026-09-30""],""sources"":[""https://investor.apple.com/faq./default.aspx"",""https://infomemo.theocc.com/infomemos?number=47369"",""https://www.theocc.com/clearance-and-settlement/clearing/equity-options-product-specifications"",""https://www.optionseducation.org/referencelibrary/faq/splits-mergers-spinoffs-bankruptcies""],""status"":""research screening, not a complete OCC memo search"",""unresolved_adjustment_event"":false},""current_description"":{""status"":""directly retrieved current metadata; not historical listing evidence""},""deliverable"":{""status"":""research assumption, not individually historically verified"",""value"":""100 AAPL shares""},""expiry"":{""status"":""RIC-derived; checked against source description/cache when available""},""historical_membership"":{""first"":""2026-06-29"",""last"":""2026-09-30"",""raw_sha256"":""f5a1745f56a3e8f61ea6c52097645a552959eae8b9e0e76c13e11410b8ad7c26"",""status"":""actual historical observations; per-signal availability gating""},""identity"":{""day_convention"":""zero-padded DD, instructor correction and retained real paired tests"",""fields"":[""underlying"",""cp"",""strike"",""expiry""],""source"":""https://developers.lseg.com/en/article-catalog/article/functions-to-find-option-rics-traded-on-different-exchanges"",""status"":""derived from official RIC rules""},""multiplier"":{""status"":""research assumption; supporting current lot-size metadata when available"",""value"":100},""scheduled_last_trading_date"":{""source"":""https://www.theocc.com/clearance-and-settlement/clearing/equity-options-product-specifications"",""status"":""rule/calendar-derived, not last observed quote""}}"
AAPLL172703000.U,AAPL.O,C,30.0,2027-12-17,2027-12-17,2026-06-29,2026-09-30,2027-12-17,100,100 AAPL shares,False,research assumption,"official RIC-rule derivation, checked against available description/cache","direct historical quotation evidence, gated at each signal","rule/calendar derivation, distinct from final quote",research assumption,research assumption,"Treat ordinary AAPL OPRA calls as unadjusted standard American 100-share contracts, based on OCC specifications, ordinary identifiers, available descriptions and the corporate-action review. Not vendor-confirmed contract-by-contract historical deliverables.","[""https://www.theocc.com/clearance-and-settlement/clearing/equity-options-product-specifications"",""https://www.optionseducation.org/referencelibrary/faq/splits-mergers-spinoffs-bankruptcies"",""https://investor.apple.com/faq./default.aspx"",""https://infomemo.theocc.com/infomemos?number=47369""]",[],"{""corporate_actions"":{""apple_split_history"":""Apple public FAQ lists its last split in August 2020, before this sample."",""limitation"":""No detected conflicting corporate-action evidence; absence is not a vendor guarantee of every historical deliverable."",""provider_error"":null,""provider_events"":[],""provider_query_period"":[""2025-09-30"",""2026-09-30""],""sources"":[""https://investor.apple.com/faq./default.aspx"",""https://infomemo.theocc.com/infomemos?number=47369"",""https://www.theocc.com/clearance-and-settlement/clearing/equity-options-product-specifications"",""https://www.optionseducation.org/referencelibrary/faq/splits-mergers-spinoffs-bankruptcies""],""status"":""research screening, not a complete OCC memo search"",""unresolved_adjustment_event"":false},""current_description"":{""status"":""directly retrieved current metadata; not historical listing evidence""},""deliverable"":{""status"":""research assumption, not individually historically verified"",""value"":""100 AAPL shares""},""expiry"":{""status"":""RIC-derived; checked against source description/cache when available""},""historical_membership"":{""first"":""2026-06-29"",""last"":""2026-09-30"",""raw_sha256"":""6c849f9695af4c52264c3ccadac949be10025b8bb0ae6d8e9697d52710466f62"",""status"":""actual historical observations; per-signal availability gating""},""identity"":{""day_convention"":""zero-padded DD, instructor correction and retained real paired tests"",""fields"":[""underlying"",""cp"",""strike"",""expiry""],""source"":""https://developers.lseg.com/en/article-catalog/article/functions-to-find-option-rics-traded-on-different-exchanges"",""status"":""derived from official RIC rules""},""multiplier"":{""status"":""research assumption; supporting current lot-size metadata when available"",""value"":100},""scheduled_last_trading_date"":{""source"":""https://www.theocc.com/clearance-and-settlement/clearing/equity-options-product-specifications"",""status"":""rule/calendar-derived, not last observed quote""}}"
AAPLL172703500.U,AAPL.O,C,35.0,2027-12-17,2027-12-17,2026-06-29,2026-09-30,2027-12-17,100,100 AAPL shares,False,research assumption,"official RIC-rule derivation, checked against available description/cache","direct historical quotation evidence, gated at each signal","rule/calendar derivation, distinct from final quote",research assumption,research assumption,"Treat ordinary AAPL OPRA calls as unadjusted standard American 100-share contracts, based on OCC specifications, ordinary identifiers, available descriptions and the corporate-action review. Not vendor-confirmed contract-by-contract historical deliverables.","[""https://www.theocc.com/clearance-and-settlement/clearing/equity-options-product-specifications"",""https://www.optionseducation.org/referencelibrary/faq/splits-mergers-spinoffs-bankruptcies"",""https://investor.apple.com/faq./default.aspx"",""https://infomemo.theocc.com/infomemos?number=47369""]",[],"{""corporate_actions"":{""apple_split_history"":""Apple public FAQ lists its last split in August 2020, before this sample."",""limitation"":""No detected conflicting corporate-action evidence; absence is not a vendor guarantee of every historical deliverable."",""provider_error"":null,""provider_events"":[],""provider_query_period"":[""2025-09-30"",""2026-09-30""],""sources"":[""https://investor.apple.com/faq./default.aspx"",""https://infomemo.theocc.com/infomemos?number=47369"",""https://www.theocc.com/clearance-and-settlement/clearing/equity-options-product-specifications"",""https://www.optionseducation.org/referencelibrary/faq/splits-mergers-spinoffs-bankruptcies""],""status"":""research screening, not a complete OCC memo search"",""unresolved_adjustment_event"":false},""current_description"":{""status"":""directly retrieved current metadata; not historical listing evidence""},""deliverable"":{""status"":""research assumption, not individually historically verified"",""value"":""100 AAPL shares""},""expiry"":{""status"":""RIC-derived; checked against source description/cache when available""},""historical_membership"":{""first"":""2026-06-29"",""last"":""2026-09-30"",""raw_sha256"":""1873f31726b672102612d65e438ba580d1efcf4ac7ccbb4b74ac7401fcc9eb0f"",""status"":""actual historical observations; per-signal availability gating""},""identity"":{""day_convention"":""zero-padded DD, instructor correction and retained real paired tests"",""fields"":[""underlying"",""cp"",""strike"",""expiry""],""source"":""https://developers.lseg.com/en/article-catalog/article/functions-to-find-option-rics-traded-on-different-exchanges"",""status"":""derived from official RIC rules""},""multiplier"":{""status"":""research assumption; supporting current lot-size metadata when available"",""value"":100},""scheduled_last_trading_date"":{""source"":""https://www.theocc.com/clearance-and-settlement/clearing/equity-options-product-specifications"",""status"":""rule/calendar-derived, not last observed quote""}}"
AAPLL172704000.U,AAPL.O,C,40.0,2027-12-17,2027-12-17,2026-06-29,2026-09-30,2027-12-17,100,100 AAPL shares,False,research assumption,"official RIC-rule derivation, checked against available description/cache","direct historical quotation evidence, gated at each signal","rule/calendar derivation, distinct from final quote",research assumption,research assumption,"Treat ordinary AAPL OPRA calls as unadjusted standard American 100-share contracts, based on OCC specifications, ordinary identifiers, available descriptions and the corporate-action review. Not vendor-confirmed contract-by-contract historical deliverables.","[""https://www.theocc.com/clearance-and-settlement/clearing/equity-options-product-specifications"",""https://www.optionseducation.org/referencelibrary/faq/splits-mergers-spinoffs-bankruptcies"",""https://investor.apple.com/faq./default.aspx"",""https://infomemo.theocc.com/infomemos?number=47369""]",[],"{""corporate_actions"":{""apple_split_history"":""Apple public FAQ lists its last split in August 2020, before this sample."",""limitation"":""No detected conflicting corporate-action evidence; absence is not a vendor guarantee of every historical deliverable."",""provider_error"":null,""provider_events"":[],""provider_query_period"":[""2025-09-30"",""2026-09-30""],""sources"":[""https://investor.apple.com/faq./default.aspx"",""https://infomemo.theocc.com/infomemos?number=47369"",""https://www.theocc.com/clearance-and-settlement/clearing/equity-options-product-specifications"",""https://www.optionseducation.org/referencelibrary/faq/splits-mergers-spinoffs-bankruptcies""],""status"":""research screening, not a complete OCC memo search"",""unresolved_adjustment_event"":false},""current_description"":{""status"":""directly retrieved current metadata; not historical listing evidence""},""deliverable"":{""status"":""research assumption, not individually historically verified"",""value"":""100 AAPL shares""},""expiry"":{""status"":""RIC-derived; checked against source description/cache when available""},""historical_membership"":{""first"":""2026-06-29"",""last"":""2026-09-30"",""raw_sha256"":""305ff5ded2a5e02f48c075dab4e9c98c320342f12423e1fdddb9a55bd4fc370a"",""status"":""actual historical observations; per-signal availability gating""},""identity"":{""day_convention"":""zero-padded DD, instructor correction and retained real paired tests"",""fields"":[""underlying"",""cp"",""strike"",""expiry""],""source"":""https://developers.lseg.com/en/article-catalog/article/functions-to-find-option-rics-traded-on-different-exchanges"",""status"":""derived from official RIC rules""},""multiplier"":{""status"":""research assumption; supporting current lot-size metadata when available"",""value"":100},""scheduled_last_trading_date"":{""source"":""https://www.theocc.com/clearance-and-settlement/clearing/equity-options-product-specifications"",""status"":""rule/calendar-derived, not last observed quote""}}"
AAPLL172704500.U,AAPL.O,C,45.0,2027-12-17,2027-12-17,2026-06-29,2026-09-30,2027-12-17,100,100 AAPL shares,False,research assumption,"official RIC-rule derivation, checked against available description/cache","direct historical quotation evidence, gated at each signal","rule/calendar derivation, distinct from final quote",research assumption,research assumption,"Treat ordinary AAPL OPRA calls as unadjusted standard American 100-share contracts, based on OCC specifications, ordinary identifiers, available descriptions and the corporate-action review. Not vendor-confirmed contract-by-contract historical deliverables.","[""https://www.theocc.com/clearance-and-settlement/clearing/equity-options-product-specifications"",""https://www.optionseducation.org/referencelibrary/faq/splits-mergers-spinoffs-bankruptcies"",""https://investor.apple.com/faq./default.aspx"",""https://infomemo.theocc.com/infomemos?number=47369""]",[],"{""corporate_actions"":{""apple_split_history"":""Apple public FAQ lists its last split in August 2020, before this sample."",""limitation"":""No detected conflicting corporate-action evidence; absence is not a vendor guarantee of every historical deliverable."",""provider_error"":null,""provider_events"":[],""provider_query_period"":[""2025-09-30"",""2026-09-30""],""sources"":[""https://investor.apple.com/faq./default.aspx"",""https://infomemo.theocc.com/infomemos?number=47369"",""https://www.theocc.com/clearance-and-settlement/clearing/equity-options-product-specifications"",""https://www.optionseducation.org/referencelibrary/faq/splits-mergers-spinoffs-bankruptcies""],""status"":""research screening, not a complete OCC memo search"",""unresolved_adjustment_event"":false},""current_description"":{""status"":""directly retrieved current metadata; not historical listing evidence""},""deliverable"":{""status"":""research assumption, not individually historically verified"",""value"":""100 AAPL shares""},""expiry"":{""status"":""RIC-derived; checked against source description/cache when available""},""historical_membership"":{""first"":""2026-06-29"",""last"":""2026-09-30"",""raw_sha256"":""d758ac3f4fe7ea66f2da4b0b1277957d819e6f55125c2f8b3c9cecf3b1e87e26"",""status"":""actual historical observations; per-signal availability gating""},""identity"":{""day_convention"":""zero-padded DD, instructor correction and retained real paired tests"",""fields"":[""underlying"",""cp"",""strike"",""expiry""],""source"":""https://developers.lseg.com/en/article-catalog/article/functions-to-find-option-rics-traded-on-different-exchanges"",""status"":""derived from official RIC rules""},""multiplier"":{""status"":""research assumption; supporting current lot-size metadata when available"",""value"":100},""scheduled_last_trading_date"":{""source"":""https://www.theocc.com/clearance-and-settlement/clearing/equity-options-product-specifications"",""status"":""rule/calendar-derived, not last observed quote""}}"
AAPLL172705000.U,AAPL.O,C,50.0,2027-12-17,2027-12-17,2026-06-29,2026-09-30,2027-12-17,100,100 AAPL shares,False,research assumption,"official RIC-rule derivation, checked against available description/cache","direct historical quotation evidence, gated at each signal","rule/calendar derivation, distinct from final quote",research assumption,research assumption,"Treat ordinary AAPL OPRA calls as unadjusted standard American 100-share contracts, based on OCC specifications, ordinary identifiers, available descriptions and the corporate-action review. Not vendor-confirmed contract-by-contract historical deliverables.","[""https://www.theocc.com/clearance-and-settlement/clearing/equity-options-product-specifications"",""https://www.optionseducation.org/referencelibrary/faq/splits-mergers-spinoffs-bankruptcies"",""https://investor.apple.com/faq./default.aspx"",""https://infomemo.theocc.com/infomemos?number=47369""]",[],"{""corporate_actions"":{""apple_split_history"":""Apple public FAQ lists its last split in August 2020, before this sample."",""limitation"":""No detected conflicting corporate-action evidence; absence is not a vendor guarantee of every historical deliverable."",""provider_error"":null,""provider_events"":[],""provider_query_period"":[""2025-09-30"",""2026-09-30""],""sources"":[""https://investor.apple.com/faq./default.aspx"",""https://infomemo.theocc.com/infomemos?number=47369"",""https://www.theocc.com/clearance-and-settlement/clearing/equity-options-product-specifications"",""https://www.optionseducation.org/referencelibrary/faq/splits-mergers-spinoffs-bankruptcies""],""status"":""research screening, not a complete OCC memo search"",""unresolved_adjustment_event"":false},""current_description"":{""status"":""directly retrieved current metadata; not historical listing evidence""},""deliverable"":{""status"":""research assumption, not individually historically verified"",""value"":""100 AAPL shares""},""expiry"":{""status"":""RIC-derived; checked against source description/cache when available""},""historical_membership"":{""first"":""2026-06-29"",""last"":""2026-09-30"",""raw_sha256"":""1e7bfce0812b8bc6a060c38f6e924a6f5e282d2468f77ebd833ab10bd7865750"",""status"":""actual historical observations; per-signal availability gating""},""identity"":{""day_convention"":""zero-padded DD, instructor correction and retained real paired tests"",""fields"":[""underlying"",""cp"",""strike"",""expiry""],""source"":""https://developers.lseg.com/en/article-catalog/article/functions-to-find-option-rics-traded-on-different-exchanges"",""status"":""derived from official RIC rules""},""multiplier"":{""status"":""research assumption; supporting current lot-size metadata when available"",""value"":100},""scheduled_last_trading_date"":{""source"":""https://www.theocc.com/clearance-and-settlement/clearing/equity-options-product-specifications"",""status"":""rule/calendar-derived, not last observed quote""}}"
AAPLL172705500.U,AAPL.O,C,55.0,2027-12-17,2027-12-17,2026-06-29,2026-09-30,2027-12-17,100,100 AAPL shares,False,research assumption,"official RIC-rule derivation, checked against available description/cache","direct historical quotation evidence, gated at each signal","rule/calendar derivation, distinct from final quote",research assumption,research assumption,"Treat ordinary AAPL OPRA calls as unadjusted standard American 100-share contracts, based on OCC specifications, ordinary identifiers, available descriptions and the corporate-action review. Not vendor-confirmed contract-by-contract historical deliverables.","[""https://www.theocc.com/clearance-and-settlement/clearing/equity-options-product-specifications"",""https://www.optionseducation.org/referencelibrary/faq/splits-mergers-spinoffs-bankruptcies"",""https://investor.apple.com/faq./default.aspx"",""https://infomemo.theocc.com/infomemos?number=47369""]",[],"{""corporate_actions"":{""apple_split_history"":""Apple public FAQ lists its last split in August 2020, before this sample."",""limitation"":""No detected conflicting corporate-action evidence; absence is not a vendor guarantee of every historical deliverable."",""provider_error"":null,""provider_events"":[],""provider_query_period"":[""2025-09-30"",""2026-09-30""],""sources"":[""https://investor.apple.com/faq./default.aspx"",""https://infomemo.theocc.com/infomemos?number=47369"",""https://www.theocc.com/clearance-and-settlement/clearing/equity-options-product-specifications"",""https://www.optionseducation.org/referencelibrary/faq/splits-mergers-spinoffs-bankruptcies""],""status"":""research screening, not a complete OCC memo search"",""unresolved_adjustment_event"":false},""current_description"":{""status"":""directly retrieved current metadata; not historical listing evidence""},""deliverable"":{""status"":""research assumption, not individually historically verified"",""value"":""100 AAPL shares""},""expiry"":{""status"":""RIC-derived; checked against source description/cache when available""},""historical_membership"":{""first"":""2026-06-29"",""last"":""2026-09-30"",""raw_sha256"":""c700d7d1ccf93681e880b3c5e80586a7cbaaabe2c7d23d51c4e71b66ea6c50c5"",""status"":""actual historical observations; per-signal availability gating""},""identity"":{""day_convention"":""zero-padded DD, instructor correction and retained real paired tests"",""fields"":[""underlying"",""cp"",""strike"",""expiry""],""source"":""https://developers.lseg.com/en/article-catalog/article/functions-to-find-option-rics-traded-on-different-exchanges"",""status"":""derived from official RIC rules""},""multiplier"":{""status"":""research assumption; supporting current lot-size metadata when available"",""value"":100},""scheduled_last_trading_date"":{""source"":""https://www.theocc.com/clearance-and-settlement/clearing/equity-options-product-specifications"",""status"":""rule/calendar-derived, not last observed quote""}}"
AAPLL172706000.U,AAPL.O,C,60.0,2027-12-17,2027-12-17,2026-06-29,2026-09-30,2027-12-17,100,100 AAPL shares,False,research assumption,"official RIC-rule derivation, checked against available description/cache","direct historical quotation evidence, gated at each signal","rule/calendar derivation, distinct from final quote",research assumption,research assumption,"Treat ordinary AAPL OPRA calls as unadjusted standard American 100-share contracts, based on OCC specifications, ordinary identifiers, available descriptions and the corporate-action review. Not vendor-confirmed contract-by-contract historical deliverables.","[""https://www.theocc.com/clearance-and-settlement/clearing/equity-options-product-specifications"",""https://www.optionseducation.org/referencelibrary/faq/splits-mergers-spinoffs-bankruptcies"",""https://investor.apple.com/faq./default.aspx"",""https://infomemo.theocc.com/infomemos?number=47369""]",[],"{""corporate_actions"":{""apple_split_history"":""Apple public FAQ lists its last split in August 2020, before this sample."",""limitation"":""No detected conflicting corporate-action evidence; absence is not a vendor guarantee of every historical deliverable."",""provider_error"":null,""provider_events"":[],""provider_query_period"":[""2025-09-30"",""2026-09-30""],""sources"":[""https://investor.apple.com/faq./default.aspx"",""https://infomemo.theocc.com/infomemos?number=47369"",""https://www.theocc.com/clearance-and-settlement/clearing/equity-options-product-specifications"",""https://www.optionseducation.org/referencelibrary/faq/splits-mergers-spinoffs-bankruptcies""],""status"":""research screening, not a complete OCC memo search"",""unresolved_adjustment_event"":false},""current_description"":{""status"":""directly retrieved current metadata; not historical listing evidence""},""deliverable"":{""status"":""research assumption, not individually historically verified"",""value"":""100 AAPL shares""},""expiry"":{""status"":""RIC-derived; checked against source description/cache when available""},""historical_membership"":{""first"":""2026-06-29"",""last"":""2026-09-30"",""raw_sha256"":""982b44d7520d66919083c6cdec9ec3be0f1c18bedf59372df61fce7569ff1eda"",""status"":""actual historical observations; per-signal availability gating""},""identity"":{""day_convention"":""zero-padded DD, instructor correction and retained real paired tests"",""fields"":[""underlying"",""cp"",""strike"",""expiry""],""source"":""https://developers.lseg.com/en/article-catalog/article/functions-to-find-option-rics-traded-on-different-exchanges"",""status"":""derived from official RIC rules""},""multiplier"":{""status"":""research assumption; supporting current lot-size metadata when available"",""value"":100},""scheduled_last_trading_date"":{""source"":""https://www.theocc.com/clearance-and-settlement/clearing/equity-options-product-specifications"",""status"":""rule/calendar-derived, not last observed quote""}}"
AAPLL172706500.U,AAPL.O,C,65.0,2027-12-17,2027-12-17,2026-06-29,2026-09-30,2027-12-17,100,100 AAPL shares,False,research assumption,"official RIC-rule derivation, checked against available description/cache","direct historical quotation evidence, gated at each signal","rule/calendar derivation, distinct from final quote",research assumption,research assumption,"Treat ordinary AAPL OPRA calls as unadjusted standard American 100-share contracts, based on OCC specifications, ordinary identifiers, available descriptions and the corporate-action review. Not vendor-confirmed contract-by-contract historical deliverables.","[""https://www.theocc.com/clearance-and-settlement/clearing/equity-options-product-specifications"",""https://www.optionseducation.org/referencelibrary/faq/splits-mergers-spinoffs-bankruptcies"",""https://investor.apple.com/faq./default.aspx"",""https://infomemo.theocc.com/infomemos?number=47369""]",[],"{""corporate_actions"":{""apple_split_history"":""Apple public FAQ lists its last split in August 2020, before this sample."",""limitation"":""No detected conflicting corporate-action evidence; absence is not a vendor guarantee of every historical deliverable."",""provider_error"":null,""provider_events"":[],""provider_query_period"":[""2025-09-30"",""2026-09-30""],""sources"":[""https://investor.apple.com/faq./default.aspx"",""https://infomemo.theocc.com/infomemos?number=47369"",""https://www.theocc.com/clearance-and-settlement/clearing/equity-options-product-specifications"",""https://www.optionseducation.org/referencelibrary/faq/splits-mergers-spinoffs-bankruptcies""],""status"":""research screening, not a complete OCC memo search"",""unresolved_adjustment_event"":false},""current_description"":{""status"":""directly retrieved current metadata; not historical listing evidence""},""deliverable"":{""status"":""research assumption, not individually historically verified"",""value"":""100 AAPL shares""},""expiry"":{""status"":""RIC-derived; checked against source description/cache when available""},""historical_membership"":{""first"":""2026-06-29"",""last"":""2026-09-30"",""raw_sha256"":""f2aed5e45a5cb97ba3d257850454f6393ce20bf859075517a0efba18043114cb"",""status"":""actual historical observations; per-signal availability gating""},""identity"":{""day_convention"":""zero-padded DD, instructor correction and retained real paired tests"",""fields"":[""underlying"",""cp"",""strike"",""expiry""],""source"":""https://developers.lseg.com/en/article-catalog/article/functions-to-find-option-rics-traded-on-different-exchanges"",""status"":""derived from official RIC rules""},""multiplier"":{""status"":""research assumption; supporting current lot-size metadata when available"",""value"":100},""scheduled_last_trading_date"":{""source"":""https://www.theocc.com/clearance-and-settlement/clearing/equity-options-product-specifications"",""status"":""rule/calendar-derived, not last observed quote""}}"
AAPLL172707000.U,AAPL.O,C,70.0,2027-12-17,2027-12-17,2026-06-29,2026-09-30,2027-12-17,100,100 AAPL shares,False,research assumption,"official RIC-rule derivation, checked against available description/cache","direct historical quotation evidence, gated at each signal","rule/calendar derivation, distinct from final quote",research assumption,research assumption,"Treat ordinary AAPL OPRA calls as unadjusted standard American 100-share contracts, based on OCC specifications, ordinary identifiers, available descriptions and the corporate-action review. Not vendor-confirmed contract-by-contract historical deliverables.","[""https://www.theocc.com/clearance-and-settlement/clearing/equity-options-product-specifications"",""https://www.optionseducation.org/referencelibrary/faq/splits-mergers-spinoffs-bankruptcies"",""https://investor.apple.com/faq./default.aspx"",""https://infomemo.theocc.com/infomemos?number=47369""]",[],"{""corporate_actions"":{""apple_split_history"":""Apple public FAQ lists its last split in August 2020, before this sample."",""limitation"":""No detected conflicting corporate-action evidence; absence is not a vendor guarantee of every historical deliverable."",""provider_error"":null,""provider_events"":[],""provider_query_period"":[""2025-09-30"",""2026-09-30""],""sources"":[""https://investor.apple.com/faq./default.aspx"",""https://infomemo.theocc.com/infomemos?number=47369"",""https://www.theocc.com/clearance-and-settlement/clearing/equity-options-product-specifications"",""https://www.optionseducation.org/referencelibrary/faq/splits-mergers-spinoffs-bankruptcies""],""status"":""research screening, not a complete OCC memo search"",""unresolved_adjustment_event"":false},""current_description"":{""status"":""directly retrieved current metadata; not historical listing evidence""},""deliverable"":{""status"":""research assumption, not individually historically verified"",""value"":""100 AAPL shares""},""expiry"":{""status"":""RIC-derived; checked against source description/cache when available""},""historical_membership"":{""first"":""2026-06-29"",""last"":""2026-09-30"",""raw_sha256"":""157620d0847156e5c784e82a6194126ce56e17434306d4ab758dc506a26a5693"",""status"":""actual historical observations; per-signal availability gating""},""identity"":{""day_convention"":""zero-padded DD, instructor correction and retained real paired tests"",""fields"":[""underlying"",""cp"",""strike"",""expiry""],""source"":""https://developers.lseg.com/en/article-catalog/article/functions-to-find-option-rics-traded-on-different-exchanges"",""status"":""derived from official RIC rules""},""multiplier"":{""status"":""research assumption; supporting current lot-size metadata when available"",""value"":100},""scheduled_last_trading_date"":{""source"":""https://www.theocc.com/clearance-and-settlement/clearing/equity-options-product-specifications"",""status"":""rule/calendar-derived, not last observed quote""}}"
AAPLL172707500.U,AAPL.O,C,75.0,2027-12-17,2027-12-17,2026-06-29,2026-09-30,2027-12-17,100,100 AAPL shares,False,research assumption,"official RIC-rule derivation, checked against available description/cache","direct historical quotation evidence, gated at each signal","rule/calendar derivation, distinct from final quote",research assumption,research assumption,"Treat ordinary AAPL OPRA calls as unadjusted standard American 100-share contracts, based on OCC specifications, ordinary identifiers, available descriptions and the corporate-action review. Not vendor-confirmed contract-by-contract historical deliverables.","[""https://www.theocc.com/clearance-and-settlement/clearing/equity-options-product-specifications"",""https://www.optionseducation.org/referencelibrary/faq/splits-mergers-spinoffs-bankruptcies"",""https://investor.apple.com/faq./default.aspx"",""https://infomemo.theocc.com/infomemos?number=47369""]",[],"{""corporate_actions"":{""apple_split_history"":""Apple public FAQ lists its last split in August 2020, before this sample."",""limitation"":""No detected conflicting corporate-action evidence; absence is not a vendor guarantee of every historical deliverable."",""provider_error"":null,""provider_events"":[],""provider_query_period"":[""2025-09-30"",""2026-09-30""],""sources"":[""https://investor.apple.com/faq./default.aspx"",""https://infomemo.theocc.com/infomemos?number=47369"",""https://www.theocc.com/clearance-and-settlement/clearing/equity-options-product-specifications"",""https://www.optionseducation.org/referencelibrary/faq/splits-mergers-spinoffs-bankruptcies""],""status"":""research screening, not a complete OCC memo search"",""unresolved_adjustment_event"":false},""current_description"":{""status"":""directly retrieved current metadata; not historical listing evidence""},""deliverable"":{""status"":""research assumption, not individually historically verified"",""value"":""100 AAPL shares""},""expiry"":{""status"":""RIC-derived; checked against source description/cache when available""},""historical_membership"":{""first"":""2026-06-29"",""last"":""2026-09-30"",""raw_sha256"":""52f51d568b38b0327cee6ac675db5a3f8b6e17a9d37115acfac68a2c8c77826f"",""status"":""actual historical observations; per-signal availability gating""},""identity"":{""day_convention"":""zero-padded DD, instructor correction and retained real paired tests"",""fields"":[""underlying"",""cp"",""strike"",""expiry""],""source"":""https://developers.lseg.com/en/article-catalog/article/functions-to-find-option-rics-traded-on-different-exchanges"",""status"":""derived from official RIC rules""},""multiplier"":{""status"":""research assumption; supporting current lot-size metadata when available"",""value"":100},""scheduled_last_trading_date"":{""source"":""https://www.theocc.com/clearance-and-settlement/clearing/equity-options-product-specifications"",""status"":""rule/calendar-derived, not last observed quote""}}"
AAPLL172708000.U,AAPL.O,C,80.0,2027-12-17,2027-12-17,2026-06-29,2026-09-30,2027-12-17,100,100 AAPL shares,False,research assumption,"official RIC-rule derivation, checked against available description/cache","direct historical quotation evidence, gated at each signal","rule/calendar derivation, distinct from final quote",research assumption,research assumption,"Treat ordinary AAPL OPRA calls as unadjusted standard American 100-share contracts, based on OCC specifications, ordinary identifiers, available descriptions and the corporate-action review. Not vendor-confirmed contract-by-contract historical deliverables.","[""https://www.theocc.com/clearance-and-settlement/clearing/equity-options-product-specifications"",""https://www.optionseducation.org/referencelibrary/faq/splits-mergers-spinoffs-bankruptcies"",""https://investor.apple.com/faq./default.aspx"",""https://infomemo.theocc.com/infomemos?number=47369""]",[],"{""corporate_actions"":{""apple_split_history"":""Apple public FAQ lists its last split in August 2020, before this sample."",""limitation"":""No detected conflicting corporate-action evidence; absence is not a vendor guarantee of every historical deliverable."",""provider_error"":null,""provider_events"":[],""provider_query_period"":[""2025-09-30"",""2026-09-30""],""sources"":[""https://investor.apple.com/faq./default.aspx"",""https://infomemo.theocc.com/infomemos?number=47369"",""https://www.theocc.com/clearance-and-settlement/clearing/equity-options-product-specifications"",""https://www.optionseducation.org/referencelibrary/faq/splits-mergers-spinoffs-bankruptcies""],""status"":""research screening, not a complete OCC memo search"",""unresolved_adjustment_event"":false},""current_description"":{""status"":""directly retrieved current metadata; not historical listing evidence""},""deliverable"":{""status"":""research assumption, not individually historically verified"",""value"":""100 AAPL shares""},""expiry"":{""status"":""RIC-derived; checked against source description/cache when available""},""historical_membership"":{""first"":""2026-06-29"",""last"":""2026-09-30"",""raw_sha256"":""85d7df1a6604956c729cc7c44f9039f200df94b1c222ace06ebc1a6296f38093"",""status"":""actual historical observations; per-signal availability gating""},""identity"":{""day_convention"":""zero-padded DD, instructor correction and retained real paired tests"",""fields"":[""underlying"",""cp"",""strike"",""expiry""],""source"":""https://developers.lseg.com/en/article-catalog/article/functions-to-find-option-rics-traded-on-different-exchanges"",""status"":""derived from official RIC rules""},""multiplier"":{""status"":""research assumption; supporting current lot-size metadata when available"",""value"":100},""scheduled_last_trading_date"":{""source"":""https://www.theocc.com/clearance-and-settlement/clearing/equity-options-product-specifications"",""status"":""rule/calendar-derived, not last observed quote""}}"
AAPLL172708500.U,AAPL.O,C,85.0,2027-12-17,2027-12-17,2026-06-29,2026-09-30,2027-12-17,100,100 AAPL shares,False,research assumption,"official RIC-rule derivation, checked against available description/cache","direct historical quotation evidence, gated at each signal","rule/calendar derivation, distinct from final quote",research assumption,research assumption,"Treat ordinary AAPL OPRA calls as unadjusted standard American 100-share contracts, based on OCC specifications, ordinary identifiers, available descriptions and the corporate-action review. Not vendor-confirmed contract-by-contract historical deliverables.","[""https://www.theocc.com/clearance-and-settlement/clearing/equity-options-product-specifications"",""https://www.optionseducation.org/referencelibrary/faq/splits-mergers-spinoffs-bankruptcies"",""https://investor.apple.com/faq./default.aspx"",""https://infomemo.theocc.com/infomemos?number=47369""]",[],"{""corporate_actions"":{""apple_split_history"":""Apple public FAQ lists its last split in August 2020, before this sample."",""limitation"":""No detected conflicting corporate-action evidence; absence is not a vendor guarantee of every historical deliverable."",""provider_error"":null,""provider_events"":[],""provider_query_period"":[""2025-09-30"",""2026-09-30""],""sources"":[""https://investor.apple.com/faq./default.aspx"",""https://infomemo.theocc.com/infomemos?number=47369"",""https://www.theocc.com/clearance-and-settlement/clearing/equity-options-product-specifications"",""https://www.optionseducation.org/referencelibrary/faq/splits-mergers-spinoffs-bankruptcies""],""status"":""research screening, not a complete OCC memo search"",""unresolved_adjustment_event"":false},""current_description"":{""status"":""directly retrieved current metadata; not historical listing evidence""},""deliverable"":{""status"":""research assumption, not individually historically verified"",""value"":""100 AAPL shares""},""expiry"":{""status"":""RIC-derived; checked against source description/cache when available""},""historical_membership"":{""first"":""2026-06-29"",""last"":""2026-09-30"",""raw_sha256"":""d0ebfa0d9b8b1d2afd7fb0576ebf84eb27f4e48e7294ded36bd9f3bb08beaa5e"",""status"":""actual historical observations; per-signal availability gating""},""identity"":{""day_convention"":""zero-padded DD, instructor correction and retained real paired tests"",""fields"":[""underlying"",""cp"",""strike"",""expiry""],""source"":""https://developers.lseg.com/en/article-catalog/article/functions-to-find-option-rics-traded-on-different-exchanges"",""status"":""derived from official RIC rules""},""multiplier"":{""status"":""research assumption; supporting current lot-size metadata when available"",""value"":100},""scheduled_last_trading_date"":{""source"":""https://www.theocc.com/clearance-and-settlement/clearing/equity-options-product-specifications"",""status"":""rule/calendar-derived, not last observed quote""}}"
AAPLL172709000.U,AAPL.O,C,90.0,2027-12-17,2027-12-17,2026-06-29,2026-09-30,2027-12-17,100,100 AAPL shares,False,research assumption,"official RIC-rule derivation, checked against available description/cache","direct historical quotation evidence, gated at each signal","rule/calendar derivation, distinct from final quote",research assumption,research assumption,"Treat ordinary AAPL OPRA calls as unadjusted standard American 100-share contracts, based on OCC specifications, ordinary identifiers, available descriptions and the corporate-action review. Not vendor-confirmed contract-by-contract historical deliverables.","[""https://www.theocc.com/clearance-and-settlement/clearing/equity-options-product-specifications"",""https://www.optionseducation.org/referencelibrary/faq/splits-mergers-spinoffs-bankruptcies"",""https://investor.apple.com/faq./default.aspx"",""https://infomemo.theocc.com/infomemos?number=47369""]",[],"{""corporate_actions"":{""apple_split_history"":""Apple public FAQ lists its last split in August 2020, before this sample."",""limitation"":""No detected conflicting corporate-action evidence; absence is not a vendor guarantee of every historical deliverable."",""provider_error"":null,""provider_events"":[],""provider_query_period"":[""2025-09-30"",""2026-09-30""],""sources"":[""https://investor.apple.com/faq./default.aspx"",""https://infomemo.theocc.com/infomemos?number=47369"",""https://www.theocc.com/clearance-and-settlement/clearing/equity-options-product-specifications"",""https://www.optionseducation.org/referencelibrary/faq/splits-mergers-spinoffs-bankruptcies""],""status"":""research screening, not a complete OCC memo search"",""unresolved_adjustment_event"":false},""current_description"":{""status"":""directly retrieved current metadata; not historical listing evidence""},""deliverable"":{""status"":""research assumption, not individually historically verified"",""value"":""100 AAPL shares""},""expiry"":{""status"":""RIC-derived; checked against source description/cache when available""},""historical_membership"":{""first"":""2026-06-29"",""last"":""2026-09-30"",""raw_sha256"":""ee175ef0f80ea29b6e6c901ba370b30f255058127fc65c4955fb253c3e6ebf8b"",""status"":""actual historical observations; per-signal availability gating""},""identity"":{""day_convention"":""zero-padded DD, instructor correction and retained real paired tests"",""fields"":[""underlying"",""cp"",""strike"",""expiry""],""source"":""https://developers.lseg.com/en/article-catalog/article/functions-to-find-option-rics-traded-on-different-exchanges"",""status"":""derived from official RIC rules""},""multiplier"":{""status"":""research assumption; supporting current lot-size metadata when available"",""value"":100},""scheduled_last_trading_date"":{""source"":""https://www.theocc.com/clearance-and-settlement/clearing/equity-options-product-specifications"",""status"":""rule/calendar-derived, not last observed quote""}}"
AAPLL172709500.U,AAPL.O,C,95.0,2027-12-17,2027-12-17,2026-06-29,2026-09-30,2027-12-17,100,100 AAPL shares,False,research assumption,"official RIC-rule derivation, checked against available description/cache","direct historical quotation evidence, gated at each signal","rule/calendar derivation, distinct from final quote",research assumption,research assumption,"Treat ordinary AAPL OPRA calls as unadjusted standard American 100-share contracts, based on OCC specifications, ordinary identifiers, available descriptions and the corporate-action review. Not vendor-confirmed contract-by-contract historical deliverables.","[""https://www.theocc.com/clearance-and-settlement/clearing/equity-options-product-specifications"",""https://www.optionseducation.org/referencelibrary/faq/splits-mergers-spinoffs-bankruptcies"",""https://investor.apple.com/faq./default.aspx"",""https://infomemo.theocc.com/infomemos?number=47369""]",[],"{""corporate_actions"":{""apple_split_history"":""Apple public FAQ lists its last split in August 2020, before this sample."",""limitation"":""No detected conflicting corporate-action evidence; absence is not a vendor guarantee of every historical deliverable."",""provider_error"":null,""provider_events"":[],""provider_query_period"":[""2025-09-30"",""2026-09-30""],""sources"":[""https://investor.apple.com/faq./default.aspx"",""https://infomemo.theocc.com/infomemos?number=47369"",""https://www.theocc.com/clearance-and-settlement/clearing/equity-options-product-specifications"",""https://www.optionseducation.org/referencelibrary/faq/splits-mergers-spinoffs-bankruptcies""],""status"":""research screening, not a complete OCC memo search"",""unresolved_adjustment_event"":false},""current_description"":{""status"":""directly retrieved current metadata; not historical listing evidence""},""deliverable"":{""status"":""research assumption, not individually historically verified"",""value"":""100 AAPL shares""},""expiry"":{""status"":""RIC-derived; checked against source description/cache when available""},""historical_membership"":{""first"":""2026-06-29"",""last"":""2026-09-30"",""raw_sha256"":""a069418fa59269d722c65b4d8ad4866c33895edb2bd5d2ecdee3d4d5e0317144"",""status"":""actual historical observations; per-signal availability gating""},""identity"":{""day_convention"":""zero-padded DD, instructor correction and retained real paired tests"",""fields"":[""underlying"",""cp"",""strike"",""expiry""],""source"":""https://developers.lseg.com/en/article-catalog/article/functions-to-find-option-rics-traded-on-different-exchanges"",""status"":""derived from official RIC rules""},""multiplier"":{""status"":""research assumption; supporting current lot-size metadata when available"",""value"":100},""scheduled_last_trading_date"":{""source"":""https://www.theocc.com/clearance-and-settlement/clearing/equity-options-product-specifications"",""status"":""rule/calendar-derived, not last observed quote""}}"
AAPLL172710000.U,AAPL.O,C,100.0,2027-12-17,2027-12-17,2026-06-29,2026-09-30,2027-12-17,100,100 AAPL shares,False,research assumption,"official RIC-rule derivation, checked against available description/cache","direct historical quotation evidence, gated at each signal","rule/calendar derivation, distinct from final quote",research assumption,research assumption,"Treat ordinary AAPL OPRA calls as unadjusted standard American 100-share contracts, based on OCC specifications, ordinary identifiers, available descriptions and the corporate-action review. Not vendor-confirmed contract-by-contract historical deliverables.","[""https://www.theocc.com/clearance-and-settlement/clearing/equity-options-product-specifications"",""https://www.optionseducation.org/referencelibrary/faq/splits-mergers-spinoffs-bankruptcies"",""https://investor.apple.com/faq./default.aspx"",""https://infomemo.theocc.com/infomemos?number=47369""]",[],"{""corporate_actions"":{""apple_split_history"":""Apple public FAQ lists its last split in August 2020, before this sample."",""limitation"":""No detected conflicting corporate-action evidence; absence is not a vendor guarantee of every historical deliverable."",""provider_error"":null,""provider_events"":[],""provider_query_period"":[""2025-09-30"",""2026-09-30""],""sources"":[""https://investor.apple.com/faq./default.aspx"",""https://infomemo.theocc.com/infomemos?number=47369"",""https://www.theocc.com/clearance-and-settlement/clearing/equity-options-product-specifications"",""https://www.optionseducation.org/referencelibrary/faq/splits-mergers-spinoffs-bankruptcies""],""status"":""research screening, not a complete OCC memo search"",""unresolved_adjustment_event"":false},""current_description"":{""status"":""directly retrieved current metadata; not historical listing evidence""},""deliverable"":{""status"":""research assumption, not individually historically verified"",""value"":""100 AAPL shares""},""expiry"":{""status"":""RIC-derived; checked against source description/cache when available""},""historical_membership"":{""first"":""2026-06-29"",""last"":""2026-09-30"",""raw_sha256"":""637a63f404e83e2fcf1e046df86f3f122de490a9554fe9a7f869b37c0a258b96"",""status"":""actual historical observations; per-signal availability gating""},""identity"":{""day_convention"":""zero-padded DD, instructor correction and retained real paired tests"",""fields"":[""underlying"",""cp"",""strike"",""expiry""],""source"":""https://developers.lseg.com/en/article-catalog/article/functions-to-find-option-rics-traded-on-different-exchanges"",""status"":""derived from official RIC rules""},""multiplier"":{""status"":""research assumption; supporting current lot-size metadata when available"",""value"":100},""scheduled_last_trading_date"":{""source"":""https://www.theocc.com/clearance-and-settlement/clearing/equity-options-product-specifications"",""status"":""rule/calendar-derived, not last observed quote""}}"
AAPLL172710500.U,AAPL.O,C,105.0,2027-12-17,2027-12-17,2026-06-29,2026-09-30,2027-12-17,100,100 AAPL shares,False,research assumption,"official RIC-rule derivation, checked against available description/cache","direct historical quotation evidence, gated at each signal","rule/calendar derivation, distinct from final quote",research assumption,research assumption,"Treat ordinary AAPL OPRA calls as unadjusted standard American 100-share contracts, based on OCC specifications, ordinary identifiers, available descriptions and the corporate-action review. Not vendor-confirmed contract-by-contract historical deliverables.","[""https://www.theocc.com/clearance-and-settlement/clearing/equity-options-product-specifications"",""https://www.optionseducation.org/referencelibrary/faq/splits-mergers-spinoffs-bankruptcies"",""https://investor.apple.com/faq./default.aspx"",""https://infomemo.theocc.com/infomemos?number=47369""]",[],"{""corporate_actions"":{""apple_split_history"":""Apple public FAQ lists its last split in August 2020, before this sample."",""limitation"":""No detected conflicting corporate-action evidence; absence is not a vendor guarantee of every historical deliverable."",""provider_error"":null,""provider_events"":[],""provider_query_period"":[""2025-09-30"",""2026-09-30""],""sources"":[""https://investor.apple.com/faq./default.aspx"",""https://infomemo.theocc.com/infomemos?number=47369"",""https://www.theocc.com/clearance-and-settlement/clearing/equity-options-product-specifications"",""https://www.optionseducation.org/referencelibrary/faq/splits-mergers-spinoffs-bankruptcies""],""status"":""research screening, not a complete OCC memo search"",""unresolved_adjustment_event"":false},""current_description"":{""status"":""directly retrieved current metadata; not historical listing evidence""},""deliverable"":{""status"":""research assumption, not individually historically verified"",""value"":""100 AAPL shares""},""expiry"":{""status"":""RIC-derived; checked against source description/cache when available""},""historical_membership"":{""first"":""2026-06-29"",""last"":""2026-09-30"",""raw_sha256"":""2458a38ae9443d8e9d0dbcf0b11d052aaf77c15338127481e0c46192446d12cd"",""status"":""actual historical observations; per-signal availability gating""},""identity"":{""day_convention"":""zero-padded DD, instructor correction and retained real paired tests"",""fields"":[""underlying"",""cp"",""strike"",""expiry""],""source"":""https://developers.lseg.com/en/article-catalog/article/functions-to-find-option-rics-traded-on-different-exchanges"",""status"":""derived from official RIC rules""},""multiplier"":{""status"":""research assumption; supporting current lot-size metadata when available"",""value"":100},""scheduled_last_trading_date"":{""source"":""https://www.theocc.com/clearance-and-settlement/clearing/equity-options-product-specifications"",""status"":""rule/calendar-derived, not last observed quote""}}"
AAPLL172711000.U,AAPL.O,C,110.0,2027-12-17,2027-12-17,2026-06-29,2026-09-30,2027-12-17,100,100 AAPL shares,False,research assumption,"official RIC-rule derivation, checked against available description/cache","direct historical quotation evidence, gated at each signal","rule/calendar derivation, distinct from final quote",research assumption,research assumption,"Treat ordinary AAPL OPRA calls as unadjusted standard American 100-share contracts, based on OCC specifications, ordinary identifiers, available descriptions and the corporate-action review. Not vendor-confirmed contract-by-contract historical deliverables.","[""https://www.theocc.com/clearance-and-settlement/clearing/equity-options-product-specifications"",""https://www.optionseducation.org/referencelibrary/faq/splits-mergers-spinoffs-bankruptcies"",""https://investor.apple.com/faq./default.aspx"",""https://infomemo.theocc.com/infomemos?number=47369""]",[],"{""corporate_actions"":{""apple_split_history"":""Apple public FAQ lists its last split in August 2020, before this sample."",""limitation"":""No detected conflicting corporate-action evidence; absence is not a vendor guarantee of every historical deliverable."",""provider_error"":null,""provider_events"":[],""provider_query_period"":[""2025-09-30"",""2026-09-30""],""sources"":[""https://investor.apple.com/faq./default.aspx"",""https://infomemo.theocc.com/infomemos?number=47369"",""https://www.theocc.com/clearance-and-settlement/clearing/equity-options-product-specifications"",""https://www.optionseducation.org/referencelibrary/faq/splits-mergers-spinoffs-bankruptcies""],""status"":""research screening, not a complete OCC memo search"",""unresolved_adjustment_event"":false},""current_description"":{""status"":""directly retrieved current metadata; not historical listing evidence""},""deliverable"":{""status"":""research assumption, not individually historically verified"",""value"":""100 AAPL shares""},""expiry"":{""status"":""RIC-derived; checked against source description/cache when available""},""historical_membership"":{""first"":""2026-06-29"",""last"":""2026-09-30"",""raw_sha256"":""e9e5a25367858f655ae7d556c7d3680d088a8e8953579243aba341b895c79b9a"",""status"":""actual historical observations; per-signal availability gating""},""identity"":{""day_convention"":""zero-padded DD, instructor correction and retained real paired tests"",""fields"":[""underlying"",""cp"",""strike"",""expiry""],""source"":""https://developers.lseg.com/en/article-catalog/article/functions-to-find-option-rics-traded-on-different-exchanges"",""status"":""derived from official RIC rules""},""multiplier"":{""status"":""research assumption; supporting current lot-size metadata when available"",""value"":100},""scheduled_last_trading_date"":{""source"":""https://www.theocc.com/clearance-and-settlement/clearing/equity-options-product-specifications"",""status"":""rule/calendar-derived, not last observed quote""}}"
AAPLL172711500.U,AAPL.O,C,115.0,2027-12-17,2027-12-17,2026-06-29,2026-09-30,2027-12-17,100,100 AAPL shares,False,research assumption,"official RIC-rule derivation, checked against available description/cache","direct historical quotation evidence, gated at each signal","rule/calendar derivation, distinct from final quote",research assumption,research assumption,"Treat ordinary AAPL OPRA calls as unadjusted standard American 100-share contracts, based on OCC specifications, ordinary identifiers, available descriptions and the corporate-action review. Not vendor-confirmed contract-by-contract historical deliverables.","[""https://www.theocc.com/clearance-and-settlement/clearing/equity-options-product-specifications"",""https://www.optionseducation.org/referencelibrary/faq/splits-mergers-spinoffs-bankruptcies"",""https://investor.apple.com/faq./default.aspx"",""https://infomemo.theocc.com/infomemos?number=47369""]",[],"{""corporate_actions"":{""apple_split_history"":""Apple public FAQ lists its last split in August 2020, before this sample."",""limitation"":""No detected conflicting corporate-action evidence; absence is not a vendor guarantee of every historical deliverable."",""provider_error"":null,""provider_events"":[],""provider_query_period"":[""2025-09-30"",""2026-09-30""],""sources"":[""https://investor.apple.com/faq./default.aspx"",""https://infomemo.theocc.com/infomemos?number=47369"",""https://www.theocc.com/clearance-and-settlement/clearing/equity-options-product-specifications"",""https://www.optionseducation.org/referencelibrary/faq/splits-mergers-spinoffs-bankruptcies""],""status"":""research screening, not a complete OCC memo search"",""unresolved_adjustment_event"":false},""current_description"":{""status"":""directly retrieved current metadata; not historical listing evidence""},""deliverable"":{""status"":""research assumption, not individually historically verified"",""value"":""100 AAPL shares""},""expiry"":{""status"":""RIC-derived; checked against source description/cache when available""},""historical_membership"":{""first"":""2026-06-29"",""last"":""2026-09-30"",""raw_sha256"":""b0f52229566047ef181b97fe26c00d503880a17f0ac63181553ba590766319ab"",""status"":""actual historical observations; per-signal availability gating""},""identity"":{""day_convention"":""zero-padded DD, instructor correction and retained real paired tests"",""fields"":[""underlying"",""cp"",""strike"",""expiry""],""source"":""https://developers.lseg.com/en/article-catalog/article/functions-to-find-option-rics-traded-on-different-exchanges"",""status"":""derived from official RIC rules""},""multiplier"":{""status"":""research assumption; supporting current lot-size metadata when available"",""value"":100},""scheduled_last_trading_date"":{""source"":""https://www.theocc.com/clearance-and-settlement/clearing/equity-options-product-specifications"",""status"":""rule/calendar-derived, not last observed quote""}}"
AAPLL172712000.U,AAPL.O,C,120.0,2027-12-17,2027-12-17,2026-06-29,2026-09-30,2027-12-17,100,100 AAPL shares,False,research assumption,"official RIC-rule derivation, checked against available description/cache","direct historical quotation evidence, gated at each signal","rule/calendar derivation, distinct from final quote",research assumption,research assumption,"Treat ordinary AAPL OPRA calls as unadjusted standard American 100-share contracts, based on OCC specifications, ordinary identifiers, available descriptions and the corporate-action review. Not vendor-confirmed contract-by-contract historical deliverables.","[""https://www.theocc.com/clearance-and-settlement/clearing/equity-options-product-specifications"",""https://www.optionseducation.org/referencelibrary/faq/splits-mergers-spinoffs-bankruptcies"",""https://investor.apple.com/faq./default.aspx"",""https://infomemo.theocc.com/infomemos?number=47369""]",[],"{""corporate_actions"":{""apple_split_history"":""Apple public FAQ lists its last split in August 2020, before this sample."",""limitation"":""No detected conflicting corporate-action evidence; absence is not a vendor guarantee of every historical deliverable."",""provider_error"":null,""provider_events"":[],""provider_query_period"":[""2025-09-30"",""2026-09-30""],""sources"":[""https://investor.apple.com/faq./default.aspx"",""https://infomemo.theocc.com/infomemos?number=47369"",""https://www.theocc.com/clearance-and-settlement/clearing/equity-options-product-specifications"",""https://www.optionseducation.org/referencelibrary/faq/splits-mergers-spinoffs-bankruptcies""],""status"":""research screening, not a complete OCC memo search"",""unresolved_adjustment_event"":false},""current_description"":{""status"":""directly retrieved current metadata; not historical listing evidence""},""deliverable"":{""status"":""research assumption, not individually historically verified"",""value"":""100 AAPL shares""},""expiry"":{""status"":""RIC-derived; checked against source description/cache when available""},""historical_membership"":{""first"":""2026-06-29"",""last"":""2026-09-30"",""raw_sha256"":""ab4ba1116cf83f177ee7a8fa49ce790e53796d93f8e11ee2fd1eac58f95549e4"",""status"":""actual historical observations; per-signal availability gating""},""identity"":{""day_convention"":""zero-padded DD, instructor correction and retained real paired tests"",""fields"":[""underlying"",""cp"",""strike"",""expiry""],""source"":""https://developers.lseg.com/en/article-catalog/article/functions-to-find-option-rics-traded-on-different-exchanges"",""status"":""derived from official RIC rules""},""multiplier"":{""status"":""research assumption; supporting current lot-size metadata when available"",""value"":100},""scheduled_last_trading_date"":{""source"":""https://www.theocc.com/clearance-and-settlement/clearing/equity-options-product-specifications"",""status"":""rule/calendar-derived, not last observed quote""}}"
AAPLL172712500.U,AAPL.O,C,125.0,2027-12-17,2027-12-17,2026-06-29,2026-09-30,2027-12-17,100,100 AAPL shares,False,research assumption,"official RIC-rule derivation, checked against available description/cache","direct historical quotation evidence, gated at each signal","rule/calendar derivation, distinct from final quote",research assumption,research assumption,"Treat ordinary AAPL OPRA calls as unadjusted standard American 100-share contracts, based on OCC specifications, ordinary identifiers, available descriptions and the corporate-action review. Not vendor-confirmed contract-by-contract historical deliverables.","[""https://www.theocc.com/clearance-and-settlement/clearing/equity-options-product-specifications"",""https://www.optionseducation.org/referencelibrary/faq/splits-mergers-spinoffs-bankruptcies"",""https://investor.apple.com/faq./default.aspx"",""https://infomemo.theocc.com/infomemos?number=47369""]",[],"{""corporate_actions"":{""apple_split_history"":""Apple public FAQ lists its last split in August 2020, before this sample."",""limitation"":""No detected conflicting corporate-action evidence; absence is not a vendor guarantee of every historical deliverable."",""provider_error"":null,""provider_events"":[],""provider_query_period"":[""2025-09-30"",""2026-09-30""],""sources"":[""https://investor.apple.com/faq./default.aspx"",""https://infomemo.theocc.com/infomemos?number=47369"",""https://www.theocc.com/clearance-and-settlement/clearing/equity-options-product-specifications"",""https://www.optionseducation.org/referencelibrary/faq/splits-mergers-spinoffs-bankruptcies""],""status"":""research screening, not a complete OCC memo search"",""unresolved_adjustment_event"":false},""current_description"":{""status"":""directly retrieved current metadata; not historical listing evidence""},""deliverable"":{""status"":""research assumption, not individually historically verified"",""value"":""100 AAPL shares""},""expiry"":{""status"":""RIC-derived; checked against source description/cache when available""},""historical_membership"":{""first"":""2026-06-29"",""last"":""2026-09-30"",""raw_sha256"":""919cbb21daaf80c7e16ed1ec55fd92166a5e43b730d3b4dac66b50e88e4f76ae"",""status"":""actual historical observations; per-signal availability gating""},""identity"":{""day_convention"":""zero-padded DD, instructor correction and retained real paired tests"",""fields"":[""underlying"",""cp"",""strike"",""expiry""],""source"":""https://developers.lseg.com/en/article-catalog/article/functions-to-find-option-rics-traded-on-different-exchanges"",""status"":""derived from official RIC rules""},""multiplier"":{""status"":""research assumption; supporting current lot-size metadata when available"",""value"":100},""scheduled_last_trading_date"":{""source"":""https://www.theocc.com/clearance-and-settlement/clearing/equity-options-product-specifications"",""status"":""rule/calendar-derived, not last observed quote""}}"
AAPLL172713000.U,AAPL.O,C,130.0,2027-12-17,2027-12-17,2026-06-29,2026-09-30,2027-12-17,100,100 AAPL shares,False,research assumption,"official RIC-rule derivation, checked against available description/cache","direct historical quotation evidence, gated at each signal","rule/calendar derivation, distinct from final quote",research assumption,research assumption,"Treat ordinary AAPL OPRA calls as unadjusted standard American 100-share contracts, based on OCC specifications, ordinary identifiers, available descriptions and the corporate-action review. Not vendor-confirmed contract-by-contract historical deliverables.","[""https://www.theocc.com/clearance-and-settlement/clearing/equity-options-product-specifications"",""https://www.optionseducation.org/referencelibrary/faq/splits-mergers-spinoffs-bankruptcies"",""https://investor.apple.com/faq./default.aspx"",""https://infomemo.theocc.com/infomemos?number=47369""]",[],"{""corporate_actions"":{""apple_split_history"":""Apple public FAQ lists its last split in August 2020, before this sample."",""limitation"":""No detected conflicting corporate-action evidence; absence is not a vendor guarantee of every historical deliverable."",""provider_error"":null,""provider_events"":[],""provider_query_period"":[""2025-09-30"",""2026-09-30""],""sources"":[""https://investor.apple.com/faq./default.aspx"",""https://infomemo.theocc.com/infomemos?number=47369"",""https://www.theocc.com/clearance-and-settlement/clearing/equity-options-product-specifications"",""https://www.optionseducation.org/referencelibrary/faq/splits-mergers-spinoffs-bankruptcies""],""status"":""research screening, not a complete OCC memo search"",""unresolved_adjustment_event"":false},""current_description"":{""status"":""directly retrieved current metadata; not historical listing evidence""},""deliverable"":{""status"":""research assumption, not individually historically verified"",""value"":""100 AAPL shares""},""expiry"":{""status"":""RIC-derived; checked against source description/cache when available""},""historical_membership"":{""first"":""2026-06-29"",""last"":""2026-09-30"",""raw_sha256"":""02574e6b57b2683c7dc15b63d61166d1060187a08ad113054a6c39478a8d900f"",""status"":""actual historical observations; per-signal availability gating""},""identity"":{""day_convention"":""zero-padded DD, instructor correction and retained real paired tests"",""fields"":[""underlying"",""cp"",""strike"",""expiry""],""source"":""https://developers.lseg.com/en/article-catalog/article/functions-to-find-option-rics-traded-on-different-exchanges"",""status"":""derived from official RIC rules""},""multiplier"":{""status"":""research assumption; supporting current lot-size metadata when available"",""value"":100},""scheduled_last_trading_date"":{""source"":""https://www.theocc.com/clearance-and-settlement/clearing/equity-options-product-specifications"",""status"":""rule/calendar-derived, not last observed quote""}}"
AAPLL172713500.U,AAPL.O,C,135.0,2027-12-17,2027-12-17,2026-06-29,2026-09-30,2027-12-17,100,100 AAPL shares,False,research assumption,"official RIC-rule derivation, checked against available description/cache","direct historical quotation evidence, gated at each signal","rule/calendar derivation, distinct from final quote",research assumption,research assumption,"Treat ordinary AAPL OPRA calls as unadjusted standard American 100-share contracts, based on OCC specifications, ordinary identifiers, available descriptions and the corporate-action review. Not vendor-confirmed contract-by-contract historical deliverables.","[""https://www.theocc.com/clearance-and-settlement/clearing/equity-options-product-specifications"",""https://www.optionseducation.org/referencelibrary/faq/splits-mergers-spinoffs-bankruptcies"",""https://investor.apple.com/faq./default.aspx"",""https://infomemo.theocc.com/infomemos?number=47369""]",[],"{""corporate_actions"":{""apple_split_history"":""Apple public FAQ lists its last split in August 2020, before this sample."",""limitation"":""No detected conflicting corporate-action evidence; absence is not a vendor guarantee of every historical deliverable."",""provider_error"":null,""provider_events"":[],""provider_query_period"":[""2025-09-30"",""2026-09-30""],""sources"":[""https://investor.apple.com/faq./default.aspx"",""https://infomemo.theocc.com/infomemos?number=47369"",""https://www.theocc.com/clearance-and-settlement/clearing/equity-options-product-specifications"",""https://www.optionseducation.org/referencelibrary/faq/splits-mergers-spinoffs-bankruptcies""],""status"":""research screening, not a complete OCC memo search"",""unresolved_adjustment_event"":false},""current_description"":{""status"":""directly retrieved current metadata; not historical listing evidence""},""deliverable"":{""status"":""research assumption, not individually historically verified"",""value"":""100 AAPL shares""},""expiry"":{""status"":""RIC-derived; checked against source description/cache when available""},""historical_membership"":{""first"":""2026-06-29"",""last"":""2026-09-30"",""raw_sha256"":""9675c40ff8ba72baf742df046de67a12192f5cc33929faba9f64999138ba9450"",""status"":""actual historical observations; per-signal availability gating""},""identity"":{""day_convention"":""zero-padded DD, instructor correction and retained real paired tests"",""fields"":[""underlying"",""cp"",""strike"",""expiry""],""source"":""https://developers.lseg.com/en/article-catalog/article/functions-to-find-option-rics-traded-on-different-exchanges"",""status"":""derived from official RIC rules""},""multiplier"":{""status"":""research assumption; supporting current lot-size metadata when available"",""value"":100},""scheduled_last_trading_date"":{""source"":""https://www.theocc.com/clearance-and-settlement/clearing/equity-options-product-specifications"",""status"":""rule/calendar-derived, not last observed quote""}}"
AAPLL172714000.U,AAPL.O,C,140.0,2027-12-17,2027-12-17,2026-06-29,2026-09-30,2027-12-17,100,100 AAPL shares,False,research assumption,"official RIC-rule derivation, checked against available description/cache","direct historical quotation evidence, gated at each signal","rule/calendar derivation, distinct from final quote",research assumption,research assumption,"Treat ordinary AAPL OPRA calls as unadjusted standard American 100-share contracts, based on OCC specifications, ordinary identifiers, available descriptions and the corporate-action review. Not vendor-confirmed contract-by-contract historical deliverables.","[""https://www.theocc.com/clearance-and-settlement/clearing/equity-options-product-specifications"",""https://www.optionseducation.org/referencelibrary/faq/splits-mergers-spinoffs-bankruptcies"",""https://investor.apple.com/faq./default.aspx"",""https://infomemo.theocc.com/infomemos?number=47369""]",[],"{""corporate_actions"":{""apple_split_history"":""Apple public FAQ lists its last split in August 2020, before this sample."",""limitation"":""No detected conflicting corporate-action evidence; absence is not a vendor guarantee of every historical deliverable."",""provider_error"":null,""provider_events"":[],""provider_query_period"":[""2025-09-30"",""2026-09-30""],""sources"":[""https://investor.apple.com/faq./default.aspx"",""https://infomemo.theocc.com/infomemos?number=47369"",""https://www.theocc.com/clearance-and-settlement/clearing/equity-options-product-specifications"",""https://www.optionseducation.org/referencelibrary/faq/splits-mergers-spinoffs-bankruptcies""],""status"":""research screening, not a complete OCC memo search"",""unresolved_adjustment_event"":false},""current_description"":{""status"":""directly retrieved current metadata; not historical listing evidence""},""deliverable"":{""status"":""research assumption, not individually historically verified"",""value"":""100 AAPL shares""},""expiry"":{""status"":""RIC-derived; checked against source description/cache when available""},""historical_membership"":{""first"":""2026-06-29"",""last"":""2026-09-30"",""raw_sha256"":""e2226ed1ee2f8b0ce8617ccdeac4f5d7896dcf583ace73edec44fb520d01b6a1"",""status"":""actual historical observations; per-signal availability gating""},""identity"":{""day_convention"":""zero-padded DD, instructor correction and retained real paired tests"",""fields"":[""underlying"",""cp"",""strike"",""expiry""],""source"":""https://developers.lseg.com/en/article-catalog/article/functions-to-find-option-rics-traded-on-different-exchanges"",""status"":""derived from official RIC rules""},""multiplier"":{""status"":""research assumption; supporting current lot-size metadata when available"",""value"":100},""scheduled_last_trading_date"":{""source"":""https://www.theocc.com/clearance-and-settlement/clearing/equity-options-product-specifications"",""status"":""rule/calendar-derived, not last observed quote""}}"
AAPLL172714500.U,AAPL.O,C,145.0,2027-12-17,2027-12-17,2026-06-29,2026-09-30,2027-12-17,100,100 AAPL shares,False,research assumption,"official RIC-rule derivation, checked against available description/cache","direct historical quotation evidence, gated at each signal","rule/calendar derivation, distinct from final quote",research assumption,research assumption,"Treat ordinary AAPL OPRA calls as unadjusted standard American 100-share contracts, based on OCC specifications, ordinary identifiers, available descriptions and the corporate-action review. Not vendor-confirmed contract-by-contract historical deliverables.","[""https://www.theocc.com/clearance-and-settlement/clearing/equity-options-product-specifications"",""https://www.optionseducation.org/referencelibrary/faq/splits-mergers-spinoffs-bankruptcies"",""https://investor.apple.com/faq./default.aspx"",""https://infomemo.theocc.com/infomemos?number=47369""]",[],"{""corporate_actions"":{""apple_split_history"":""Apple public FAQ lists its last split in August 2020, before this sample."",""limitation"":""No detected conflicting corporate-action evidence; absence is not a vendor guarantee of every historical deliverable."",""provider_error"":null,""provider_events"":[],""provider_query_period"":[""2025-09-30"",""2026-09-30""],""sources"":[""https://investor.apple.com/faq./default.aspx"",""https://infomemo.theocc.com/infomemos?number=47369"",""https://www.theocc.com/clearance-and-settlement/clearing/equity-options-product-specifications"",""https://www.optionseducation.org/referencelibrary/faq/splits-mergers-spinoffs-bankruptcies""],""status"":""research screening, not a complete OCC memo search"",""unresolved_adjustment_event"":false},""current_description"":{""status"":""directly retrieved current metadata; not historical listing evidence""},""deliverable"":{""status"":""research assumption, not individually historically verified"",""value"":""100 AAPL shares""},""expiry"":{""status"":""RIC-derived; checked against source description/cache when available""},""historical_membership"":{""first"":""2026-06-29"",""last"":""2026-09-30"",""raw_sha256"":""af7e647cdd50b1363b364c0c083fd025fe91567f736e71bcc297520c4ae76ebd"",""status"":""actual historical observations; per-signal availability gating""},""identity"":{""day_convention"":""zero-padded DD, instructor correction and retained real paired tests"",""fields"":[""underlying"",""cp"",""strike"",""expiry""],""source"":""https://developers.lseg.com/en/article-catalog/article/functions-to-find-option-rics-traded-on-different-exchanges"",""status"":""derived from official RIC rules""},""multiplier"":{""status"":""research assumption; supporting current lot-size metadata when available"",""value"":100},""scheduled_last_trading_date"":{""source"":""https://www.theocc.com/clearance-and-settlement/clearing/equity-options-product-specifications"",""status"":""rule/calendar-derived, not last observed quote""}}"
AAPLL172715000.U,AAPL.O,C,150.0,2027-12-17,2027-12-17,2026-06-29,2026-09-30,2027-12-17,100,100 AAPL shares,False,research assumption,"official RIC-rule derivation, checked against available description/cache","direct historical quotation evidence, gated at each signal","rule/calendar derivation, distinct from final quote",research assumption,research assumption,"Treat ordinary AAPL OPRA calls as unadjusted standard American 100-share contracts, based on OCC specifications, ordinary identifiers, available descriptions and the corporate-action review. Not vendor-confirmed contract-by-contract historical deliverables.","[""https://www.theocc.com/clearance-and-settlement/clearing/equity-options-product-specifications"",""https://www.optionseducation.org/referencelibrary/faq/splits-mergers-spinoffs-bankruptcies"",""https://investor.apple.com/faq./default.aspx"",""https://infomemo.theocc.com/infomemos?number=47369""]",[],"{""corporate_actions"":{""apple_split_history"":""Apple public FAQ lists its last split in August 2020, before this sample."",""limitation"":""No detected conflicting corporate-action evidence; absence is not a vendor guarantee of every historical deliverable."",""provider_error"":null,""provider_events"":[],""provider_query_period"":[""2025-09-30"",""2026-09-30""],""sources"":[""https://investor.apple.com/faq./default.aspx"",""https://infomemo.theocc.com/infomemos?number=47369"",""https://www.theocc.com/clearance-and-settlement/clearing/equity-options-product-specifications"",""https://www.optionseducation.org/referencelibrary/faq/splits-mergers-spinoffs-bankruptcies""],""status"":""research screening, not a complete OCC memo search"",""unresolved_adjustment_event"":false},""current_description"":{""status"":""directly retrieved current metadata; not historical listing evidence""},""deliverable"":{""status"":""research assumption, not individually historically verified"",""value"":""100 AAPL shares""},""expiry"":{""status"":""RIC-derived; checked against source description/cache when available""},""historical_membership"":{""first"":""2026-06-29"",""last"":""2026-09-30"",""raw_sha256"":""d8131d9a18ea42572471947167cc85e249c483e818c3565b609e8bd53b0b9f2f"",""status"":""actual historical observations; per-signal availability gating""},""identity"":{""day_convention"":""zero-padded DD, instructor correction and retained real paired tests"",""fields"":[""underlying"",""cp"",""strike"",""expiry""],""source"":""https://developers.lseg.com/en/article-catalog/article/functions-to-find-option-rics-traded-on-different-exchanges"",""status"":""derived from official RIC rules""},""multiplier"":{""status"":""research assumption; supporting current lot-size metadata when available"",""value"":100},""scheduled_last_trading_date"":{""source"":""https://www.theocc.com/clearance-and-settlement/clearing/equity-options-product-specifications"",""status"":""rule/calendar-derived, not last observed quote""}}"
AAPLL172715500.U,AAPL.O,C,155.0,2027-12-17,2027-12-17,2026-06-29,2026-09-30,2027-12-17,100,100 AAPL shares,False,research assumption,"official RIC-rule derivation, checked against available description/cache","direct historical quotation evidence, gated at each signal","rule/calendar derivation, distinct from final quote",research assumption,research assumption,"Treat ordinary AAPL OPRA calls as unadjusted standard American 100-share contracts, based on OCC specifications, ordinary identifiers, available descriptions and the corporate-action review. Not vendor-confirmed contract-by-contract historical deliverables.","[""https://www.theocc.com/clearance-and-settlement/clearing/equity-options-product-specifications"",""https://www.optionseducation.org/referencelibrary/faq/splits-mergers-spinoffs-bankruptcies"",""https://investor.apple.com/faq./default.aspx"",""https://infomemo.theocc.com/infomemos?number=47369""]",[],"{""corporate_actions"":{""apple_split_history"":""Apple public FAQ lists its last split in August 2020, before this sample."",""limitation"":""No detected conflicting corporate-action evidence; absence is not a vendor guarantee of every historical deliverable."",""provider_error"":null,""provider_events"":[],""provider_query_period"":[""2025-09-30"",""2026-09-30""],""sources"":[""https://investor.apple.com/faq./default.aspx"",""https://infomemo.theocc.com/infomemos?number=47369"",""https://www.theocc.com/clearance-and-settlement/clearing/equity-options-product-specifications"",""https://www.optionseducation.org/referencelibrary/faq/splits-mergers-spinoffs-bankruptcies""],""status"":""research screening, not a complete OCC memo search"",""unresolved_adjustment_event"":false},""current_description"":{""status"":""directly retrieved current metadata; not historical listing evidence""},""deliverable"":{""status"":""research assumption, not individually historically verified"",""value"":""100 AAPL shares""},""expiry"":{""status"":""RIC-derived; checked against source description/cache when available""},""historical_membership"":{""first"":""2026-06-29"",""last"":""2026-09-30"",""raw_sha256"":""023660653ff101cea45fb888bb8fec407789cbbbf74a857c15d0549df5ea09ba"",""status"":""actual historical observations; per-signal availability gating""},""identity"":{""day_convention"":""zero-padded DD, instructor correction and retained real paired tests"",""fields"":[""underlying"",""cp"",""strike"",""expiry""],""source"":""https://developers.lseg.com/en/article-catalog/article/functions-to-find-option-rics-traded-on-different-exchanges"",""status"":""derived from official RIC rules""},""multiplier"":{""status"":""research assumption; supporting current lot-size metadata when available"",""value"":100},""scheduled_last_trading_date"":{""source"":""https://www.theocc.com/clearance-and-settlement/clearing/equity-options-product-specifications"",""status"":""rule/calendar-derived, not last observed quote""}}"
AAPLL172716000.U,AAPL.O,C,160.0,2027-12-17,2027-12-17,2026-06-29,2026-09-30,2027-12-17,100,100 AAPL shares,False,research assumption,"official RIC-rule derivation, checked against available description/cache","direct historical quotation evidence, gated at each signal","rule/calendar derivation, distinct from final quote",research assumption,research assumption,"Treat ordinary AAPL OPRA calls as unadjusted standard American 100-share contracts, based on OCC specifications, ordinary identifiers, available descriptions and the corporate-action review. Not vendor-confirmed contract-by-contract historical deliverables.","[""https://www.theocc.com/clearance-and-settlement/clearing/equity-options-product-specifications"",""https://www.optionseducation.org/referencelibrary/faq/splits-mergers-spinoffs-bankruptcies"",""https://investor.apple.com/faq./default.aspx"",""https://infomemo.theocc.com/infomemos?number=47369""]",[],"{""corporate_actions"":{""apple_split_history"":""Apple public FAQ lists its last split in August 2020, before this sample."",""limitation"":""No detected conflicting corporate-action evidence; absence is not a vendor guarantee of every historical deliverable."",""provider_error"":null,""provider_events"":[],""provider_query_period"":[""2025-09-30"",""2026-09-30""],""sources"":[""https://investor.apple.com/faq./default.aspx"",""https://infomemo.theocc.com/infomemos?number=47369"",""https://www.theocc.com/clearance-and-settlement/clearing/equity-options-product-specifications"",""https://www.optionseducation.org/referencelibrary/faq/splits-mergers-spinoffs-bankruptcies""],""status"":""research screening, not a complete OCC memo search"",""unresolved_adjustment_event"":false},""current_description"":{""status"":""directly retrieved current metadata; not historical listing evidence""},""deliverable"":{""status"":""research assumption, not individually historically verified"",""value"":""100 AAPL shares""},""expiry"":{""status"":""RIC-derived; checked against source description/cache when available""},""historical_membership"":{""first"":""2026-06-29"",""last"":""2026-09-30"",""raw_sha256"":""e1c27e0e4a7790d9ec5f72b7a5645a0bd04e52e8735d8828ddb33914e1e4860e"",""status"":""actual historical observations; per-signal availability gating""},""identity"":{""day_convention"":""zero-padded DD, instructor correction and retained real paired tests"",""fields"":[""underlying"",""cp"",""strike"",""expiry""],""source"":""https://developers.lseg.com/en/article-catalog/article/functions-to-find-option-rics-traded-on-different-exchanges"",""status"":""derived from official RIC rules""},""multiplier"":{""status"":""research assumption; supporting current lot-size metadata when available"",""value"":100},""scheduled_last_trading_date"":{""source"":""https://www.theocc.com/clearance-and-settlement/clearing/equity-options-product-specifications"",""status"":""rule/calendar-derived, not last observed quote""}}"
AAPLL172716500.U,AAPL.O,C,165.0,2027-12-17,2027-12-17,2026-06-29,2026-09-30,2027-12-17,100,100 AAPL shares,False,research assumption,"official RIC-rule derivation, checked against available description/cache","direct historical quotation evidence, gated at each signal","rule/calendar derivation, distinct from final quote",research assumption,research assumption,"Treat ordinary AAPL OPRA calls as unadjusted standard American 100-share contracts, based on OCC specifications, ordinary identifiers, available descriptions and the corporate-action review. Not vendor-confirmed contract-by-contract historical deliverables.","[""https://www.theocc.com/clearance-and-settlement/clearing/equity-options-product-specifications"",""https://www.optionseducation.org/referencelibrary/faq/splits-mergers-spinoffs-bankruptcies"",""https://investor.apple.com/faq./default.aspx"",""https://infomemo.theocc.com/infomemos?number=47369""]",[],"{""corporate_actions"":{""apple_split_history"":""Apple public FAQ lists its last split in August 2020, before this sample."",""limitation"":""No detected conflicting corporate-action evidence; absence is not a vendor guarantee of every historical deliverable."",""provider_error"":null,""provider_events"":[],""provider_query_period"":[""2025-09-30"",""2026-09-30""],""sources"":[""https://investor.apple.com/faq./default.aspx"",""https://infomemo.theocc.com/infomemos?number=47369"",""https://www.theocc.com/clearance-and-settlement/clearing/equity-options-product-specifications"",""https://www.optionseducation.org/referencelibrary/faq/splits-mergers-spinoffs-bankruptcies""],""status"":""research screening, not a complete OCC memo search"",""unresolved_adjustment_event"":false},""current_description"":{""status"":""directly retrieved current metadata; not historical listing evidence""},""deliverable"":{""status"":""research assumption, not individually historically verified"",""value"":""100 AAPL shares""},""expiry"":{""status"":""RIC-derived; checked against source description/cache when available""},""historical_membership"":{""first"":""2026-06-29"",""last"":""2026-09-30"",""raw_sha256"":""b3e5454f87ffeddc7ef40bc38b3c576595d8fd68ca9438424aaaf0d12a6e94ca"",""status"":""actual historical observations; per-signal availability gating""},""identity"":{""day_convention"":""zero-padded DD, instructor correction and retained real paired tests"",""fields"":[""underlying"",""cp"",""strike"",""expiry""],""source"":""https://developers.lseg.com/en/article-catalog/article/functions-to-find-option-rics-traded-on-different-exchanges"",""status"":""derived from official RIC rules""},""multiplier"":{""status"":""research assumption; supporting current lot-size metadata when available"",""value"":100},""scheduled_last_trading_date"":{""source"":""https://www.theocc.com/clearance-and-settlement/clearing/equity-options-product-specifications"",""status"":""rule/calendar-derived, not last observed quote""}}"
AAPLL172717000.U,AAPL.O,C,170.0,2027-12-17,2027-12-17,2026-06-29,2026-09-30,2027-12-17,100,100 AAPL shares,False,research assumption,"official RIC-rule derivation, checked against available description/cache","direct historical quotation evidence, gated at each signal","rule/calendar derivation, distinct from final quote",research assumption,research assumption,"Treat ordinary AAPL OPRA calls as unadjusted standard American 100-share contracts, based on OCC specifications, ordinary identifiers, available descriptions and the corporate-action review. Not vendor-confirmed contract-by-contract historical deliverables.","[""https://www.theocc.com/clearance-and-settlement/clearing/equity-options-product-specifications"",""https://www.optionseducation.org/referencelibrary/faq/splits-mergers-spinoffs-bankruptcies"",""https://investor.apple.com/faq./default.aspx"",""https://infomemo.theocc.com/infomemos?number=47369""]",[],"{""corporate_actions"":{""apple_split_history"":""Apple public FAQ lists its last split in August 2020, before this sample."",""limitation"":""No detected conflicting corporate-action evidence; absence is not a vendor guarantee of every historical deliverable."",""provider_error"":null,""provider_events"":[],""provider_query_period"":[""2025-09-30"",""2026-09-30""],""sources"":[""https://investor.apple.com/faq./default.aspx"",""https://infomemo.theocc.com/infomemos?number=47369"",""https://www.theocc.com/clearance-and-settlement/clearing/equity-options-product-specifications"",""https://www.optionseducation.org/referencelibrary/faq/splits-mergers-spinoffs-bankruptcies""],""status"":""research screening, not a complete OCC memo search"",""unresolved_adjustment_event"":false},""current_description"":{""status"":""directly retrieved current metadata; not historical listing evidence""},""deliverable"":{""status"":""research assumption, not individually historically verified"",""value"":""100 AAPL shares""},""expiry"":{""status"":""RIC-derived; checked against source description/cache when available""},""historical_membership"":{""first"":""2026-06-29"",""last"":""2026-09-30"",""raw_sha256"":""e80a2268a11059f2294b28fb332ea00051e6fc4414dc9510ccc5feb3178d4cc4"",""status"":""actual historical observations; per-signal availability gating""},""identity"":{""day_convention"":""zero-padded DD, instructor correction and retained real paired tests"",""fields"":[""underlying"",""cp"",""strike"",""expiry""],""source"":""https://developers.lseg.com/en/article-catalog/article/functions-to-find-option-rics-traded-on-different-exchanges"",""status"":""derived from official RIC rules""},""multiplier"":{""status"":""research assumption; supporting current lot-size metadata when available"",""value"":100},""scheduled_last_trading_date"":{""source"":""https://www.theocc.com/clearance-and-settlement/clearing/equity-options-product-specifications"",""status"":""rule/calendar-derived, not last observed quote""}}"
AAPLL172717500.U,AAPL.O,C,175.0,2027-12-17,2027-12-17,2026-06-29,2026-09-30,2027-12-17,100,100 AAPL shares,False,research assumption,"official RIC-rule derivation, checked against available description/cache","direct historical quotation evidence, gated at each signal","rule/calendar derivation, distinct from final quote",research assumption,research assumption,"Treat ordinary AAPL OPRA calls as unadjusted standard American 100-share contracts, based on OCC specifications, ordinary identifiers, available descriptions and the corporate-action review. Not vendor-confirmed contract-by-contract historical deliverables.","[""https://www.theocc.com/clearance-and-settlement/clearing/equity-options-product-specifications"",""https://www.optionseducation.org/referencelibrary/faq/splits-mergers-spinoffs-bankruptcies"",""https://investor.apple.com/faq./default.aspx"",""https://infomemo.theocc.com/infomemos?number=47369""]",[],"{""corporate_actions"":{""apple_split_history"":""Apple public FAQ lists its last split in August 2020, before this sample."",""limitation"":""No detected conflicting corporate-action evidence; absence is not a vendor guarantee of every historical deliverable."",""provider_error"":null,""provider_events"":[],""provider_query_period"":[""2025-09-30"",""2026-09-30""],""sources"":[""https://investor.apple.com/faq./default.aspx"",""https://infomemo.theocc.com/infomemos?number=47369"",""https://www.theocc.com/clearance-and-settlement/clearing/equity-options-product-specifications"",""https://www.optionseducation.org/referencelibrary/faq/splits-mergers-spinoffs-bankruptcies""],""status"":""research screening, not a complete OCC memo search"",""unresolved_adjustment_event"":false},""current_description"":{""status"":""directly retrieved current metadata; not historical listing evidence""},""deliverable"":{""status"":""research assumption, not individually historically verified"",""value"":""100 AAPL shares""},""expiry"":{""status"":""RIC-derived; checked against source description/cache when available""},""historical_membership"":{""first"":""2026-06-29"",""last"":""2026-09-30"",""raw_sha256"":""f320a581fd0398535555cc636d0a7039d9ded7bb7d30eba3cb05d4103ba55886"",""status"":""actual historical observations; per-signal availability gating""},""identity"":{""day_convention"":""zero-padded DD, instructor correction and retained real paired tests"",""fields"":[""underlying"",""cp"",""strike"",""expiry""],""source"":""https://developers.lseg.com/en/article-catalog/article/functions-to-find-option-rics-traded-on-different-exchanges"",""status"":""derived from official RIC rules""},""multiplier"":{""status"":""research assumption; supporting current lot-size metadata when available"",""value"":100},""scheduled_last_trading_date"":{""source"":""https://www.theocc.com/clearance-and-settlement/clearing/equity-options-product-specifications"",""status"":""rule/calendar-derived, not last observed quote""}}"
AAPLL172718000.U,AAPL.O,C,180.0,2027-12-17,2027-12-17,2026-06-29,2026-09-30,2027-12-17,100,100 AAPL shares,False,research assumption,"official RIC-rule derivation, checked against available description/cache","direct historical quotation evidence, gated at each signal","rule/calendar derivation, distinct from final quote",research assumption,research assumption,"Treat ordinary AAPL OPRA calls as unadjusted standard American 100-share contracts, based on OCC specifications, ordinary identifiers, available descriptions and the corporate-action review. Not vendor-confirmed contract-by-contract historical deliverables.","[""https://www.theocc.com/clearance-and-settlement/clearing/equity-options-product-specifications"",""https://www.optionseducation.org/referencelibrary/faq/splits-mergers-spinoffs-bankruptcies"",""https://investor.apple.com/faq./default.aspx"",""https://infomemo.theocc.com/infomemos?number=47369""]",[],"{""corporate_actions"":{""apple_split_history"":""Apple public FAQ lists its last split in August 2020, before this sample."",""limitation"":""No detected conflicting corporate-action evidence; absence is not a vendor guarantee of every historical deliverable."",""provider_error"":null,""provider_events"":[],""provider_query_period"":[""2025-09-30"",""2026-09-30""],""sources"":[""https://investor.apple.com/faq./default.aspx"",""https://infomemo.theocc.com/infomemos?number=47369"",""https://www.theocc.com/clearance-and-settlement/clearing/equity-options-product-specifications"",""https://www.optionseducation.org/referencelibrary/faq/splits-mergers-spinoffs-bankruptcies""],""status"":""research screening, not a complete OCC memo search"",""unresolved_adjustment_event"":false},""current_description"":{""status"":""directly retrieved current metadata; not historical listing evidence""},""deliverable"":{""status"":""research assumption, not individually historically verified"",""value"":""100 AAPL shares""},""expiry"":{""status"":""RIC-derived; checked against source description/cache when available""},""historical_membership"":{""first"":""2026-06-29"",""last"":""2026-09-30"",""raw_sha256"":""563e2557d49192a0c44a47e3ae350f1ecc582ab6c1cb7a282fa061761138bc1e"",""status"":""actual historical observations; per-signal availability gating""},""identity"":{""day_convention"":""zero-padded DD, instructor correction and retained real paired tests"",""fields"":[""underlying"",""cp"",""strike"",""expiry""],""source"":""https://developers.lseg.com/en/article-catalog/article/functions-to-find-option-rics-traded-on-different-exchanges"",""status"":""derived from official RIC rules""},""multiplier"":{""status"":""research assumption; supporting current lot-size metadata when available"",""value"":100},""scheduled_last_trading_date"":{""source"":""https://www.theocc.com/clearance-and-settlement/clearing/equity-options-product-specifications"",""status"":""rule/calendar-derived, not last observed quote""}}"
AAPLL172718500.U,AAPL.O,C,185.0,2027-12-17,2027-12-17,2026-06-29,2026-09-30,2027-12-17,100,100 AAPL shares,False,research assumption,"official RIC-rule derivation, checked against available description/cache","direct historical quotation evidence, gated at each signal","rule/calendar derivation, distinct from final quote",research assumption,research assumption,"Treat ordinary AAPL OPRA calls as unadjusted standard American 100-share contracts, based on OCC specifications, ordinary identifiers, available descriptions and the corporate-action review. Not vendor-confirmed contract-by-contract historical deliverables.","[""https://www.theocc.com/clearance-and-settlement/clearing/equity-options-product-specifications"",""https://www.optionseducation.org/referencelibrary/faq/splits-mergers-spinoffs-bankruptcies"",""https://investor.apple.com/faq./default.aspx"",""https://infomemo.theocc.com/infomemos?number=47369""]",[],"{""corporate_actions"":{""apple_split_history"":""Apple public FAQ lists its last split in August 2020, before this sample."",""limitation"":""No detected conflicting corporate-action evidence; absence is not a vendor guarantee of every historical deliverable."",""provider_error"":null,""provider_events"":[],""provider_query_period"":[""2025-09-30"",""2026-09-30""],""sources"":[""https://investor.apple.com/faq./default.aspx"",""https://infomemo.theocc.com/infomemos?number=47369"",""https://www.theocc.com/clearance-and-settlement/clearing/equity-options-product-specifications"",""https://www.optionseducation.org/referencelibrary/faq/splits-mergers-spinoffs-bankruptcies""],""status"":""research screening, not a complete OCC memo search"",""unresolved_adjustment_event"":false},""current_description"":{""status"":""directly retrieved current metadata; not historical listing evidence""},""deliverable"":{""status"":""research assumption, not individually historically verified"",""value"":""100 AAPL shares""},""expiry"":{""status"":""RIC-derived; checked against source description/cache when available""},""historical_membership"":{""first"":""2026-06-29"",""last"":""2026-09-30"",""raw_sha256"":""6c3025273856f3f2f9f57ad46b464f262b6c8fd6f1622b957b7e8d2a8123fb6d"",""status"":""actual historical observations; per-signal availability gating""},""identity"":{""day_convention"":""zero-padded DD, instructor correction and retained real paired tests"",""fields"":[""underlying"",""cp"",""strike"",""expiry""],""source"":""https://developers.lseg.com/en/article-catalog/article/functions-to-find-option-rics-traded-on-different-exchanges"",""status"":""derived from official RIC rules""},""multiplier"":{""status"":""research assumption; supporting current lot-size metadata when available"",""value"":100},""scheduled_last_trading_date"":{""source"":""https://www.theocc.com/clearance-and-settlement/clearing/equity-options-product-specifications"",""status"":""rule/calendar-derived, not last observed quote""}}"
AAPLL172719000.U,AAPL.O,C,190.0,2027-12-17,2027-12-17,2026-06-29,2026-09-30,2027-12-17,100,100 AAPL shares,False,research assumption,"official RIC-rule derivation, checked against available description/cache","direct historical quotation evidence, gated at each signal","rule/calendar derivation, distinct from final quote",research assumption,research assumption,"Treat ordinary AAPL OPRA calls as unadjusted standard American 100-share contracts, based on OCC specifications, ordinary identifiers, available descriptions and the corporate-action review. Not vendor-confirmed contract-by-contract historical deliverables.","[""https://www.theocc.com/clearance-and-settlement/clearing/equity-options-product-specifications"",""https://www.optionseducation.org/referencelibrary/faq/splits-mergers-spinoffs-bankruptcies"",""https://investor.apple.com/faq./default.aspx"",""https://infomemo.theocc.com/infomemos?number=47369""]",[],"{""corporate_actions"":{""apple_split_history"":""Apple public FAQ lists its last split in August 2020, before this sample."",""limitation"":""No detected conflicting corporate-action evidence; absence is not a vendor guarantee of every historical deliverable."",""provider_error"":null,""provider_events"":[],""provider_query_period"":[""2025-09-30"",""2026-09-30""],""sources"":[""https://investor.apple.com/faq./default.aspx"",""https://infomemo.theocc.com/infomemos?number=47369"",""https://www.theocc.com/clearance-and-settlement/clearing/equity-options-product-specifications"",""https://www.optionseducation.org/referencelibrary/faq/splits-mergers-spinoffs-bankruptcies""],""status"":""research screening, not a complete OCC memo search"",""unresolved_adjustment_event"":false},""current_description"":{""status"":""directly retrieved current metadata; not historical listing evidence""},""deliverable"":{""status"":""research assumption, not individually historically verified"",""value"":""100 AAPL shares""},""expiry"":{""status"":""RIC-derived; checked against source description/cache when available""},""historical_membership"":{""first"":""2026-06-29"",""last"":""2026-09-30"",""raw_sha256"":""45569afeec11d91b25520c813831fd67af8ae45fc872e769d455230db7066cd2"",""status"":""actual historical observations; per-signal availability gating""},""identity"":{""day_convention"":""zero-padded DD, instructor correction and retained real paired tests"",""fields"":[""underlying"",""cp"",""strike"",""expiry""],""source"":""https://developers.lseg.com/en/article-catalog/article/functions-to-find-option-rics-traded-on-different-exchanges"",""status"":""derived from official RIC rules""},""multiplier"":{""status"":""research assumption; supporting current lot-size metadata when available"",""value"":100},""scheduled_last_trading_date"":{""source"":""https://www.theocc.com/clearance-and-settlement/clearing/equity-options-product-specifications"",""status"":""rule/calendar-derived, not last observed quote""}}"
AAPLL172719500.U,AAPL.O,C,195.0,2027-12-17,2027-12-17,2026-06-29,2026-09-30,2027-12-17,100,100 AAPL shares,False,research assumption,"official RIC-rule derivation, checked against available description/cache","direct historical quotation evidence, gated at each signal","rule/calendar derivation, distinct from final quote",research assumption,research assumption,"Treat ordinary AAPL OPRA calls as unadjusted standard American 100-share contracts, based on OCC specifications, ordinary identifiers, available descriptions and the corporate-action review. Not vendor-confirmed contract-by-contract historical deliverables.","[""https://www.theocc.com/clearance-and-settlement/clearing/equity-options-product-specifications"",""https://www.optionseducation.org/referencelibrary/faq/splits-mergers-spinoffs-bankruptcies"",""https://investor.apple.com/faq./default.aspx"",""https://infomemo.theocc.com/infomemos?number=47369""]",[],"{""corporate_actions"":{""apple_split_history"":""Apple public FAQ lists its last split in August 2020, before this sample."",""limitation"":""No detected conflicting corporate-action evidence; absence is not a vendor guarantee of every historical deliverable."",""provider_error"":null,""provider_events"":[],""provider_query_period"":[""2025-09-30"",""2026-09-30""],""sources"":[""https://investor.apple.com/faq./default.aspx"",""https://infomemo.theocc.com/infomemos?number=47369"",""https://www.theocc.com/clearance-and-settlement/clearing/equity-options-product-specifications"",""https://www.optionseducation.org/referencelibrary/faq/splits-mergers-spinoffs-bankruptcies""],""status"":""research screening, not a complete OCC memo search"",""unresolved_adjustment_event"":false},""current_description"":{""status"":""directly retrieved current metadata; not historical listing evidence""},""deliverable"":{""status"":""research assumption, not individually historically verified"",""value"":""100 AAPL shares""},""expiry"":{""status"":""RIC-derived; checked against source description/cache when available""},""historical_membership"":{""first"":""2026-06-29"",""last"":""2026-09-30"",""raw_sha256"":""34bc8343cf6ee857ea1b6948b748b46daaecd8aee662f6ef48f5e02a1fcd44a2"",""status"":""actual historical observations; per-signal availability gating""},""identity"":{""day_convention"":""zero-padded DD, instructor correction and retained real paired tests"",""fields"":[""underlying"",""cp"",""strike"",""expiry""],""source"":""https://developers.lseg.com/en/article-catalog/article/functions-to-find-option-rics-traded-on-different-exchanges"",""status"":""derived from official RIC rules""},""multiplier"":{""status"":""research assumption; supporting current lot-size metadata when available"",""value"":100},""scheduled_last_trading_date"":{""source"":""https://www.theocc.com/clearance-and-settlement/clearing/equity-options-product-specifications"",""status"":""rule/calendar-derived, not last observed quote""}}"
AAPLL172720000.U,AAPL.O,C,200.0,2027-12-17,2027-12-17,2026-06-29,2026-09-30,2027-12-17,100,100 AAPL shares,False,research assumption,"official RIC-rule derivation, checked against available description/cache","direct historical quotation evidence, gated at each signal","rule/calendar derivation, distinct from final quote",research assumption,research assumption,"Treat ordinary AAPL OPRA calls as unadjusted standard American 100-share contracts, based on OCC specifications, ordinary identifiers, available descriptions and the corporate-action review. Not vendor-confirmed contract-by-contract historical deliverables.","[""https://www.theocc.com/clearance-and-settlement/clearing/equity-options-product-specifications"",""https://www.optionseducation.org/referencelibrary/faq/splits-mergers-spinoffs-bankruptcies"",""https://investor.apple.com/faq./default.aspx"",""https://infomemo.theocc.com/infomemos?number=47369""]",[],"{""corporate_actions"":{""apple_split_history"":""Apple public FAQ lists its last split in August 2020, before this sample."",""limitation"":""No detected conflicting corporate-action evidence; absence is not a vendor guarantee of every historical deliverable."",""provider_error"":null,""provider_events"":[],""provider_query_period"":[""2025-09-30"",""2026-09-30""],""sources"":[""https://investor.apple.com/faq./default.aspx"",""https://infomemo.theocc.com/infomemos?number=47369"",""https://www.theocc.com/clearance-and-settlement/clearing/equity-options-product-specifications"",""https://www.optionseducation.org/referencelibrary/faq/splits-mergers-spinoffs-bankruptcies""],""status"":""research screening, not a complete OCC memo search"",""unresolved_adjustment_event"":false},""current_description"":{""status"":""directly retrieved current metadata; not historical listing evidence""},""deliverable"":{""status"":""research assumption, not individually historically verified"",""value"":""100 AAPL shares""},""expiry"":{""status"":""RIC-derived; checked against source description/cache when available""},""historical_membership"":{""first"":""2026-06-29"",""last"":""2026-09-30"",""raw_sha256"":""1798343fad97559ea2d40c17c5188ebdccea00ec24f281f1eedd0405e186eccc"",""status"":""actual historical observations; per-signal availability gating""},""identity"":{""day_convention"":""zero-padded DD, instructor correction and retained real paired tests"",""fields"":[""underlying"",""cp"",""strike"",""expiry""],""source"":""https://developers.lseg.com/en/article-catalog/article/functions-to-find-option-rics-traded-on-different-exchanges"",""status"":""derived from official RIC rules""},""multiplier"":{""status"":""research assumption; supporting current lot-size metadata when available"",""value"":100},""scheduled_last_trading_date"":{""source"":""https://www.theocc.com/clearance-and-settlement/clearing/equity-options-product-specifications"",""status"":""rule/calendar-derived, not last observed quote""}}"
AAPLL172720500.U,AAPL.O,C,205.0,2027-12-17,2027-12-17,2026-06-29,2026-09-30,2027-12-17,100,100 AAPL shares,False,research assumption,"official RIC-rule derivation, checked against available description/cache","direct historical quotation evidence, gated at each signal","rule/calendar derivation, distinct from final quote",research assumption,research assumption,"Treat ordinary AAPL OPRA calls as unadjusted standard American 100-share contracts, based on OCC specifications, ordinary identifiers, available descriptions and the corporate-action review. Not vendor-confirmed contract-by-contract historical deliverables.","[""https://www.theocc.com/clearance-and-settlement/clearing/equity-options-product-specifications"",""https://www.optionseducation.org/referencelibrary/faq/splits-mergers-spinoffs-bankruptcies"",""https://investor.apple.com/faq./default.aspx"",""https://infomemo.theocc.com/infomemos?number=47369""]",[],"{""corporate_actions"":{""apple_split_history"":""Apple public FAQ lists its last split in August 2020, before this sample."",""limitation"":""No detected conflicting corporate-action evidence; absence is not a vendor guarantee of every historical deliverable."",""provider_error"":null,""provider_events"":[],""provider_query_period"":[""2025-09-30"",""2026-09-30""],""sources"":[""https://investor.apple.com/faq./default.aspx"",""https://infomemo.theocc.com/infomemos?number=47369"",""https://www.theocc.com/clearance-and-settlement/clearing/equity-options-product-specifications"",""https://www.optionseducation.org/referencelibrary/faq/splits-mergers-spinoffs-bankruptcies""],""status"":""research screening, not a complete OCC memo search"",""unresolved_adjustment_event"":false},""current_description"":{""status"":""directly retrieved current metadata; not historical listing evidence""},""deliverable"":{""status"":""research assumption, not individually historically verified"",""value"":""100 AAPL shares""},""expiry"":{""status"":""RIC-derived; checked against source description/cache when available""},""historical_membership"":{""first"":""2026-06-29"",""last"":""2026-09-30"",""raw_sha256"":""e193e9d6324b4279dddc03243caac98fa06d15de33113a190a86e3d4cae672f0"",""status"":""actual historical observations; per-signal availability gating""},""identity"":{""day_convention"":""zero-padded DD, instructor correction and retained real paired tests"",""fields"":[""underlying"",""cp"",""strike"",""expiry""],""source"":""https://developers.lseg.com/en/article-catalog/article/functions-to-find-option-rics-traded-on-different-exchanges"",""status"":""derived from official RIC rules""},""multiplier"":{""status"":""research assumption; supporting current lot-size metadata when available"",""value"":100},""scheduled_last_trading_date"":{""source"":""https://www.theocc.com/clearance-and-settlement/clearing/equity-options-product-specifications"",""status"":""rule/calendar-derived, not last observed quote""}}"
AAPLL172721000.U,AAPL.O,C,210.0,2027-12-17,2027-12-17,2026-06-29,2026-09-30,2027-12-17,100,100 AAPL shares,False,research assumption,"official RIC-rule derivation, checked against available description/cache","direct historical quotation evidence, gated at each signal","rule/calendar derivation, distinct from final quote",research assumption,research assumption,"Treat ordinary AAPL OPRA calls as unadjusted standard American 100-share contracts, based on OCC specifications, ordinary identifiers, available descriptions and the corporate-action review. Not vendor-confirmed contract-by-contract historical deliverables.","[""https://www.theocc.com/clearance-and-settlement/clearing/equity-options-product-specifications"",""https://www.optionseducation.org/referencelibrary/faq/splits-mergers-spinoffs-bankruptcies"",""https://investor.apple.com/faq./default.aspx"",""https://infomemo.theocc.com/infomemos?number=47369""]",[],"{""corporate_actions"":{""apple_split_history"":""Apple public FAQ lists its last split in August 2020, before this sample."",""limitation"":""No detected conflicting corporate-action evidence; absence is not a vendor guarantee of every historical deliverable."",""provider_error"":null,""provider_events"":[],""provider_query_period"":[""2025-09-30"",""2026-09-30""],""sources"":[""https://investor.apple.com/faq./default.aspx"",""https://infomemo.theocc.com/infomemos?number=47369"",""https://www.theocc.com/clearance-and-settlement/clearing/equity-options-product-specifications"",""https://www.optionseducation.org/referencelibrary/faq/splits-mergers-spinoffs-bankruptcies""],""status"":""research screening, not a complete OCC memo search"",""unresolved_adjustment_event"":false},""current_description"":{""status"":""directly retrieved current metadata; not historical listing evidence""},""deliverable"":{""status"":""research assumption, not individually historically verified"",""value"":""100 AAPL shares""},""expiry"":{""status"":""RIC-derived; checked against source description/cache when available""},""historical_membership"":{""first"":""2026-06-29"",""last"":""2026-09-30"",""raw_sha256"":""4d9d9ee992284544270ef0725f6e718c6e79de3a33410514e78cbe3f43597625"",""status"":""actual historical observations; per-signal availability gating""},""identity"":{""day_convention"":""zero-padded DD, instructor correction and retained real paired tests"",""fields"":[""underlying"",""cp"",""strike"",""expiry""],""source"":""https://developers.lseg.com/en/article-catalog/article/functions-to-find-option-rics-traded-on-different-exchanges"",""status"":""derived from official RIC rules""},""multiplier"":{""status"":""research assumption; supporting current lot-size metadata when available"",""value"":100},""scheduled_last_trading_date"":{""source"":""https://www.theocc.com/clearance-and-settlement/clearing/equity-options-product-specifications"",""status"":""rule/calendar-derived, not last observed quote""}}"
AAPLL172721500.U,AAPL.O,C,215.0,2027-12-17,2027-12-17,2026-06-29,2026-09-30,2027-12-17,100,100 AAPL shares,False,research assumption,"official RIC-rule derivation, checked against available description/cache","direct historical quotation evidence, gated at each signal","rule/calendar derivation, distinct from final quote",research assumption,research assumption,"Treat ordinary AAPL OPRA calls as unadjusted standard American 100-share contracts, based on OCC specifications, ordinary identifiers, available descriptions and the corporate-action review. Not vendor-confirmed contract-by-contract historical deliverables.","[""https://www.theocc.com/clearance-and-settlement/clearing/equity-options-product-specifications"",""https://www.optionseducation.org/referencelibrary/faq/splits-mergers-spinoffs-bankruptcies"",""https://investor.apple.com/faq./default.aspx"",""https://infomemo.theocc.com/infomemos?number=47369""]",[],"{""corporate_actions"":{""apple_split_history"":""Apple public FAQ lists its last split in August 2020, before this sample."",""limitation"":""No detected conflicting corporate-action evidence; absence is not a vendor guarantee of every historical deliverable."",""provider_error"":null,""provider_events"":[],""provider_query_period"":[""2025-09-30"",""2026-09-30""],""sources"":[""https://investor.apple.com/faq./default.aspx"",""https://infomemo.theocc.com/infomemos?number=47369"",""https://www.theocc.com/clearance-and-settlement/clearing/equity-options-product-specifications"",""https://www.optionseducation.org/referencelibrary/faq/splits-mergers-spinoffs-bankruptcies""],""status"":""research screening, not a complete OCC memo search"",""unresolved_adjustment_event"":false},""current_description"":{""status"":""directly retrieved current metadata; not historical listing evidence""},""deliverable"":{""status"":""research assumption, not individually historically verified"",""value"":""100 AAPL shares""},""expiry"":{""status"":""RIC-derived; checked against source description/cache when available""},""historical_membership"":{""first"":""2026-06-29"",""last"":""2026-09-30"",""raw_sha256"":""4626df52a294115e99f5398ac25872b38b64442265eb4f8c92c538d25fdda44a"",""status"":""actual historical observations; per-signal availability gating""},""identity"":{""day_convention"":""zero-padded DD, instructor correction and retained real paired tests"",""fields"":[""underlying"",""cp"",""strike"",""expiry""],""source"":""https://developers.lseg.com/en/article-catalog/article/functions-to-find-option-rics-traded-on-different-exchanges"",""status"":""derived from official RIC rules""},""multiplier"":{""status"":""research assumption; supporting current lot-size metadata when available"",""value"":100},""scheduled_last_trading_date"":{""source"":""https://www.theocc.com/clearance-and-settlement/clearing/equity-options-product-specifications"",""status"":""rule/calendar-derived, not last observed quote""}}"
AAPLL172722000.U,AAPL.O,C,220.0,2027-12-17,2027-12-17,2026-06-29,2026-09-30,2027-12-17,100,100 AAPL shares,False,research assumption,"official RIC-rule derivation, checked against available description/cache","direct historical quotation evidence, gated at each signal","rule/calendar derivation, distinct from final quote",research assumption,research assumption,"Treat ordinary AAPL OPRA calls as unadjusted standard American 100-share contracts, based on OCC specifications, ordinary identifiers, available descriptions and the corporate-action review. Not vendor-confirmed contract-by-contract historical deliverables.","[""https://www.theocc.com/clearance-and-settlement/clearing/equity-options-product-specifications"",""https://www.optionseducation.org/referencelibrary/faq/splits-mergers-spinoffs-bankruptcies"",""https://investor.apple.com/faq./default.aspx"",""https://infomemo.theocc.com/infomemos?number=47369""]",[],"{""corporate_actions"":{""apple_split_history"":""Apple public FAQ lists its last split in August 2020, before this sample."",""limitation"":""No detected conflicting corporate-action evidence; absence is not a vendor guarantee of every historical deliverable."",""provider_error"":null,""provider_events"":[],""provider_query_period"":[""2025-09-30"",""2026-09-30""],""sources"":[""https://investor.apple.com/faq./default.aspx"",""https://infomemo.theocc.com/infomemos?number=47369"",""https://www.theocc.com/clearance-and-settlement/clearing/equity-options-product-specifications"",""https://www.optionseducation.org/referencelibrary/faq/splits-mergers-spinoffs-bankruptcies""],""status"":""research screening, not a complete OCC memo search"",""unresolved_adjustment_event"":false},""current_description"":{""status"":""directly retrieved current metadata; not historical listing evidence""},""deliverable"":{""status"":""research assumption, not individually historically verified"",""value"":""100 AAPL shares""},""expiry"":{""status"":""RIC-derived; checked against source description/cache when available""},""historical_membership"":{""first"":""2026-06-29"",""last"":""2026-09-30"",""raw_sha256"":""3e6172af5f08aa19faf479037d4f19ad7145e5dc963af7f555c171e523ee004f"",""status"":""actual historical observations; per-signal availability gating""},""identity"":{""day_convention"":""zero-padded DD, instructor correction and retained real paired tests"",""fields"":[""underlying"",""cp"",""strike"",""expiry""],""source"":""https://developers.lseg.com/en/article-catalog/article/functions-to-find-option-rics-traded-on-different-exchanges"",""status"":""derived from official RIC rules""},""multiplier"":{""status"":""research assumption; supporting current lot-size metadata when available"",""value"":100},""scheduled_last_trading_date"":{""source"":""https://www.theocc.com/clearance-and-settlement/clearing/equity-options-product-specifications"",""status"":""rule/calendar-derived, not last observed quote""}}"
AAPLL172722500.U,AAPL.O,C,225.0,2027-12-17,2027-12-17,2026-06-29,2026-09-30,2027-12-17,100,100 AAPL shares,False,research assumption,"official RIC-rule derivation, checked against available description/cache","direct historical quotation evidence, gated at each signal","rule/calendar derivation, distinct from final quote",research assumption,research assumption,"Treat ordinary AAPL OPRA calls as unadjusted standard American 100-share contracts, based on OCC specifications, ordinary identifiers, available descriptions and the corporate-action review. Not vendor-confirmed contract-by-contract historical deliverables.","[""https://www.theocc.com/clearance-and-settlement/clearing/equity-options-product-specifications"",""https://www.optionseducation.org/referencelibrary/faq/splits-mergers-spinoffs-bankruptcies"",""https://investor.apple.com/faq./default.aspx"",""https://infomemo.theocc.com/infomemos?number=47369""]",[],"{""corporate_actions"":{""apple_split_history"":""Apple public FAQ lists its last split in August 2020, before this sample."",""limitation"":""No detected conflicting corporate-action evidence; absence is not a vendor guarantee of every historical deliverable."",""provider_error"":null,""provider_events"":[],""provider_query_period"":[""2025-09-30"",""2026-09-30""],""sources"":[""https://investor.apple.com/faq./default.aspx"",""https://infomemo.theocc.com/infomemos?number=47369"",""https://www.theocc.com/clearance-and-settlement/clearing/equity-options-product-specifications"",""https://www.optionseducation.org/referencelibrary/faq/splits-mergers-spinoffs-bankruptcies""],""status"":""research screening, not a complete OCC memo search"",""unresolved_adjustment_event"":false},""current_description"":{""status"":""directly retrieved current metadata; not historical listing evidence""},""deliverable"":{""status"":""research assumption, not individually historically verified"",""value"":""100 AAPL shares""},""expiry"":{""status"":""RIC-derived; checked against source description/cache when available""},""historical_membership"":{""first"":""2026-06-29"",""last"":""2026-09-30"",""raw_sha256"":""fbab8aa5dd4374df3d407d236dabfa6870fe7bd8803fa5d92d8fbe26010043d2"",""status"":""actual historical observations; per-signal availability gating""},""identity"":{""day_convention"":""zero-padded DD, instructor correction and retained real paired tests"",""fields"":[""underlying"",""cp"",""strike"",""expiry""],""source"":""https://developers.lseg.com/en/article-catalog/article/functions-to-find-option-rics-traded-on-different-exchanges"",""status"":""derived from official RIC rules""},""multiplier"":{""status"":""research assumption; supporting current lot-size metadata when available"",""value"":100},""scheduled_last_trading_date"":{""source"":""https://www.theocc.com/clearance-and-settlement/clearing/equity-options-product-specifications"",""status"":""rule/calendar-derived, not last observed quote""}}"
AAPLL172723000.U,AAPL.O,C,230.0,2027-12-17,2027-12-17,2026-06-29,2026-09-30,2027-12-17,100,100 AAPL shares,False,research assumption,"official RIC-rule derivation, checked against available description/cache","direct historical quotation evidence, gated at each signal","rule/calendar derivation, distinct from final quote",research assumption,research assumption,"Treat ordinary AAPL OPRA calls as unadjusted standard American 100-share contracts, based on OCC specifications, ordinary identifiers, available descriptions and the corporate-action review. Not vendor-confirmed contract-by-contract historical deliverables.","[""https://www.theocc.com/clearance-and-settlement/clearing/equity-options-product-specifications"",""https://www.optionseducation.org/referencelibrary/faq/splits-mergers-spinoffs-bankruptcies"",""https://investor.apple.com/faq./default.aspx"",""https://infomemo.theocc.com/infomemos?number=47369""]",[],"{""corporate_actions"":{""apple_split_history"":""Apple public FAQ lists its last split in August 2020, before this sample."",""limitation"":""No detected conflicting corporate-action evidence; absence is not a vendor guarantee of every historical deliverable."",""provider_error"":null,""provider_events"":[],""provider_query_period"":[""2025-09-30"",""2026-09-30""],""sources"":[""https://investor.apple.com/faq./default.aspx"",""https://infomemo.theocc.com/infomemos?number=47369"",""https://www.theocc.com/clearance-and-settlement/clearing/equity-options-product-specifications"",""https://www.optionseducation.org/referencelibrary/faq/splits-mergers-spinoffs-bankruptcies""],""status"":""research screening, not a complete OCC memo search"",""unresolved_adjustment_event"":false},""current_description"":{""status"":""directly retrieved current metadata; not historical listing evidence""},""deliverable"":{""status"":""research assumption, not individually historically verified"",""value"":""100 AAPL shares""},""expiry"":{""status"":""RIC-derived; checked against source description/cache when available""},""historical_membership"":{""first"":""2026-06-29"",""last"":""2026-09-30"",""raw_sha256"":""df395329e05c7c1069cf11649ecb9c97dae36c57ffe23355624a3758af20affc"",""status"":""actual historical observations; per-signal availability gating""},""identity"":{""day_convention"":""zero-padded DD, instructor correction and retained real paired tests"",""fields"":[""underlying"",""cp"",""strike"",""expiry""],""source"":""https://developers.lseg.com/en/article-catalog/article/functions-to-find-option-rics-traded-on-different-exchanges"",""status"":""derived from official RIC rules""},""multiplier"":{""status"":""research assumption; supporting current lot-size metadata when available"",""value"":100},""scheduled_last_trading_date"":{""source"":""https://www.theocc.com/clearance-and-settlement/clearing/equity-options-product-specifications"",""status"":""rule/calendar-derived, not last observed quote""}}"
AAPLL172723500.U,AAPL.O,C,235.0,2027-12-17,2027-12-17,2026-06-29,2026-09-30,2027-12-17,100,100 AAPL shares,False,research assumption,"official RIC-rule derivation, checked against available description/cache","direct historical quotation evidence, gated at each signal","rule/calendar derivation, distinct from final quote",research assumption,research assumption,"Treat ordinary AAPL OPRA calls as unadjusted standard American 100-share contracts, based on OCC specifications, ordinary identifiers, available descriptions and the corporate-action review. Not vendor-confirmed contract-by-contract historical deliverables.","[""https://www.theocc.com/clearance-and-settlement/clearing/equity-options-product-specifications"",""https://www.optionseducation.org/referencelibrary/faq/splits-mergers-spinoffs-bankruptcies"",""https://investor.apple.com/faq./default.aspx"",""https://infomemo.theocc.com/infomemos?number=47369""]",[],"{""corporate_actions"":{""apple_split_history"":""Apple public FAQ lists its last split in August 2020, before this sample."",""limitation"":""No detected conflicting corporate-action evidence; absence is not a vendor guarantee of every historical deliverable."",""provider_error"":null,""provider_events"":[],""provider_query_period"":[""2025-09-30"",""2026-09-30""],""sources"":[""https://investor.apple.com/faq./default.aspx"",""https://infomemo.theocc.com/infomemos?number=47369"",""https://www.theocc.com/clearance-and-settlement/clearing/equity-options-product-specifications"",""https://www.optionseducation.org/referencelibrary/faq/splits-mergers-spinoffs-bankruptcies""],""status"":""research screening, not a complete OCC memo search"",""unresolved_adjustment_event"":false},""current_description"":{""status"":""directly retrieved current metadata; not historical listing evidence""},""deliverable"":{""status"":""research assumption, not individually historically verified"",""value"":""100 AAPL shares""},""expiry"":{""status"":""RIC-derived; checked against source description/cache when available""},""historical_membership"":{""first"":""2026-06-29"",""last"":""2026-09-30"",""raw_sha256"":""d4cb3e7bb0b7ff539fcc72d233ec284c9027e2f6dbd6a680fbd6e2fd88e985f7"",""status"":""actual historical observations; per-signal availability gating""},""identity"":{""day_convention"":""zero-padded DD, instructor correction and retained real paired tests"",""fields"":[""underlying"",""cp"",""strike"",""expiry""],""source"":""https://developers.lseg.com/en/article-catalog/article/functions-to-find-option-rics-traded-on-different-exchanges"",""status"":""derived from official RIC rules""},""multiplier"":{""status"":""research assumption; supporting current lot-size metadata when available"",""value"":100},""scheduled_last_trading_date"":{""source"":""https://www.theocc.com/clearance-and-settlement/clearing/equity-options-product-specifications"",""status"":""rule/calendar-derived, not last observed quote""}}"
AAPLL172724000.U,AAPL.O,C,240.0,2027-12-17,2027-12-17,2026-06-29,2026-09-30,2027-12-17,100,100 AAPL shares,False,research assumption,"official RIC-rule derivation, checked against available description/cache","direct historical quotation evidence, gated at each signal","rule/calendar derivation, distinct from final quote",research assumption,research assumption,"Treat ordinary AAPL OPRA calls as unadjusted standard American 100-share contracts, based on OCC specifications, ordinary identifiers, available descriptions and the corporate-action review. Not vendor-confirmed contract-by-contract historical deliverables.","[""https://www.theocc.com/clearance-and-settlement/clearing/equity-options-product-specifications"",""https://www.optionseducation.org/referencelibrary/faq/splits-mergers-spinoffs-bankruptcies"",""https://investor.apple.com/faq./default.aspx"",""https://infomemo.theocc.com/infomemos?number=47369""]",[],"{""corporate_actions"":{""apple_split_history"":""Apple public FAQ lists its last split in August 2020, before this sample."",""limitation"":""No detected conflicting corporate-action evidence; absence is not a vendor guarantee of every historical deliverable."",""provider_error"":null,""provider_events"":[],""provider_query_period"":[""2025-09-30"",""2026-09-30""],""sources"":[""https://investor.apple.com/faq./default.aspx"",""https://infomemo.theocc.com/infomemos?number=47369"",""https://www.theocc.com/clearance-and-settlement/clearing/equity-options-product-specifications"",""https://www.optionseducation.org/referencelibrary/faq/splits-mergers-spinoffs-bankruptcies""],""status"":""research screening, not a complete OCC memo search"",""unresolved_adjustment_event"":false},""current_description"":{""status"":""directly retrieved current metadata; not historical listing evidence""},""deliverable"":{""status"":""research assumption, not individually historically verified"",""value"":""100 AAPL shares""},""expiry"":{""status"":""RIC-derived; checked against source description/cache when available""},""historical_membership"":{""first"":""2026-06-29"",""last"":""2026-09-30"",""raw_sha256"":""da7d8f3b4eaf1f4f23942ff8ad75d8e7dcdcf4fdae0404c2eefd149b849a1b8e"",""status"":""actual historical observations; per-signal availability gating""},""identity"":{""day_convention"":""zero-padded DD, instructor correction and retained real paired tests"",""fields"":[""underlying"",""cp"",""strike"",""expiry""],""source"":""https://developers.lseg.com/en/article-catalog/article/functions-to-find-option-rics-traded-on-different-exchanges"",""status"":""derived from official RIC rules""},""multiplier"":{""status"":""research assumption; supporting current lot-size metadata when available"",""value"":100},""scheduled_last_trading_date"":{""source"":""https://www.theocc.com/clearance-and-settlement/clearing/equity-options-product-specifications"",""status"":""rule/calendar-derived, not last observed quote""}}"
AAPLL172724500.U,AAPL.O,C,245.0,2027-12-17,2027-12-17,2026-06-29,2026-09-30,2027-12-17,100,100 AAPL shares,False,research assumption,"official RIC-rule derivation, checked against available description/cache","direct historical quotation evidence, gated at each signal","rule/calendar derivation, distinct from final quote",research assumption,research assumption,"Treat ordinary AAPL OPRA calls as unadjusted standard American 100-share contracts, based on OCC specifications, ordinary identifiers, available descriptions and the corporate-action review. Not vendor-confirmed contract-by-contract historical deliverables.","[""https://www.theocc.com/clearance-and-settlement/clearing/equity-options-product-specifications"",""https://www.optionseducation.org/referencelibrary/faq/splits-mergers-spinoffs-bankruptcies"",""https://investor.apple.com/faq./default.aspx"",""https://infomemo.theocc.com/infomemos?number=47369""]",[],"{""corporate_actions"":{""apple_split_history"":""Apple public FAQ lists its last split in August 2020, before this sample."",""limitation"":""No detected conflicting corporate-action evidence; absence is not a vendor guarantee of every historical deliverable."",""provider_error"":null,""provider_events"":[],""provider_query_period"":[""2025-09-30"",""2026-09-30""],""sources"":[""https://investor.apple.com/faq./default.aspx"",""https://infomemo.theocc.com/infomemos?number=47369"",""https://www.theocc.com/clearance-and-settlement/clearing/equity-options-product-specifications"",""https://www.optionseducation.org/referencelibrary/faq/splits-mergers-spinoffs-bankruptcies""],""status"":""research screening, not a complete OCC memo search"",""unresolved_adjustment_event"":false},""current_description"":{""status"":""directly retrieved current metadata; not historical listing evidence""},""deliverable"":{""status"":""research assumption, not individually historically verified"",""value"":""100 AAPL shares""},""expiry"":{""status"":""RIC-derived; checked against source description/cache when available""},""historical_membership"":{""first"":""2026-06-29"",""last"":""2026-09-30"",""raw_sha256"":""c7775f37021c5e2c682f7ee54a8b64a4cc8ef03fb5b3943610b50fa5c480ed50"",""status"":""actual historical observations; per-signal availability gating""},""identity"":{""day_convention"":""zero-padded DD, instructor correction and retained real paired tests"",""fields"":[""underlying"",""cp"",""strike"",""expiry""],""source"":""https://developers.lseg.com/en/article-catalog/article/functions-to-find-option-rics-traded-on-different-exchanges"",""status"":""derived from official RIC rules""},""multiplier"":{""status"":""research assumption; supporting current lot-size metadata when available"",""value"":100},""scheduled_last_trading_date"":{""source"":""https://www.theocc.com/clearance-and-settlement/clearing/equity-options-product-specifications"",""status"":""rule/calendar-derived, not last observed quote""}}"
AAPLL172725000.U,AAPL.O,C,250.0,2027-12-17,2027-12-17,2026-06-29,2026-09-30,2027-12-17,100,100 AAPL shares,False,research assumption,"official RIC-rule derivation, checked against available description/cache","direct historical quotation evidence, gated at each signal","rule/calendar derivation, distinct from final quote",research assumption,research assumption,"Treat ordinary AAPL OPRA calls as unadjusted standard American 100-share contracts, based on OCC specifications, ordinary identifiers, available descriptions and the corporate-action review. Not vendor-confirmed contract-by-contract historical deliverables.","[""https://www.theocc.com/clearance-and-settlement/clearing/equity-options-product-specifications"",""https://www.optionseducation.org/referencelibrary/faq/splits-mergers-spinoffs-bankruptcies"",""https://investor.apple.com/faq./default.aspx"",""https://infomemo.theocc.com/infomemos?number=47369""]",[],"{""corporate_actions"":{""apple_split_history"":""Apple public FAQ lists its last split in August 2020, before this sample."",""limitation"":""No detected conflicting corporate-action evidence; absence is not a vendor guarantee of every historical deliverable."",""provider_error"":null,""provider_events"":[],""provider_query_period"":[""2025-09-30"",""2026-09-30""],""sources"":[""https://investor.apple.com/faq./default.aspx"",""https://infomemo.theocc.com/infomemos?number=47369"",""https://www.theocc.com/clearance-and-settlement/clearing/equity-options-product-specifications"",""https://www.optionseducation.org/referencelibrary/faq/splits-mergers-spinoffs-bankruptcies""],""status"":""research screening, not a complete OCC memo search"",""unresolved_adjustment_event"":false},""current_description"":{""status"":""directly retrieved current metadata; not historical listing evidence""},""deliverable"":{""status"":""research assumption, not individually historically verified"",""value"":""100 AAPL shares""},""expiry"":{""status"":""RIC-derived; checked against source description/cache when available""},""historical_membership"":{""first"":""2026-06-29"",""last"":""2026-09-30"",""raw_sha256"":""6cd8b31f4a29b0fde98ba1c5bbf3fdc2bec516ace29599dbe62e7d9f12c61aaa"",""status"":""actual historical observations; per-signal availability gating""},""identity"":{""day_convention"":""zero-padded DD, instructor correction and retained real paired tests"",""fields"":[""underlying"",""cp"",""strike"",""expiry""],""source"":""https://developers.lseg.com/en/article-catalog/article/functions-to-find-option-rics-traded-on-different-exchanges"",""status"":""derived from official RIC rules""},""multiplier"":{""status"":""research assumption; supporting current lot-size metadata when available"",""value"":100},""scheduled_last_trading_date"":{""source"":""https://www.theocc.com/clearance-and-settlement/clearing/equity-options-product-specifications"",""status"":""rule/calendar-derived, not last observed quote""}}"
AAPLL172725500.U,AAPL.O,C,255.0,2027-12-17,2027-12-17,2026-06-29,2026-09-30,2027-12-17,100,100 AAPL shares,False,research assumption,"official RIC-rule derivation, checked against available description/cache","direct historical quotation evidence, gated at each signal","rule/calendar derivation, distinct from final quote",research assumption,research assumption,"Treat ordinary AAPL OPRA calls as unadjusted standard American 100-share contracts, based on OCC specifications, ordinary identifiers, available descriptions and the corporate-action review. Not vendor-confirmed contract-by-contract historical deliverables.","[""https://www.theocc.com/clearance-and-settlement/clearing/equity-options-product-specifications"",""https://www.optionseducation.org/referencelibrary/faq/splits-mergers-spinoffs-bankruptcies"",""https://investor.apple.com/faq./default.aspx"",""https://infomemo.theocc.com/infomemos?number=47369""]",[],"{""corporate_actions"":{""apple_split_history"":""Apple public FAQ lists its last split in August 2020, before this sample."",""limitation"":""No detected conflicting corporate-action evidence; absence is not a vendor guarantee of every historical deliverable."",""provider_error"":null,""provider_events"":[],""provider_query_period"":[""2025-09-30"",""2026-09-30""],""sources"":[""https://investor.apple.com/faq./default.aspx"",""https://infomemo.theocc.com/infomemos?number=47369"",""https://www.theocc.com/clearance-and-settlement/clearing/equity-options-product-specifications"",""https://www.optionseducation.org/referencelibrary/faq/splits-mergers-spinoffs-bankruptcies""],""status"":""research screening, not a complete OCC memo search"",""unresolved_adjustment_event"":false},""current_description"":{""status"":""directly retrieved current metadata; not historical listing evidence""},""deliverable"":{""status"":""research assumption, not individually historically verified"",""value"":""100 AAPL shares""},""expiry"":{""status"":""RIC-derived; checked against source description/cache when available""},""historical_membership"":{""first"":""2026-06-29"",""last"":""2026-09-30"",""raw_sha256"":""78cc8a903bb79eefa42861b2fc8a11fdd4b4e49879d8051621f56c04231e80f4"",""status"":""actual historical observations; per-signal availability gating""},""identity"":{""day_convention"":""zero-padded DD, instructor correction and retained real paired tests"",""fields"":[""underlying"",""cp"",""strike"",""expiry""],""source"":""https://developers.lseg.com/en/article-catalog/article/functions-to-find-option-rics-traded-on-different-exchanges"",""status"":""derived from official RIC rules""},""multiplier"":{""status"":""research assumption; supporting current lot-size metadata when available"",""value"":100},""scheduled_last_trading_date"":{""source"":""https://www.theocc.com/clearance-and-settlement/clearing/equity-options-product-specifications"",""status"":""rule/calendar-derived, not last observed quote""}}"
